# Blender 4.3.0
# www.blender.org
mtllib ee.mtl
o Texto
v 5.155942 0.090000 -0.412910
v 5.156967 0.090000 -0.075820
v 5.155819 0.090000 -0.062049
v 5.152376 0.090000 -0.049426
v 5.146638 0.090000 -0.037951
v 5.138606 0.090000 -0.027623
v 5.128278 0.090000 -0.018443
v 5.118319 0.090000 -0.011434
v 5.108114 0.090000 -0.005984
v 5.097663 0.090000 -0.002090
v 5.086967 0.090000 0.000246
v 5.076024 0.090000 0.001025
v 4.769671 0.090000 0.001025
v 4.758729 0.090000 0.000246
v 4.748032 0.090000 -0.002090
v 4.737581 0.090000 -0.005984
v 4.727376 0.090000 -0.011434
v 4.717418 0.090000 -0.018443
v 4.707090 0.090000 -0.027623
v 4.699057 0.090000 -0.037951
v 4.693319 0.090000 -0.049426
v 4.689877 0.090000 -0.062049
v 4.688729 0.090000 -0.075820
v 4.689754 0.090000 -0.412910
v 4.872131 0.090000 -0.412910
v 4.872131 0.090000 -0.449795
v 4.973565 0.090000 -0.460041
v 4.972540 0.090000 -0.412910
v 4.800409 0.090000 -0.073770
v 5.044262 0.090000 -0.073770
v 5.044262 0.090000 -0.338115
v 4.800409 0.090000 -0.338115
v 4.445081 0.090000 -0.408811
v 4.556762 0.090000 -0.408811
v 4.555737 0.090000 0.000000
v 4.445081 0.090000 0.000000
v 4.333606 0.090000 -0.077869
v 4.339754 0.090000 -0.007172
v 4.316761 0.090000 -0.003852
v 4.294508 0.090000 -0.001270
v 4.272991 0.090000 0.000574
v 4.252213 0.090000 0.001680
v 4.232172 0.090000 0.002049
v 4.151147 0.090000 -0.005000
v 4.088401 0.090000 -0.026148
v 4.043933 0.090000 -0.061393
v 4.017745 0.090000 -0.110738
v 4.009835 0.090000 -0.174180
v 3.961680 0.090000 -0.174180
v 3.961680 0.090000 0.000000
v 3.849999 0.090000 0.000000
v 3.849999 0.090000 -0.408811
v 4.336680 0.090000 -0.408811
v 4.337704 0.090000 -0.251025
v 4.336926 0.090000 -0.237582
v 4.333770 0.090000 -0.225123
v 4.328237 0.090000 -0.213648
v 4.320327 0.090000 -0.203156
v 4.310040 0.090000 -0.193648
v 4.300040 0.090000 -0.186639
v 4.289712 0.090000 -0.181189
v 4.279057 0.090000 -0.177295
v 4.268073 0.090000 -0.174959
v 4.256762 0.090000 -0.174180
v 4.122540 0.090000 -0.174180
v 4.127950 0.090000 -0.137664
v 4.144180 0.090000 -0.109262
v 4.171229 0.090000 -0.088975
v 4.209098 0.090000 -0.076803
v 4.257786 0.090000 -0.072746
v 4.269671 0.090000 -0.072951
v 4.283196 0.090000 -0.073566
v 4.298360 0.090000 -0.074590
v 4.315163 0.090000 -0.076025
v 3.961680 0.090000 -0.259221
v 4.226024 0.090000 -0.259221
v 4.226024 0.090000 -0.334016
v 3.961680 0.090000 -0.334016
v 3.733401 0.090000 -0.254098
v 3.733401 0.090000 0.000000
v 3.326639 0.090000 -0.002049
v 3.315696 0.090000 -0.002828
v 3.305000 0.090000 -0.005164
v 3.294549 0.090000 -0.009057
v 3.284344 0.090000 -0.014508
v 3.274385 0.090000 -0.021516
v 3.264057 0.090000 -0.031025
v 3.256024 0.090000 -0.041516
v 3.250286 0.090000 -0.052992
v 3.246844 0.090000 -0.065451
v 3.245696 0.090000 -0.078893
v 3.246721 0.090000 -0.254098
v 3.620696 0.090000 -0.254098
v 3.615245 0.090000 -0.290615
v 3.598893 0.090000 -0.319016
v 3.571639 0.090000 -0.339303
v 3.533483 0.090000 -0.351475
v 3.484426 0.090000 -0.355533
v 3.458688 0.090000 -0.354795
v 3.428196 0.090000 -0.352582
v 3.392950 0.090000 -0.348893
v 3.352950 0.090000 -0.343729
v 3.308196 0.090000 -0.337090
v 3.275409 0.090000 -0.412910
v 3.320450 0.090000 -0.424344
v 3.363770 0.090000 -0.433238
v 3.405368 0.090000 -0.439590
v 3.445245 0.090000 -0.443402
v 3.483401 0.090000 -0.444672
v 3.528463 0.090000 -0.442684
v 3.569385 0.090000 -0.436721
v 3.606168 0.090000 -0.426783
v 3.638811 0.090000 -0.412869
v 3.667315 0.090000 -0.394979
v 3.691106 0.090000 -0.373443
v 3.709610 0.090000 -0.348586
v 3.722827 0.090000 -0.320410
v 3.730758 0.090000 -0.288914
v 3.358401 0.090000 -0.087090
v 3.621721 0.090000 -0.087090
v 3.621721 0.090000 -0.179303
v 3.358401 0.090000 -0.179303
v 3.060450 0.090000 -0.449795
v 3.161885 0.090000 -0.460041
v 3.161885 0.090000 -0.335041
v 2.965163 0.090000 -0.335041
v 2.965163 0.090000 0.000000
v 2.852458 0.090000 0.000000
v 2.852458 0.090000 -0.334016
v 2.678278 0.090000 -0.334016
v 2.674180 0.090000 -0.408811
v 3.060450 0.090000 -0.408811
v 2.566803 0.090000 0.000000
v 2.571926 0.090000 0.061475
v 2.557500 0.090000 0.064057
v 2.543729 0.090000 0.066066
v 2.530614 0.090000 0.067500
v 2.518155 0.090000 0.068361
v 2.506352 0.090000 0.068648
v 2.474631 0.090000 0.066066
v 2.443401 0.090000 0.058320
v 2.412664 0.090000 0.045410
v 2.382418 0.090000 0.027336
v 2.352664 0.090000 0.004098
v 2.318115 0.090000 -0.029590
v 2.280860 0.090000 -0.072459
v 2.240901 0.090000 -0.124508
v 2.198237 0.090000 -0.185738
v 2.152869 0.090000 -0.256148
v 2.152869 0.090000 -0.004098
v 2.041188 0.090000 0.006148
v 2.041188 0.090000 -0.349385
v 2.031762 0.090000 -0.350615
v 2.022336 0.090000 -0.351844
v 2.012910 0.090000 -0.353074
v 2.003484 0.090000 -0.354303
v 1.994057 0.090000 -0.355533
v 1.985573 0.090000 -0.360041
v 1.978975 0.090000 -0.366188
v 1.974262 0.090000 -0.373975
v 1.971434 0.090000 -0.383402
v 1.970492 0.090000 -0.394467
v 1.970492 0.090000 -0.412910
v 2.165164 0.090000 -0.412910
v 2.212049 0.090000 -0.331434
v 2.261721 0.090000 -0.252582
v 2.314180 0.090000 -0.176352
v 2.369426 0.090000 -0.102746
v 2.427459 0.090000 -0.031762
v 2.427459 0.090000 -0.412910
v 2.527869 0.090000 -0.412910
v 2.527869 0.090000 0.004098
v 2.533155 0.090000 0.005164
v 2.537541 0.090000 0.005902
v 2.541024 0.090000 0.006311
v 2.543606 0.090000 0.006393
v 2.545287 0.090000 0.006148
v 2.551393 0.090000 0.004262
v 2.556598 0.090000 0.002705
v 2.560901 0.090000 0.001475
v 2.564303 0.090000 0.000574
v 1.936885 0.090000 -0.260246
v 1.936885 0.090000 -0.252049
v 1.935738 0.090000 -0.238238
v 1.932295 0.090000 -0.225492
v 1.926557 0.090000 -0.213811
v 1.918525 0.090000 -0.203197
v 1.908197 0.090000 -0.193648
v 1.898238 0.090000 -0.187008
v 1.888033 0.090000 -0.181844
v 1.877582 0.090000 -0.178156
v 1.866885 0.090000 -0.175943
v 1.855942 0.090000 -0.175205
v 1.593647 0.090000 -0.175205
v 1.593647 0.090000 -0.074795
v 1.928688 0.090000 -0.074795
v 1.906147 0.090000 0.000000
v 1.562910 0.090000 0.000000
v 1.551967 0.090000 -0.000779
v 1.541270 0.090000 -0.003115
v 1.530820 0.090000 -0.007008
v 1.520615 0.090000 -0.012459
v 1.510656 0.090000 -0.019467
v 1.500328 0.090000 -0.028648
v 1.492295 0.090000 -0.038975
v 1.486557 0.090000 -0.050451
v 1.483115 0.090000 -0.063074
v 1.481967 0.090000 -0.076844
v 1.481967 0.090000 -0.408811
v 1.827254 0.090000 -0.408811
v 1.827254 0.090000 -0.449795
v 1.928688 0.090000 -0.460041
v 1.928688 0.090000 -0.335041
v 1.593647 0.090000 -0.334016
v 1.593647 0.090000 -0.260246
v 0.981066 0.090000 -0.334508
v 0.999262 0.090000 -0.266721
v 1.029590 0.090000 -0.202377
v 1.072049 0.090000 -0.141475
v 1.126639 0.090000 -0.084016
v 1.177131 0.090000 -0.141844
v 1.216311 0.090000 -0.203033
v 1.244180 0.090000 -0.267582
v 1.260738 0.090000 -0.335492
v 1.265984 0.090000 -0.406762
v 1.379713 0.090000 -0.406762
v 1.374631 0.090000 -0.336516
v 1.359385 0.090000 -0.268402
v 1.333975 0.090000 -0.202418
v 1.298402 0.090000 -0.138566
v 1.252664 0.090000 -0.076844
v 1.230902 0.090000 -0.051885
v 1.207418 0.090000 -0.027828
v 1.182213 0.090000 -0.004672
v 1.155287 0.090000 0.017582
v 1.126639 0.090000 0.038934
v 1.096393 0.090000 0.018730
v 1.067951 0.090000 -0.002541
v 1.041311 0.090000 -0.024877
v 1.016475 0.090000 -0.048279
v 0.993443 0.090000 -0.072746
v 0.945123 0.090000 -0.133279
v 0.907541 0.090000 -0.196844
v 0.880697 0.090000 -0.263443
v 0.864590 0.090000 -0.333074
v 0.859221 0.090000 -0.405738
v 0.975000 0.090000 -0.405738
v 0.752869 0.090000 0.000000
v 0.757992 0.090000 0.061475
v 0.743566 0.090000 0.064057
v 0.729795 0.090000 0.066066
v 0.716680 0.090000 0.067500
v 0.704221 0.090000 0.068361
v 0.692418 0.090000 0.068648
v 0.660697 0.090000 0.066066
v 0.629467 0.090000 0.058320
v 0.598730 0.090000 0.045410
v 0.568484 0.090000 0.027336
v 0.538729 0.090000 0.004098
v 0.504180 0.090000 -0.029590
v 0.466926 0.090000 -0.072459
v 0.426967 0.090000 -0.124508
v 0.384303 0.090000 -0.185738
v 0.338934 0.090000 -0.256148
v 0.338934 0.090000 -0.004098
v 0.227254 0.090000 0.006148
v 0.227254 0.090000 -0.349385
v 0.217828 0.090000 -0.350615
v 0.208402 0.090000 -0.351844
v 0.198975 0.090000 -0.353074
v 0.189549 0.090000 -0.354303
v 0.180123 0.090000 -0.355533
v 0.171639 0.090000 -0.360041
v 0.165041 0.090000 -0.366188
v 0.160328 0.090000 -0.373975
v 0.157500 0.090000 -0.383402
v 0.156557 0.090000 -0.394467
v 0.156557 0.090000 -0.412910
v 0.351230 0.090000 -0.412910
v 0.398115 0.090000 -0.331434
v 0.447787 0.090000 -0.252582
v 0.500246 0.090000 -0.176352
v 0.555492 0.090000 -0.102746
v 0.613525 0.090000 -0.031762
v 0.613525 0.090000 -0.412910
v 0.713934 0.090000 -0.412910
v 0.713934 0.090000 0.004098
v 0.719221 0.090000 0.005164
v 0.723607 0.090000 0.005902
v 0.727090 0.090000 0.006311
v 0.729672 0.090000 0.006393
v 0.731352 0.090000 0.006148
v 0.737459 0.090000 0.004262
v 0.742664 0.090000 0.002705
v 0.746967 0.090000 0.001475
v 0.750369 0.090000 0.000574
v 0.000000 0.090000 -0.411885
v 0.111680 0.090000 -0.411885
v 0.110656 0.090000 0.000000
v 0.000000 0.090000 0.000000
v 5.155942 -0.090000 -0.412910
v 5.156967 -0.090000 -0.075820
v 5.155819 -0.090000 -0.062049
v 5.152376 -0.090000 -0.049426
v 5.146638 -0.090000 -0.037951
v 5.138606 -0.090000 -0.027623
v 5.128278 -0.090000 -0.018443
v 5.118319 -0.090000 -0.011434
v 5.108114 -0.090000 -0.005984
v 5.097663 -0.090000 -0.002090
v 5.086967 -0.090000 0.000246
v 5.076024 -0.090000 0.001025
v 4.769671 -0.090000 0.001025
v 4.758729 -0.090000 0.000246
v 4.748032 -0.090000 -0.002090
v 4.737581 -0.090000 -0.005984
v 4.727376 -0.090000 -0.011434
v 4.717418 -0.090000 -0.018443
v 4.707090 -0.090000 -0.027623
v 4.699057 -0.090000 -0.037951
v 4.693319 -0.090000 -0.049426
v 4.689877 -0.090000 -0.062049
v 4.688729 -0.090000 -0.075820
v 4.689754 -0.090000 -0.412910
v 4.872131 -0.090000 -0.412910
v 4.872131 -0.090000 -0.449795
v 4.973565 -0.090000 -0.460041
v 4.972540 -0.090000 -0.412910
v 4.800409 -0.090000 -0.073770
v 5.044262 -0.090000 -0.073770
v 5.044262 -0.090000 -0.338115
v 4.800409 -0.090000 -0.338115
v 4.445081 -0.090000 -0.408811
v 4.556762 -0.090000 -0.408811
v 4.555737 -0.090000 0.000000
v 4.445081 -0.090000 0.000000
v 4.333606 -0.090000 -0.077869
v 4.339754 -0.090000 -0.007172
v 4.316761 -0.090000 -0.003852
v 4.294508 -0.090000 -0.001270
v 4.272991 -0.090000 0.000574
v 4.252213 -0.090000 0.001680
v 4.232172 -0.090000 0.002049
v 4.151147 -0.090000 -0.005000
v 4.088401 -0.090000 -0.026148
v 4.043933 -0.090000 -0.061393
v 4.017745 -0.090000 -0.110738
v 4.009835 -0.090000 -0.174180
v 3.961680 -0.090000 -0.174180
v 3.961680 -0.090000 0.000000
v 3.849999 -0.090000 0.000000
v 3.849999 -0.090000 -0.408811
v 4.336680 -0.090000 -0.408811
v 4.337704 -0.090000 -0.251025
v 4.336926 -0.090000 -0.237582
v 4.333770 -0.090000 -0.225123
v 4.328237 -0.090000 -0.213648
v 4.320327 -0.090000 -0.203156
v 4.310040 -0.090000 -0.193648
v 4.300040 -0.090000 -0.186639
v 4.289712 -0.090000 -0.181189
v 4.279057 -0.090000 -0.177295
v 4.268073 -0.090000 -0.174959
v 4.256762 -0.090000 -0.174180
v 4.122540 -0.090000 -0.174180
v 4.127950 -0.090000 -0.137664
v 4.144180 -0.090000 -0.109262
v 4.171229 -0.090000 -0.088975
v 4.209098 -0.090000 -0.076803
v 4.257786 -0.090000 -0.072746
v 4.269671 -0.090000 -0.072951
v 4.283196 -0.090000 -0.073566
v 4.298360 -0.090000 -0.074590
v 4.315163 -0.090000 -0.076025
v 3.961680 -0.090000 -0.259221
v 4.226024 -0.090000 -0.259221
v 4.226024 -0.090000 -0.334016
v 3.961680 -0.090000 -0.334016
v 3.733401 -0.090000 -0.254098
v 3.733401 -0.090000 0.000000
v 3.326639 -0.090000 -0.002049
v 3.315696 -0.090000 -0.002828
v 3.305000 -0.090000 -0.005164
v 3.294549 -0.090000 -0.009057
v 3.284344 -0.090000 -0.014508
v 3.274385 -0.090000 -0.021516
v 3.264057 -0.090000 -0.031025
v 3.256024 -0.090000 -0.041516
v 3.250286 -0.090000 -0.052992
v 3.246844 -0.090000 -0.065451
v 3.245696 -0.090000 -0.078893
v 3.246721 -0.090000 -0.254098
v 3.620696 -0.090000 -0.254098
v 3.615245 -0.090000 -0.290615
v 3.598893 -0.090000 -0.319016
v 3.571639 -0.090000 -0.339303
v 3.533483 -0.090000 -0.351475
v 3.484426 -0.090000 -0.355533
v 3.458688 -0.090000 -0.354795
v 3.428196 -0.090000 -0.352582
v 3.392950 -0.090000 -0.348893
v 3.352950 -0.090000 -0.343729
v 3.308196 -0.090000 -0.337090
v 3.275409 -0.090000 -0.412910
v 3.320450 -0.090000 -0.424344
v 3.363770 -0.090000 -0.433238
v 3.405368 -0.090000 -0.439590
v 3.445245 -0.090000 -0.443402
v 3.483401 -0.090000 -0.444672
v 3.528463 -0.090000 -0.442684
v 3.569385 -0.090000 -0.436721
v 3.606168 -0.090000 -0.426783
v 3.638811 -0.090000 -0.412869
v 3.667315 -0.090000 -0.394979
v 3.691106 -0.090000 -0.373443
v 3.709610 -0.090000 -0.348586
v 3.722827 -0.090000 -0.320410
v 3.730758 -0.090000 -0.288914
v 3.358401 -0.090000 -0.087090
v 3.621721 -0.090000 -0.087090
v 3.621721 -0.090000 -0.179303
v 3.358401 -0.090000 -0.179303
v 3.060450 -0.090000 -0.449795
v 3.161885 -0.090000 -0.460041
v 3.161885 -0.090000 -0.335041
v 2.965163 -0.090000 -0.335041
v 2.965163 -0.090000 0.000000
v 2.852458 -0.090000 0.000000
v 2.852458 -0.090000 -0.334016
v 2.678278 -0.090000 -0.334016
v 2.674180 -0.090000 -0.408811
v 3.060450 -0.090000 -0.408811
v 2.566803 -0.090000 0.000000
v 2.571926 -0.090000 0.061475
v 2.557500 -0.090000 0.064057
v 2.543729 -0.090000 0.066066
v 2.530614 -0.090000 0.067500
v 2.518155 -0.090000 0.068361
v 2.506352 -0.090000 0.068648
v 2.474631 -0.090000 0.066066
v 2.443401 -0.090000 0.058320
v 2.412664 -0.090000 0.045410
v 2.382418 -0.090000 0.027336
v 2.352664 -0.090000 0.004098
v 2.318115 -0.090000 -0.029590
v 2.280860 -0.090000 -0.072459
v 2.240901 -0.090000 -0.124508
v 2.198237 -0.090000 -0.185738
v 2.152869 -0.090000 -0.256148
v 2.152869 -0.090000 -0.004098
v 2.041188 -0.090000 0.006148
v 2.041188 -0.090000 -0.349385
v 2.031762 -0.090000 -0.350615
v 2.022336 -0.090000 -0.351844
v 2.012910 -0.090000 -0.353074
v 2.003484 -0.090000 -0.354303
v 1.994057 -0.090000 -0.355533
v 1.985573 -0.090000 -0.360041
v 1.978975 -0.090000 -0.366188
v 1.974262 -0.090000 -0.373975
v 1.971434 -0.090000 -0.383402
v 1.970492 -0.090000 -0.394467
v 1.970492 -0.090000 -0.412910
v 2.165164 -0.090000 -0.412910
v 2.212049 -0.090000 -0.331434
v 2.261721 -0.090000 -0.252582
v 2.314180 -0.090000 -0.176352
v 2.369426 -0.090000 -0.102746
v 2.427459 -0.090000 -0.031762
v 2.427459 -0.090000 -0.412910
v 2.527869 -0.090000 -0.412910
v 2.527869 -0.090000 0.004098
v 2.533155 -0.090000 0.005164
v 2.537541 -0.090000 0.005902
v 2.541024 -0.090000 0.006311
v 2.543606 -0.090000 0.006393
v 2.545287 -0.090000 0.006148
v 2.551393 -0.090000 0.004262
v 2.556598 -0.090000 0.002705
v 2.560901 -0.090000 0.001475
v 2.564303 -0.090000 0.000574
v 1.936885 -0.090000 -0.260246
v 1.936885 -0.090000 -0.252049
v 1.935738 -0.090000 -0.238238
v 1.932295 -0.090000 -0.225492
v 1.926557 -0.090000 -0.213811
v 1.918525 -0.090000 -0.203197
v 1.908197 -0.090000 -0.193648
v 1.898238 -0.090000 -0.187008
v 1.888033 -0.090000 -0.181844
v 1.877582 -0.090000 -0.178156
v 1.866885 -0.090000 -0.175943
v 1.855942 -0.090000 -0.175205
v 1.593647 -0.090000 -0.175205
v 1.593647 -0.090000 -0.074795
v 1.928688 -0.090000 -0.074795
v 1.906147 -0.090000 0.000000
v 1.562910 -0.090000 0.000000
v 1.551967 -0.090000 -0.000779
v 1.541270 -0.090000 -0.003115
v 1.530820 -0.090000 -0.007008
v 1.520615 -0.090000 -0.012459
v 1.510656 -0.090000 -0.019467
v 1.500328 -0.090000 -0.028648
v 1.492295 -0.090000 -0.038975
v 1.486557 -0.090000 -0.050451
v 1.483115 -0.090000 -0.063074
v 1.481967 -0.090000 -0.076844
v 1.481967 -0.090000 -0.408811
v 1.827254 -0.090000 -0.408811
v 1.827254 -0.090000 -0.449795
v 1.928688 -0.090000 -0.460041
v 1.928688 -0.090000 -0.335041
v 1.593647 -0.090000 -0.334016
v 1.593647 -0.090000 -0.260246
v 0.981066 -0.090000 -0.334508
v 0.999262 -0.090000 -0.266721
v 1.029590 -0.090000 -0.202377
v 1.072049 -0.090000 -0.141475
v 1.126639 -0.090000 -0.084016
v 1.177131 -0.090000 -0.141844
v 1.216311 -0.090000 -0.203033
v 1.244180 -0.090000 -0.267582
v 1.260738 -0.090000 -0.335492
v 1.265984 -0.090000 -0.406762
v 1.379713 -0.090000 -0.406762
v 1.374631 -0.090000 -0.336516
v 1.359385 -0.090000 -0.268402
v 1.333975 -0.090000 -0.202418
v 1.298402 -0.090000 -0.138566
v 1.252664 -0.090000 -0.076844
v 1.230902 -0.090000 -0.051885
v 1.207418 -0.090000 -0.027828
v 1.182213 -0.090000 -0.004672
v 1.155287 -0.090000 0.017582
v 1.126639 -0.090000 0.038934
v 1.096393 -0.090000 0.018730
v 1.067951 -0.090000 -0.002541
v 1.041311 -0.090000 -0.024877
v 1.016475 -0.090000 -0.048279
v 0.993443 -0.090000 -0.072746
v 0.945123 -0.090000 -0.133279
v 0.907541 -0.090000 -0.196844
v 0.880697 -0.090000 -0.263443
v 0.864590 -0.090000 -0.333074
v 0.859221 -0.090000 -0.405738
v 0.975000 -0.090000 -0.405738
v 0.752869 -0.090000 0.000000
v 0.757992 -0.090000 0.061475
v 0.743566 -0.090000 0.064057
v 0.729795 -0.090000 0.066066
v 0.716680 -0.090000 0.067500
v 0.704221 -0.090000 0.068361
v 0.692418 -0.090000 0.068648
v 0.660697 -0.090000 0.066066
v 0.629467 -0.090000 0.058320
v 0.598730 -0.090000 0.045410
v 0.568484 -0.090000 0.027336
v 0.538729 -0.090000 0.004098
v 0.504180 -0.090000 -0.029590
v 0.466926 -0.090000 -0.072459
v 0.426967 -0.090000 -0.124508
v 0.384303 -0.090000 -0.185738
v 0.338934 -0.090000 -0.256148
v 0.338934 -0.090000 -0.004098
v 0.227254 -0.090000 0.006148
v 0.227254 -0.090000 -0.349385
v 0.217828 -0.090000 -0.350615
v 0.208402 -0.090000 -0.351844
v 0.198975 -0.090000 -0.353074
v 0.189549 -0.090000 -0.354303
v 0.180123 -0.090000 -0.355533
v 0.171639 -0.090000 -0.360041
v 0.165041 -0.090000 -0.366188
v 0.160328 -0.090000 -0.373975
v 0.157500 -0.090000 -0.383402
v 0.156557 -0.090000 -0.394467
v 0.156557 -0.090000 -0.412910
v 0.351230 -0.090000 -0.412910
v 0.398115 -0.090000 -0.331434
v 0.447787 -0.090000 -0.252582
v 0.500246 -0.090000 -0.176352
v 0.555492 -0.090000 -0.102746
v 0.613525 -0.090000 -0.031762
v 0.613525 -0.090000 -0.412910
v 0.713934 -0.090000 -0.412910
v 0.713934 -0.090000 0.004098
v 0.719221 -0.090000 0.005164
v 0.723607 -0.090000 0.005902
v 0.727090 -0.090000 0.006311
v 0.729672 -0.090000 0.006393
v 0.731352 -0.090000 0.006148
v 0.737459 -0.090000 0.004262
v 0.742664 -0.090000 0.002705
v 0.746967 -0.090000 0.001475
v 0.750369 -0.090000 0.000574
v 0.000000 -0.090000 -0.411885
v 0.111680 -0.090000 -0.411885
v 0.110656 -0.090000 0.000000
v 0.000000 -0.090000 0.000000
v 0.000000 -0.090000 -0.411885
v -0.003090 -0.089511 -0.414975
v -0.005878 -0.088090 -0.417763
v -0.008090 -0.085878 -0.419975
v -0.009511 -0.083090 -0.421396
v -0.010000 -0.080000 -0.421885
v -0.010000 0.080000 -0.421885
v -0.009511 0.083090 -0.421396
v -0.008090 0.085878 -0.419975
v -0.005878 0.088090 -0.417763
v -0.003090 0.089511 -0.414975
v 0.000000 0.090000 -0.411885
v 0.111680 -0.090000 -0.411885
v 0.114778 -0.089511 -0.414975
v 0.117573 -0.088090 -0.417763
v 0.119791 -0.085878 -0.419975
v 0.121215 -0.083090 -0.421396
v 0.121705 -0.080000 -0.421885
v 0.121705 0.080000 -0.421885
v 0.121215 0.083090 -0.421396
v 0.119791 0.085878 -0.419975
v 0.117573 0.088090 -0.417763
v 0.114778 0.089511 -0.414975
v 0.111680 0.090000 -0.411885
v 0.110656 -0.090000 0.000000
v 0.113738 -0.089511 0.003090
v 0.116519 -0.088090 0.005878
v 0.118726 -0.085878 0.008090
v 0.120143 -0.083090 0.009511
v 0.120631 -0.080000 0.010000
v 0.120631 0.080000 0.010000
v 0.120143 0.083090 0.009511
v 0.118726 0.085878 0.008090
v 0.116519 0.088090 0.005878
v 0.113738 0.089511 0.003090
v 0.110656 0.090000 0.000000
v 0.000000 -0.090000 0.000000
v -0.003090 -0.089511 0.003090
v -0.005878 -0.088090 0.005878
v -0.008090 -0.085878 0.008090
v -0.009511 -0.083090 0.009511
v -0.010000 -0.080000 0.010000
v -0.010000 0.080000 0.010000
v -0.009511 0.083090 0.009511
v -0.008090 0.085878 0.008090
v -0.005878 0.088090 0.005878
v -0.003090 0.089511 0.003090
v 0.000000 0.090000 0.000000
v 0.752869 -0.090000 0.000000
v 0.755652 -0.089511 -0.003809
v 0.758163 -0.088090 -0.007246
v 0.760156 -0.085878 -0.009973
v 0.761435 -0.083090 -0.011724
v 0.761876 -0.080000 -0.012327
v 0.761876 0.080000 -0.012327
v 0.761435 0.083090 -0.011724
v 0.760156 0.085878 -0.009973
v 0.758163 0.088090 -0.007246
v 0.755652 0.089511 -0.003809
v 0.752869 0.090000 0.000000
v 0.757992 -0.090000 0.061475
v 0.761305 -0.089511 0.064022
v 0.764294 -0.088090 0.066319
v 0.766666 -0.085878 0.068142
v 0.768188 -0.083090 0.069312
v 0.768713 -0.080000 0.069715
v 0.768713 0.080000 0.069715
v 0.768188 0.083090 0.069312
v 0.766666 0.085878 0.068142
v 0.764294 0.088090 0.066319
v 0.761305 0.089511 0.064022
v 0.757992 0.090000 0.061475
v 0.743566 -0.090000 0.064057
v 0.744061 -0.089511 0.067108
v 0.744508 -0.088090 0.069860
v 0.744862 -0.085878 0.072044
v 0.745090 -0.083090 0.073446
v 0.745168 -0.080000 0.073929
v 0.745168 0.080000 0.073929
v 0.745090 0.083090 0.073446
v 0.744862 0.085878 0.072044
v 0.744508 0.088090 0.069860
v 0.744061 0.089511 0.067108
v 0.743566 0.090000 0.064057
v 0.729795 -0.090000 0.066066
v 0.730186 -0.089511 0.069131
v 0.730539 -0.088090 0.071897
v 0.730819 -0.085878 0.074092
v 0.730999 -0.083090 0.075501
v 0.731061 -0.080000 0.075987
v 0.731061 0.080000 0.075987
v 0.730999 0.083090 0.075501
v 0.730819 0.085878 0.074092
v 0.730539 0.088090 0.071897
v 0.730186 0.089511 0.069131
v 0.729795 0.090000 0.066066
v 0.716680 -0.090000 0.067500
v 0.716955 -0.089511 0.070579
v 0.717203 -0.088090 0.073356
v 0.717399 -0.085878 0.075560
v 0.717525 -0.083090 0.076975
v 0.717569 -0.080000 0.077462
v 0.717569 0.080000 0.077462
v 0.717525 0.083090 0.076975
v 0.717399 0.085878 0.075560
v 0.717203 0.088090 0.073356
v 0.716955 0.089511 0.070579
v 0.716680 0.090000 0.067500
v 0.704221 -0.090000 0.068361
v 0.704365 -0.089511 0.071448
v 0.704495 -0.088090 0.074234
v 0.704599 -0.085878 0.076444
v 0.704665 -0.083090 0.077863
v 0.704688 -0.080000 0.078352
v 0.704688 0.080000 0.078352
v 0.704665 0.083090 0.077863
v 0.704599 0.085878 0.076444
v 0.704495 0.088090 0.074234
v 0.704365 0.089511 0.071448
v 0.704221 0.090000 0.068361
v 0.692418 -0.090000 0.068648
v 0.692330 -0.089511 0.071741
v 0.692251 -0.088090 0.074531
v 0.692188 -0.085878 0.076746
v 0.692147 -0.083090 0.078167
v 0.692133 -0.080000 0.078657
v 0.692133 0.080000 0.078657
v 0.692147 0.083090 0.078167
v 0.692188 0.085878 0.076746
v 0.692251 0.088090 0.074531
v 0.692330 0.089511 0.071741
v 0.692418 0.090000 0.068648
v 0.660697 -0.090000 0.066066
v 0.660196 -0.089511 0.069125
v 0.659745 -0.088090 0.071885
v 0.659386 -0.085878 0.074076
v 0.659156 -0.083090 0.075482
v 0.659077 -0.080000 0.075967
v 0.659077 0.080000 0.075967
v 0.659156 0.083090 0.075482
v 0.659386 0.085878 0.074076
v 0.659745 0.088090 0.071885
v 0.660196 0.089511 0.069125
v 0.660697 0.090000 0.066066
v 0.629467 -0.090000 0.058320
v 0.628491 -0.089511 0.061261
v 0.627611 -0.088090 0.063915
v 0.626912 -0.085878 0.066021
v 0.626463 -0.083090 0.067373
v 0.626309 -0.080000 0.067839
v 0.626309 0.080000 0.067839
v 0.626463 0.083090 0.067373
v 0.626912 0.085878 0.066021
v 0.627611 0.088090 0.063915
v 0.628491 0.089511 0.061261
v 0.629467 0.090000 0.058320
v 0.598730 -0.090000 0.045410
v 0.597332 -0.089511 0.048174
v 0.596071 -0.088090 0.050668
v 0.595070 -0.085878 0.052648
v 0.594428 -0.083090 0.053918
v 0.594206 -0.080000 0.054356
v 0.594206 0.080000 0.054356
v 0.594428 0.083090 0.053918
v 0.595070 0.085878 0.052648
v 0.596071 0.088090 0.050668
v 0.597332 0.089511 0.048174
v 0.598730 0.090000 0.045410
v 0.568484 -0.090000 0.027336
v 0.566733 -0.089511 0.029890
v 0.565154 -0.088090 0.032194
v 0.563901 -0.085878 0.034022
v 0.563097 -0.083090 0.035196
v 0.562819 -0.080000 0.035601
v 0.562819 0.080000 0.035601
v 0.563097 0.083090 0.035196
v 0.563901 0.085878 0.034022
v 0.565154 0.088090 0.032194
v 0.566733 0.089511 0.029890
v 0.568484 0.090000 0.027336
v 0.538729 -0.090000 0.004098
v 0.536694 -0.089511 0.006429
v 0.534857 -0.088090 0.008532
v 0.533400 -0.085878 0.010201
v 0.532464 -0.083090 0.011272
v 0.532141 -0.080000 0.011642
v 0.532141 0.080000 0.011642
v 0.532464 0.083090 0.011272
v 0.533400 0.085878 0.010201
v 0.534857 0.088090 0.008532
v 0.536694 0.089511 0.006429
v 0.538729 0.090000 0.004098
v 0.504180 -0.090000 -0.029590
v 0.501932 -0.089511 -0.027467
v 0.499903 -0.088090 -0.025551
v 0.498293 -0.085878 -0.024031
v 0.497259 -0.083090 -0.023055
v 0.496903 -0.080000 -0.022719
v 0.496903 0.080000 -0.022719
v 0.497259 0.083090 -0.023055
v 0.498293 0.085878 -0.024031
v 0.499903 0.088090 -0.025551
v 0.501932 0.089511 -0.027467
v 0.504180 0.090000 -0.029590
v 0.466926 -0.090000 -0.072459
v 0.464532 -0.089511 -0.070503
v 0.462373 -0.088090 -0.068738
v 0.460659 -0.085878 -0.067338
v 0.459558 -0.083090 -0.066439
v 0.459179 -0.080000 -0.066129
v 0.459179 0.080000 -0.066129
v 0.459558 0.083090 -0.066439
v 0.460659 0.085878 -0.067338
v 0.462373 0.088090 -0.068738
v 0.464532 0.089511 -0.070503
v 0.466926 0.090000 -0.072459
v 0.426967 -0.090000 -0.124508
v 0.424473 -0.089511 -0.122683
v 0.422222 -0.088090 -0.121036
v 0.420436 -0.085878 -0.119730
v 0.419290 -0.083090 -0.118891
v 0.418895 -0.080000 -0.118602
v 0.418895 0.080000 -0.118602
v 0.419290 0.083090 -0.118891
v 0.420436 0.085878 -0.119730
v 0.422222 0.088090 -0.121036
v 0.424473 0.089511 -0.122683
v 0.426967 0.090000 -0.124508
v 0.384303 -0.090000 -0.185738
v 0.381736 -0.089511 -0.184017
v 0.379420 -0.088090 -0.182465
v 0.377582 -0.085878 -0.181233
v 0.376402 -0.083090 -0.180442
v 0.375995 -0.080000 -0.180169
v 0.375995 0.080000 -0.180169
v 0.376402 0.083090 -0.180442
v 0.377582 0.085878 -0.181233
v 0.379420 0.088090 -0.182465
v 0.381736 0.089511 -0.184017
v 0.384303 0.090000 -0.185738
v 0.338934 -0.090000 -0.256148
v 0.342025 -0.089511 -0.245647
v 0.344812 -0.088090 -0.236174
v 0.347025 -0.085878 -0.228656
v 0.348445 -0.083090 -0.223829
v 0.348934 -0.080000 -0.222166
v 0.348934 0.080000 -0.222166
v 0.348445 0.083090 -0.223829
v 0.347025 0.085878 -0.228656
v 0.344812 0.088090 -0.236174
v 0.342025 0.089511 -0.245647
v 0.338934 0.090000 -0.256148
v 0.338934 -0.090000 -0.004098
v 0.342025 -0.089511 -0.001279
v 0.344812 -0.088090 0.001265
v 0.347025 -0.085878 0.003284
v 0.348445 -0.083090 0.004580
v 0.348934 -0.080000 0.005026
v 0.348934 0.080000 0.005026
v 0.348445 0.083090 0.004580
v 0.347025 0.085878 0.003284
v 0.344812 0.088090 0.001265
v 0.342025 0.089511 -0.001279
v 0.338934 0.090000 -0.004098
v 0.227254 -0.090000 0.006148
v 0.224164 -0.089511 0.009534
v 0.221376 -0.088090 0.012589
v 0.219164 -0.085878 0.015014
v 0.217744 -0.083090 0.016571
v 0.217254 -0.080000 0.017107
v 0.217254 0.080000 0.017107
v 0.217744 0.083090 0.016571
v 0.219164 0.085878 0.015014
v 0.221376 0.088090 0.012589
v 0.224164 0.089511 0.009534
v 0.227254 0.090000 0.006148
v 0.227254 -0.090000 -0.349385
v 0.224164 -0.089511 -0.346672
v 0.221376 -0.088090 -0.344224
v 0.219164 -0.085878 -0.342282
v 0.217744 -0.083090 -0.341035
v 0.217254 -0.080000 -0.340605
v 0.217254 0.080000 -0.340605
v 0.217744 0.083090 -0.341035
v 0.219164 0.085878 -0.342282
v 0.221376 0.088090 -0.344224
v 0.224164 0.089511 -0.346672
v 0.227254 0.090000 -0.349385
v 0.217828 -0.090000 -0.350615
v 0.217428 -0.089511 -0.347551
v 0.217068 -0.088090 -0.344786
v 0.216782 -0.085878 -0.342593
v 0.216598 -0.083090 -0.341184
v 0.216534 -0.080000 -0.340699
v 0.216534 0.080000 -0.340699
v 0.216598 0.083090 -0.341184
v 0.216782 0.085878 -0.342593
v 0.217068 0.088090 -0.344786
v 0.217428 0.089511 -0.347551
v 0.217828 0.090000 -0.350615
v 0.208402 -0.090000 -0.351844
v 0.208002 -0.089511 -0.348780
v 0.207641 -0.088090 -0.346016
v 0.207355 -0.085878 -0.343822
v 0.207172 -0.083090 -0.342414
v 0.207108 -0.080000 -0.341928
v 0.207108 0.080000 -0.341928
v 0.207172 0.083090 -0.342414
v 0.207355 0.085878 -0.343822
v 0.207641 0.088090 -0.346016
v 0.208002 0.089511 -0.348780
v 0.208402 0.090000 -0.351844
v 0.198975 -0.090000 -0.353074
v 0.198576 -0.089511 -0.350010
v 0.198215 -0.088090 -0.347245
v 0.197929 -0.085878 -0.345052
v 0.197745 -0.083090 -0.343643
v 0.197682 -0.080000 -0.343158
v 0.197682 0.080000 -0.343158
v 0.197745 0.083090 -0.343643
v 0.197929 0.085878 -0.345052
v 0.198215 0.088090 -0.347245
v 0.198576 0.089511 -0.350010
v 0.198975 0.090000 -0.353074
v 0.189549 -0.090000 -0.354303
v 0.189150 -0.089511 -0.351239
v 0.188789 -0.088090 -0.348475
v 0.188503 -0.085878 -0.346281
v 0.188319 -0.083090 -0.344873
v 0.188256 -0.080000 -0.344387
v 0.188256 0.080000 -0.344387
v 0.188319 0.083090 -0.344873
v 0.188503 0.085878 -0.346281
v 0.188789 0.088090 -0.348475
v 0.189150 0.089511 -0.351239
v 0.189549 0.090000 -0.354303
v 0.180123 -0.090000 -0.355533
v 0.179168 -0.089511 -0.352541
v 0.178306 -0.088090 -0.349842
v 0.177622 -0.085878 -0.347700
v 0.177183 -0.083090 -0.346325
v 0.177032 -0.080000 -0.345851
v 0.177032 0.080000 -0.345851
v 0.177183 0.083090 -0.346325
v 0.177622 0.085878 -0.347700
v 0.178306 0.088090 -0.349842
v 0.179168 0.089511 -0.352541
v 0.180123 0.090000 -0.355533
v 0.171639 -0.090000 -0.360041
v 0.169830 -0.089511 -0.357503
v 0.168198 -0.088090 -0.355213
v 0.166903 -0.085878 -0.353396
v 0.166072 -0.083090 -0.352230
v 0.165785 -0.080000 -0.351828
v 0.165785 0.080000 -0.351828
v 0.166072 0.083090 -0.352230
v 0.166903 0.085878 -0.353396
v 0.168198 0.088090 -0.355213
v 0.169830 0.089511 -0.357503
v 0.171639 0.090000 -0.360041
v 0.165041 -0.090000 -0.366188
v 0.162620 -0.089511 -0.364221
v 0.160436 -0.088090 -0.362445
v 0.158703 -0.085878 -0.361036
v 0.157590 -0.083090 -0.360132
v 0.157206 -0.080000 -0.359820
v 0.157206 0.080000 -0.359820
v 0.157590 0.083090 -0.360132
v 0.158703 0.085878 -0.361036
v 0.160436 0.088090 -0.362445
v 0.162620 0.089511 -0.364221
v 0.165041 0.090000 -0.366188
v 0.160328 -0.090000 -0.373975
v 0.157481 -0.089511 -0.372711
v 0.154913 -0.088090 -0.371571
v 0.152874 -0.085878 -0.370666
v 0.151566 -0.083090 -0.370085
v 0.151115 -0.080000 -0.369885
v 0.151115 0.080000 -0.369885
v 0.151566 0.083090 -0.370085
v 0.152874 0.085878 -0.370666
v 0.154913 0.088090 -0.371571
v 0.157481 0.089511 -0.372711
v 0.160328 0.090000 -0.373975
v 0.157500 -0.090000 -0.383402
v 0.154448 -0.089511 -0.382820
v 0.151695 -0.088090 -0.382296
v 0.149510 -0.085878 -0.381880
v 0.148107 -0.083090 -0.381613
v 0.147624 -0.080000 -0.381521
v 0.147624 0.080000 -0.381521
v 0.148107 0.083090 -0.381613
v 0.149510 0.085878 -0.381880
v 0.151695 0.088090 -0.382296
v 0.154448 0.089511 -0.382820
v 0.157500 0.090000 -0.383402
v 0.156557 -0.090000 -0.394467
v 0.153467 -0.089511 -0.394336
v 0.150680 -0.088090 -0.394217
v 0.148467 -0.085878 -0.394123
v 0.147047 -0.083090 -0.394063
v 0.146557 -0.080000 -0.394042
v 0.146557 0.080000 -0.394042
v 0.147047 0.083090 -0.394063
v 0.148467 0.085878 -0.394123
v 0.150680 0.088090 -0.394217
v 0.153467 0.089511 -0.394336
v 0.156557 0.090000 -0.394467
v 0.156557 -0.090000 -0.412910
v 0.153467 -0.089511 -0.416000
v 0.150680 -0.088090 -0.418788
v 0.148467 -0.085878 -0.421000
v 0.147047 -0.083090 -0.422420
v 0.146557 -0.080000 -0.422910
v 0.146557 0.080000 -0.422910
v 0.147047 0.083090 -0.422420
v 0.148467 0.085878 -0.421000
v 0.150680 0.088090 -0.418788
v 0.153467 0.089511 -0.416000
v 0.156557 0.090000 -0.412910
v 0.351230 -0.090000 -0.412910
v 0.353017 -0.089511 -0.416000
v 0.354629 -0.088090 -0.418788
v 0.355908 -0.085878 -0.421000
v 0.356729 -0.083090 -0.422420
v 0.357013 -0.080000 -0.422910
v 0.357013 0.080000 -0.422910
v 0.356729 0.083090 -0.422420
v 0.355908 0.085878 -0.421000
v 0.354629 0.088090 -0.418788
v 0.353017 0.089511 -0.416000
v 0.351230 0.090000 -0.412910
v 0.398115 -0.090000 -0.331434
v 0.400762 -0.089511 -0.333029
v 0.403151 -0.088090 -0.334468
v 0.405046 -0.085878 -0.335610
v 0.406263 -0.083090 -0.336343
v 0.406682 -0.080000 -0.336595
v 0.406682 0.080000 -0.336595
v 0.406263 0.083090 -0.336343
v 0.405046 0.085878 -0.335610
v 0.403151 0.088090 -0.334468
v 0.400762 0.089511 -0.333029
v 0.398115 0.090000 -0.331434
v 0.447787 -0.090000 -0.252582
v 0.450368 -0.089511 -0.254282
v 0.452697 -0.088090 -0.255816
v 0.454545 -0.085878 -0.257033
v 0.455731 -0.083090 -0.257814
v 0.456140 -0.080000 -0.258084
v 0.456140 0.080000 -0.258084
v 0.455731 0.083090 -0.257814
v 0.454545 0.085878 -0.257033
v 0.452697 0.088090 -0.255816
v 0.450368 0.089511 -0.254282
v 0.447787 0.090000 -0.252582
v 0.500246 -0.090000 -0.176352
v 0.502756 -0.089511 -0.178157
v 0.505019 -0.088090 -0.179784
v 0.506816 -0.085878 -0.181076
v 0.507970 -0.083090 -0.181905
v 0.508367 -0.080000 -0.182191
v 0.508367 0.080000 -0.182191
v 0.507970 0.083090 -0.181905
v 0.506816 0.085878 -0.181076
v 0.505019 0.088090 -0.179784
v 0.502756 0.089511 -0.178157
v 0.500246 0.090000 -0.176352
v 0.555492 -0.090000 -0.102746
v 0.557925 -0.089511 -0.104652
v 0.560120 -0.088090 -0.106372
v 0.561862 -0.085878 -0.107737
v 0.562980 -0.083090 -0.108613
v 0.563365 -0.080000 -0.108915
v 0.563365 0.080000 -0.108915
v 0.562980 0.083090 -0.108613
v 0.561862 0.085878 -0.107737
v 0.560120 0.088090 -0.106372
v 0.557925 0.089511 -0.104652
v 0.555492 0.090000 -0.102746
v 0.613525 -0.090000 -0.031762
v 0.610434 -0.089511 -0.040424
v 0.607647 -0.088090 -0.048238
v 0.605434 -0.085878 -0.054440
v 0.604014 -0.083090 -0.058421
v 0.603525 -0.080000 -0.059793
v 0.603525 0.080000 -0.059793
v 0.604014 0.083090 -0.058421
v 0.605434 0.085878 -0.054440
v 0.607647 0.088090 -0.048238
v 0.610434 0.089511 -0.040424
v 0.613525 0.090000 -0.031762
v 0.613525 -0.090000 -0.412910
v 0.610434 -0.089511 -0.416000
v 0.607647 -0.088090 -0.418788
v 0.605434 -0.085878 -0.421000
v 0.604014 -0.083090 -0.422420
v 0.603525 -0.080000 -0.422910
v 0.603525 0.080000 -0.422910
v 0.604014 0.083090 -0.422420
v 0.605434 0.085878 -0.421000
v 0.607647 0.088090 -0.418788
v 0.610434 0.089511 -0.416000
v 0.613525 0.090000 -0.412910
v 0.713934 -0.090000 -0.412910
v 0.717025 -0.089511 -0.416000
v 0.719812 -0.088090 -0.418788
v 0.722025 -0.085878 -0.421000
v 0.723445 -0.083090 -0.422420
v 0.723934 -0.080000 -0.422910
v 0.723934 0.080000 -0.422910
v 0.723445 0.083090 -0.422420
v 0.722025 0.085878 -0.421000
v 0.719812 0.088090 -0.418788
v 0.717025 0.089511 -0.416000
v 0.713934 0.090000 -0.412910
v 0.713934 -0.090000 0.004098
v 0.717025 -0.089511 0.001569
v 0.719812 -0.088090 -0.000713
v 0.722025 -0.085878 -0.002524
v 0.723445 -0.083090 -0.003687
v 0.723934 -0.080000 -0.004087
v 0.723934 0.080000 -0.004087
v 0.723445 0.083090 -0.003687
v 0.722025 0.085878 -0.002524
v 0.719812 0.088090 -0.000713
v 0.717025 0.089511 0.001569
v 0.713934 0.090000 0.004098
v 0.719221 -0.090000 0.005164
v 0.719783 -0.089511 0.002125
v 0.720290 -0.088090 -0.000617
v 0.720692 -0.085878 -0.002793
v 0.720950 -0.083090 -0.004189
v 0.721039 -0.080000 -0.004671
v 0.721039 0.080000 -0.004671
v 0.720950 0.083090 -0.004189
v 0.720692 0.085878 -0.002793
v 0.720290 0.088090 -0.000617
v 0.719783 0.089511 0.002125
v 0.719221 0.090000 0.005164
v 0.723607 -0.090000 0.005902
v 0.724044 -0.089511 0.002842
v 0.724438 -0.088090 0.000081
v 0.724751 -0.085878 -0.002110
v 0.724952 -0.083090 -0.003516
v 0.725021 -0.080000 -0.004001
v 0.725021 0.080000 -0.004001
v 0.724952 0.083090 -0.003516
v 0.724751 0.085878 -0.002110
v 0.724438 0.088090 0.000081
v 0.724044 0.089511 0.002842
v 0.723607 0.090000 0.005902
v 0.727090 -0.090000 0.006311
v 0.727320 -0.089511 0.003227
v 0.727528 -0.088090 0.000445
v 0.727692 -0.085878 -0.001764
v 0.727798 -0.083090 -0.003181
v 0.727834 -0.080000 -0.003670
v 0.727834 0.080000 -0.003670
v 0.727798 0.083090 -0.003181
v 0.727692 0.085878 -0.001764
v 0.727528 0.088090 0.000445
v 0.727320 0.089511 0.003227
v 0.727090 0.090000 0.006311
v 0.729672 -0.090000 0.006393
v 0.729496 -0.089511 0.003296
v 0.729337 -0.088090 0.000502
v 0.729211 -0.085878 -0.001715
v 0.729130 -0.083090 -0.003139
v 0.729102 -0.080000 -0.003630
v 0.729102 0.080000 -0.003630
v 0.729130 0.083090 -0.003139
v 0.729211 0.085878 -0.001715
v 0.729337 0.088090 0.000502
v 0.729496 0.089511 0.003296
v 0.729672 0.090000 0.006393
v 0.731352 -0.090000 0.006148
v 0.730669 -0.089511 0.003124
v 0.730052 -0.088090 0.000397
v 0.729563 -0.085878 -0.001767
v 0.729249 -0.083090 -0.003156
v 0.729140 -0.080000 -0.003635
v 0.729140 0.080000 -0.003635
v 0.729249 0.083090 -0.003156
v 0.729563 0.085878 -0.001767
v 0.730052 0.088090 0.000397
v 0.730669 0.089511 0.003124
v 0.731352 0.090000 0.006148
v 0.737459 -0.090000 0.004262
v 0.736560 -0.089511 0.001306
v 0.735750 -0.088090 -0.001362
v 0.735106 -0.085878 -0.003478
v 0.734693 -0.083090 -0.004837
v 0.734551 -0.080000 -0.005306
v 0.734551 0.080000 -0.005306
v 0.734693 0.083090 -0.004837
v 0.735106 0.085878 -0.003478
v 0.735750 0.088090 -0.001362
v 0.736560 0.089511 0.001306
v 0.737459 0.090000 0.004262
v 0.742664 -0.090000 0.002705
v 0.741796 -0.089511 -0.000261
v 0.741014 -0.088090 -0.002937
v 0.740393 -0.085878 -0.005060
v 0.739994 -0.083090 -0.006423
v 0.739857 -0.080000 -0.006893
v 0.739857 0.080000 -0.006893
v 0.739994 0.083090 -0.006423
v 0.740393 0.085878 -0.005060
v 0.741014 0.088090 -0.002937
v 0.741796 0.089511 -0.000261
v 0.742664 0.090000 0.002705
v 0.746967 -0.090000 0.001475
v 0.746147 -0.089511 -0.001504
v 0.745407 -0.088090 -0.004192
v 0.744819 -0.085878 -0.006325
v 0.744442 -0.083090 -0.007694
v 0.744312 -0.080000 -0.008166
v 0.744312 0.080000 -0.008166
v 0.744442 0.083090 -0.007694
v 0.744819 0.085878 -0.006325
v 0.745407 0.088090 -0.004192
v 0.746147 0.089511 -0.001504
v 0.746967 0.090000 0.001475
v 0.750369 -0.090000 0.000574
v 0.749627 -0.089511 -0.002427
v 0.748958 -0.088090 -0.005133
v 0.748427 -0.085878 -0.007281
v 0.748086 -0.083090 -0.008660
v 0.747969 -0.080000 -0.009135
v 0.747969 0.080000 -0.009135
v 0.748086 0.083090 -0.008660
v 0.748427 0.085878 -0.007281
v 0.748958 0.088090 -0.005133
v 0.749627 0.089511 -0.002427
v 0.750369 0.090000 0.000574
v 0.981066 -0.090000 -0.334508
v 0.984121 -0.089511 -0.335044
v 0.986878 -0.088090 -0.335527
v 0.989065 -0.085878 -0.335911
v 0.990470 -0.083090 -0.336157
v 0.990954 -0.080000 -0.336242
v 0.990954 0.080000 -0.336242
v 0.990470 0.083090 -0.336157
v 0.989065 0.085878 -0.335911
v 0.986878 0.088090 -0.335527
v 0.984121 0.089511 -0.335044
v 0.981066 0.090000 -0.334508
v 0.999262 -0.090000 -0.266721
v 1.002175 -0.089511 -0.267789
v 1.004803 -0.088090 -0.268752
v 1.006888 -0.085878 -0.269517
v 1.008227 -0.083090 -0.270008
v 1.008689 -0.080000 -0.270177
v 1.008689 0.080000 -0.270177
v 1.008227 0.083090 -0.270008
v 1.006888 0.085878 -0.269517
v 1.004803 0.088090 -0.268752
v 1.002175 0.089511 -0.267789
v 0.999262 0.090000 -0.266721
v 1.029590 -0.090000 -0.202377
v 1.032274 -0.089511 -0.203930
v 1.034696 -0.088090 -0.205332
v 1.036617 -0.085878 -0.206444
v 1.037851 -0.083090 -0.207158
v 1.038276 -0.080000 -0.207404
v 1.038276 0.080000 -0.207404
v 1.037851 0.083090 -0.207158
v 1.036617 0.085878 -0.206444
v 1.034696 0.088090 -0.205332
v 1.032274 0.089511 -0.203930
v 1.029590 0.090000 -0.202377
v 1.072049 -0.090000 -0.141475
v 1.074450 -0.089511 -0.143434
v 1.076617 -0.088090 -0.145202
v 1.078336 -0.085878 -0.146604
v 1.079440 -0.083090 -0.147505
v 1.079820 -0.080000 -0.147815
v 1.079820 0.080000 -0.147815
v 1.079440 0.083090 -0.147505
v 1.078336 0.085878 -0.146604
v 1.076617 0.088090 -0.145202
v 1.074450 0.089511 -0.143434
v 1.072049 0.090000 -0.141475
v 1.126639 -0.090000 -0.084016
v 1.126543 -0.089511 -0.088604
v 1.126456 -0.088090 -0.092743
v 1.126387 -0.085878 -0.096028
v 1.126343 -0.083090 -0.098137
v 1.126327 -0.080000 -0.098863
v 1.126327 0.080000 -0.098863
v 1.126343 0.083090 -0.098137
v 1.126387 0.085878 -0.096028
v 1.126456 0.088090 -0.092743
v 1.126543 0.089511 -0.088604
v 1.126639 0.090000 -0.084016
v 1.177131 -0.090000 -0.141844
v 1.174653 -0.089511 -0.143704
v 1.172416 -0.088090 -0.145381
v 1.170642 -0.085878 -0.146713
v 1.169503 -0.083090 -0.147567
v 1.169110 -0.080000 -0.147862
v 1.169110 0.080000 -0.147862
v 1.169503 0.083090 -0.147567
v 1.170642 0.085878 -0.146713
v 1.172416 0.088090 -0.145381
v 1.174653 0.089511 -0.143704
v 1.177131 0.090000 -0.141844
v 1.216311 -0.090000 -0.203033
v 1.213574 -0.089511 -0.204488
v 1.211104 -0.088090 -0.205801
v 1.209144 -0.085878 -0.206842
v 1.207886 -0.083090 -0.207511
v 1.207452 -0.080000 -0.207742
v 1.207452 0.080000 -0.207742
v 1.207886 0.083090 -0.207511
v 1.209144 0.085878 -0.206842
v 1.211104 0.088090 -0.205801
v 1.213574 0.089511 -0.204488
v 1.216311 0.090000 -0.203033
v 1.244180 -0.090000 -0.267582
v 1.241240 -0.089511 -0.268567
v 1.238587 -0.088090 -0.269456
v 1.236482 -0.085878 -0.270162
v 1.235131 -0.083090 -0.270615
v 1.234665 -0.080000 -0.270771
v 1.234665 0.080000 -0.270771
v 1.235131 0.083090 -0.270615
v 1.236482 0.085878 -0.270162
v 1.238587 0.088090 -0.269456
v 1.241240 0.089511 -0.268567
v 1.244180 0.090000 -0.267582
v 1.260738 -0.090000 -0.335492
v 1.257675 -0.089511 -0.335974
v 1.254912 -0.088090 -0.336410
v 1.252719 -0.085878 -0.336756
v 1.251311 -0.083090 -0.336977
v 1.250826 -0.080000 -0.337054
v 1.250826 0.080000 -0.337054
v 1.251311 0.083090 -0.336977
v 1.252719 0.085878 -0.336756
v 1.254912 0.088090 -0.336410
v 1.257675 0.089511 -0.335974
v 1.260738 0.090000 -0.335492
v 1.265984 -0.090000 -0.406762
v 1.263113 -0.089511 -0.409852
v 1.260522 -0.088090 -0.412640
v 1.258467 -0.085878 -0.414852
v 1.257147 -0.083090 -0.416273
v 1.256693 -0.080000 -0.416762
v 1.256693 0.080000 -0.416762
v 1.257147 0.083090 -0.416273
v 1.258467 0.085878 -0.414852
v 1.260522 0.088090 -0.412640
v 1.263113 0.089511 -0.409852
v 1.265984 0.090000 -0.406762
v 1.379713 -0.090000 -0.406762
v 1.383035 -0.089511 -0.409852
v 1.386032 -0.088090 -0.412640
v 1.388410 -0.085878 -0.414852
v 1.389937 -0.083090 -0.416273
v 1.390463 -0.080000 -0.416762
v 1.390463 0.080000 -0.416762
v 1.389937 0.083090 -0.416273
v 1.388410 0.085878 -0.414852
v 1.386032 0.088090 -0.412640
v 1.383035 0.089511 -0.409852
v 1.379713 0.090000 -0.406762
v 1.374631 -0.090000 -0.336516
v 1.377697 -0.089511 -0.336065
v 1.380462 -0.088090 -0.335658
v 1.382657 -0.085878 -0.335335
v 1.384066 -0.083090 -0.335127
v 1.384552 -0.080000 -0.335056
v 1.384552 0.080000 -0.335056
v 1.384066 0.083090 -0.335127
v 1.382657 0.085878 -0.335335
v 1.380462 0.088090 -0.335658
v 1.377697 0.089511 -0.336065
v 1.374631 0.090000 -0.336516
v 1.359385 -0.090000 -0.268402
v 1.362351 -0.089511 -0.267504
v 1.365026 -0.088090 -0.266694
v 1.367149 -0.085878 -0.266052
v 1.368513 -0.083090 -0.265639
v 1.368982 -0.080000 -0.265497
v 1.368982 0.080000 -0.265497
v 1.368513 0.083090 -0.265639
v 1.367149 0.085878 -0.266052
v 1.365026 0.088090 -0.266694
v 1.362351 0.089511 -0.267504
v 1.359385 0.090000 -0.268402
v 1.333975 -0.090000 -0.202418
v 1.336781 -0.089511 -0.201104
v 1.339312 -0.088090 -0.199919
v 1.341320 -0.085878 -0.198979
v 1.342610 -0.083090 -0.198375
v 1.343054 -0.080000 -0.198167
v 1.343054 0.080000 -0.198167
v 1.342610 0.083090 -0.198375
v 1.341320 0.085878 -0.198979
v 1.339312 0.088090 -0.199919
v 1.336781 0.089511 -0.201104
v 1.333975 0.090000 -0.202418
v 1.298402 -0.090000 -0.138566
v 1.301004 -0.089511 -0.136887
v 1.303351 -0.088090 -0.135372
v 1.305214 -0.085878 -0.134170
v 1.306410 -0.083090 -0.133398
v 1.306822 -0.080000 -0.133132
v 1.306822 0.080000 -0.133132
v 1.306410 0.083090 -0.133398
v 1.305214 0.085878 -0.134170
v 1.303351 0.088090 -0.135372
v 1.301004 0.089511 -0.136887
v 1.298402 0.090000 -0.138566
v 1.252664 -0.090000 -0.076844
v 1.255074 -0.089511 -0.074906
v 1.257247 -0.088090 -0.073157
v 1.258973 -0.085878 -0.071770
v 1.260080 -0.083090 -0.070879
v 1.260462 -0.080000 -0.070572
v 1.260462 0.080000 -0.070572
v 1.260080 0.083090 -0.070879
v 1.258973 0.085878 -0.071770
v 1.257247 0.088090 -0.073157
v 1.255074 0.089511 -0.074906
v 1.252664 0.090000 -0.076844
v 1.230902 -0.090000 -0.051885
v 1.233174 -0.089511 -0.049789
v 1.235223 -0.088090 -0.047898
v 1.236850 -0.085878 -0.046397
v 1.237894 -0.083090 -0.045433
v 1.238254 -0.080000 -0.045101
v 1.238254 0.080000 -0.045101
v 1.237894 0.083090 -0.045433
v 1.236850 0.085878 -0.046397
v 1.235223 0.088090 -0.047898
v 1.233174 0.089511 -0.049789
v 1.230902 0.090000 -0.051885
v 1.207418 -0.090000 -0.027828
v 1.209571 -0.089511 -0.025609
v 1.211512 -0.088090 -0.023608
v 1.213053 -0.085878 -0.022019
v 1.214043 -0.083090 -0.020999
v 1.214384 -0.080000 -0.020648
v 1.214384 0.080000 -0.020648
v 1.214043 0.083090 -0.020999
v 1.213053 0.085878 -0.022019
v 1.211512 0.088090 -0.023608
v 1.209571 0.089511 -0.025609
v 1.207418 0.090000 -0.027828
v 1.182213 -0.090000 -0.004672
v 1.184244 -0.089511 -0.002342
v 1.186076 -0.088090 -0.000239
v 1.187530 -0.085878 0.001429
v 1.188464 -0.083090 0.002500
v 1.188786 -0.080000 0.002869
v 1.188786 0.080000 0.002869
v 1.188464 0.083090 0.002500
v 1.187530 0.085878 0.001429
v 1.186076 0.088090 -0.000239
v 1.184244 0.089511 -0.002342
v 1.182213 0.090000 -0.004672
v 1.155287 -0.090000 0.017582
v 1.157196 -0.089511 0.020013
v 1.158918 -0.088090 0.022207
v 1.160284 -0.085878 0.023947
v 1.161162 -0.083090 0.025065
v 1.161464 -0.080000 0.025450
v 1.161464 0.080000 0.025450
v 1.161162 0.083090 0.025065
v 1.160284 0.085878 0.023947
v 1.158918 0.088090 0.022207
v 1.157196 0.089511 0.020013
v 1.155287 0.090000 0.017582
v 1.126639 -0.090000 0.038934
v 1.126737 -0.089511 0.042716
v 1.126825 -0.088090 0.046127
v 1.126895 -0.085878 0.048834
v 1.126940 -0.083090 0.050572
v 1.126955 -0.080000 0.051171
v 1.126955 0.080000 0.051171
v 1.126940 0.083090 0.050572
v 1.126895 0.085878 0.048834
v 1.126825 0.088090 0.046127
v 1.126737 0.089511 0.042716
v 1.126639 0.090000 0.038934
v 1.096393 -0.090000 0.018730
v 1.094608 -0.089511 0.021253
v 1.092998 -0.088090 0.023530
v 1.091720 -0.085878 0.025337
v 1.090900 -0.083090 0.026497
v 1.090617 -0.080000 0.026897
v 1.090617 0.080000 0.026897
v 1.090900 0.083090 0.026497
v 1.091720 0.085878 0.025337
v 1.092998 0.088090 0.023530
v 1.094608 0.089511 0.021253
v 1.096393 0.090000 0.018730
v 1.067951 -0.090000 -0.002541
v 1.066031 -0.089511 -0.000118
v 1.064300 -0.088090 0.002068
v 1.062925 -0.085878 0.003803
v 1.062043 -0.083090 0.004917
v 1.061739 -0.080000 0.005301
v 1.061739 0.080000 0.005301
v 1.062043 0.083090 0.004917
v 1.062925 0.085878 0.003803
v 1.064300 0.088090 0.002068
v 1.066031 0.089511 -0.000118
v 1.067951 0.090000 -0.002541
v 1.041311 -0.090000 -0.024877
v 1.039257 -0.089511 -0.022567
v 1.037404 -0.088090 -0.020482
v 1.035934 -0.085878 -0.018828
v 1.034990 -0.083090 -0.017766
v 1.034664 -0.080000 -0.017400
v 1.034664 0.080000 -0.017400
v 1.034990 0.083090 -0.017766
v 1.035934 0.085878 -0.018828
v 1.037404 0.088090 -0.020482
v 1.039257 0.089511 -0.022567
v 1.041311 0.090000 -0.024877
v 1.016475 -0.090000 -0.048279
v 1.014289 -0.089511 -0.046093
v 1.012316 -0.088090 -0.044122
v 1.010751 -0.085878 -0.042557
v 1.009746 -0.083090 -0.041552
v 1.009399 -0.080000 -0.041206
v 1.009399 0.080000 -0.041206
v 1.009746 0.083090 -0.041552
v 1.010751 0.085878 -0.042557
v 1.012316 0.088090 -0.044122
v 1.014289 0.089511 -0.046093
v 1.016475 0.090000 -0.048279
v 0.993443 -0.090000 -0.072746
v 0.991106 -0.089511 -0.070720
v 0.988998 -0.088090 -0.068892
v 0.987326 -0.085878 -0.067441
v 0.986252 -0.083090 -0.066509
v 0.985882 -0.080000 -0.066189
v 0.985882 0.080000 -0.066189
v 0.986252 0.083090 -0.066509
v 0.987326 0.085878 -0.067441
v 0.988998 0.088090 -0.068892
v 0.991106 0.089511 -0.070720
v 0.993443 0.090000 -0.072746
v 0.945123 -0.090000 -0.133279
v 0.942573 -0.089511 -0.131520
v 0.940273 -0.088090 -0.129933
v 0.938447 -0.085878 -0.128674
v 0.937275 -0.083090 -0.127866
v 0.936871 -0.080000 -0.127587
v 0.936871 0.080000 -0.127587
v 0.937275 0.083090 -0.127866
v 0.938447 0.085878 -0.128674
v 0.940273 0.088090 -0.129933
v 0.942573 0.089511 -0.131520
v 0.945123 0.090000 -0.133279
v 0.907541 -0.090000 -0.196844
v 0.904762 -0.089511 -0.195472
v 0.902255 -0.088090 -0.194235
v 0.900266 -0.085878 -0.193253
v 0.898989 -0.083090 -0.192622
v 0.898548 -0.080000 -0.192405
v 0.898548 0.080000 -0.192405
v 0.898989 0.083090 -0.192622
v 0.900266 0.085878 -0.193253
v 0.902255 0.088090 -0.194235
v 0.904762 0.089511 -0.195472
v 0.907541 0.090000 -0.196844
v 0.880697 -0.090000 -0.263443
v 0.877740 -0.089511 -0.262511
v 0.875073 -0.088090 -0.261671
v 0.872957 -0.085878 -0.261004
v 0.871598 -0.083090 -0.260576
v 0.871130 -0.080000 -0.260428
v 0.871130 0.080000 -0.260428
v 0.871598 0.083090 -0.260576
v 0.872957 0.085878 -0.261004
v 0.875073 0.088090 -0.261671
v 0.877740 0.089511 -0.262511
v 0.880697 0.090000 -0.263443
v 0.864590 -0.090000 -0.333074
v 0.861526 -0.089511 -0.332609
v 0.858762 -0.088090 -0.332190
v 0.856568 -0.085878 -0.331857
v 0.855159 -0.083090 -0.331643
v 0.854674 -0.080000 -0.331570
v 0.854674 0.080000 -0.331570
v 0.855159 0.083090 -0.331643
v 0.856568 0.085878 -0.331857
v 0.858762 0.088090 -0.332190
v 0.861526 0.089511 -0.332609
v 0.864590 0.090000 -0.333074
v 0.859221 -0.090000 -0.405738
v 0.855894 -0.089511 -0.408828
v 0.852893 -0.088090 -0.411616
v 0.850511 -0.085878 -0.413828
v 0.848982 -0.083090 -0.415248
v 0.848455 -0.080000 -0.415738
v 0.848455 0.080000 -0.415738
v 0.848982 0.083090 -0.415248
v 0.850511 0.085878 -0.413828
v 0.852893 0.088090 -0.411616
v 0.855894 0.089511 -0.408828
v 0.859221 0.090000 -0.405738
v 0.975000 -0.090000 -0.405738
v 0.977838 -0.089511 -0.408828
v 0.980399 -0.088090 -0.411616
v 0.982431 -0.085878 -0.413828
v 0.983735 -0.083090 -0.415248
v 0.984185 -0.080000 -0.415738
v 0.984185 0.080000 -0.415738
v 0.983735 0.083090 -0.415248
v 0.982431 0.085878 -0.413828
v 0.980399 0.088090 -0.411616
v 0.977838 0.089511 -0.408828
v 0.975000 0.090000 -0.405738
v 1.936885 -0.090000 -0.260246
v 1.939975 -0.089511 -0.263336
v 1.942763 -0.088090 -0.266124
v 1.944975 -0.085878 -0.268336
v 1.946396 -0.083090 -0.269756
v 1.946885 -0.080000 -0.270246
v 1.946885 0.080000 -0.270246
v 1.946396 0.083090 -0.269756
v 1.944975 0.085878 -0.268336
v 1.942763 0.088090 -0.266124
v 1.939975 0.089511 -0.263336
v 1.936885 0.090000 -0.260246
v 1.936885 -0.090000 -0.252049
v 1.939975 -0.089511 -0.251921
v 1.942763 -0.088090 -0.251805
v 1.944975 -0.085878 -0.251714
v 1.946396 -0.083090 -0.251655
v 1.946885 -0.080000 -0.251634
v 1.946885 0.080000 -0.251634
v 1.946396 0.083090 -0.251655
v 1.944975 0.085878 -0.251714
v 1.942763 0.088090 -0.251805
v 1.939975 0.089511 -0.251921
v 1.936885 0.090000 -0.252049
v 1.935738 -0.090000 -0.238238
v 1.938794 -0.089511 -0.237703
v 1.941551 -0.088090 -0.237220
v 1.943739 -0.085878 -0.236837
v 1.945144 -0.083090 -0.236591
v 1.945628 -0.080000 -0.236506
v 1.945628 0.080000 -0.236506
v 1.945144 0.083090 -0.236591
v 1.943739 0.085878 -0.236837
v 1.941551 0.088090 -0.237220
v 1.938794 0.089511 -0.237703
v 1.935738 0.090000 -0.238238
v 1.932295 -0.090000 -0.225492
v 1.935200 -0.089511 -0.224398
v 1.937821 -0.088090 -0.223410
v 1.939901 -0.085878 -0.222627
v 1.941237 -0.083090 -0.222124
v 1.941697 -0.080000 -0.221951
v 1.941697 0.080000 -0.221951
v 1.941237 0.083090 -0.222124
v 1.939901 0.085878 -0.222627
v 1.937821 0.088090 -0.223410
v 1.935200 0.089511 -0.224398
v 1.932295 0.090000 -0.225492
v 1.926557 -0.090000 -0.213811
v 1.929200 -0.089511 -0.212183
v 1.931584 -0.088090 -0.210714
v 1.933477 -0.085878 -0.209548
v 1.934691 -0.083090 -0.208800
v 1.935110 -0.080000 -0.208542
v 1.935110 0.080000 -0.208542
v 1.934691 0.083090 -0.208800
v 1.933477 0.085878 -0.209548
v 1.931584 0.088090 -0.210714
v 1.929200 0.089511 -0.212183
v 1.926557 0.090000 -0.213811
v 1.918525 -0.090000 -0.203197
v 1.920823 -0.089511 -0.201114
v 1.922897 -0.088090 -0.199234
v 1.924543 -0.085878 -0.197743
v 1.925600 -0.083090 -0.196786
v 1.925964 -0.080000 -0.196456
v 1.925964 0.080000 -0.196456
v 1.925600 0.083090 -0.196786
v 1.924543 0.085878 -0.197743
v 1.922897 0.088090 -0.199234
v 1.920823 0.089511 -0.201114
v 1.918525 0.090000 -0.203197
v 1.908197 -0.090000 -0.193648
v 1.910115 -0.089511 -0.191212
v 1.911845 -0.088090 -0.189015
v 1.913218 -0.085878 -0.187272
v 1.914099 -0.083090 -0.186153
v 1.914403 -0.080000 -0.185767
v 1.914403 0.080000 -0.185767
v 1.914099 0.083090 -0.186153
v 1.913218 0.085878 -0.187272
v 1.911845 0.088090 -0.189015
v 1.910115 0.089511 -0.191212
v 1.908197 0.090000 -0.193648
v 1.898238 -0.090000 -0.187008
v 1.899798 -0.089511 -0.184334
v 1.901205 -0.088090 -0.181922
v 1.902322 -0.085878 -0.180008
v 1.903040 -0.083090 -0.178779
v 1.903287 -0.080000 -0.178356
v 1.903287 0.080000 -0.178356
v 1.903040 0.083090 -0.178779
v 1.902322 0.085878 -0.180008
v 1.901205 0.088090 -0.181922
v 1.899798 0.089511 -0.184334
v 1.898238 0.090000 -0.187008
v 1.888033 -0.090000 -0.181844
v 1.889250 -0.089511 -0.178997
v 1.890347 -0.088090 -0.176428
v 1.891219 -0.085878 -0.174389
v 1.891778 -0.083090 -0.173081
v 1.891971 -0.080000 -0.172630
v 1.891971 0.080000 -0.172630
v 1.891778 0.083090 -0.173081
v 1.891219 0.085878 -0.174389
v 1.890347 0.088090 -0.176428
v 1.889250 0.089511 -0.178997
v 1.888033 0.090000 -0.181844
v 1.877582 -0.090000 -0.178156
v 1.878413 -0.089511 -0.175172
v 1.879163 -0.088090 -0.172480
v 1.879758 -0.085878 -0.170344
v 1.880140 -0.083090 -0.168973
v 1.880271 -0.080000 -0.168500
v 1.880271 0.080000 -0.168500
v 1.880140 0.083090 -0.168973
v 1.879758 0.085878 -0.170344
v 1.879163 0.088090 -0.172480
v 1.878413 0.089511 -0.175172
v 1.877582 0.090000 -0.178156
v 1.866885 -0.090000 -0.175943
v 1.867304 -0.089511 -0.172874
v 1.867682 -0.088090 -0.170105
v 1.867982 -0.085878 -0.167908
v 1.868174 -0.083090 -0.166497
v 1.868241 -0.080000 -0.166011
v 1.868241 0.080000 -0.166011
v 1.868174 0.083090 -0.166497
v 1.867982 0.085878 -0.167908
v 1.867682 0.088090 -0.170105
v 1.867304 0.089511 -0.172874
v 1.866885 0.090000 -0.175943
v 1.855942 -0.090000 -0.175205
v 1.856047 -0.089511 -0.172115
v 1.856140 -0.088090 -0.169327
v 1.856215 -0.085878 -0.167115
v 1.856263 -0.083090 -0.165694
v 1.856279 -0.080000 -0.165205
v 1.856279 0.080000 -0.165205
v 1.856263 0.083090 -0.165694
v 1.856215 0.085878 -0.167115
v 1.856140 0.088090 -0.169327
v 1.856047 0.089511 -0.172115
v 1.855942 0.090000 -0.175205
v 1.593647 -0.090000 -0.175205
v 1.596738 -0.089511 -0.172115
v 1.599525 -0.088090 -0.169327
v 1.601737 -0.085878 -0.167115
v 1.603158 -0.083090 -0.165694
v 1.603647 -0.080000 -0.165205
v 1.603647 0.080000 -0.165205
v 1.603158 0.083090 -0.165694
v 1.601737 0.085878 -0.167115
v 1.599525 0.088090 -0.169327
v 1.596738 0.089511 -0.172115
v 1.593647 0.090000 -0.175205
v 1.593647 -0.090000 -0.074795
v 1.596738 -0.089511 -0.077885
v 1.599525 -0.088090 -0.080673
v 1.601737 -0.085878 -0.082885
v 1.603158 -0.083090 -0.084306
v 1.603647 -0.080000 -0.084795
v 1.603647 0.080000 -0.084795
v 1.603158 0.083090 -0.084306
v 1.601737 0.085878 -0.082885
v 1.599525 0.088090 -0.080673
v 1.596738 0.089511 -0.077885
v 1.593647 0.090000 -0.074795
v 1.928688 -0.090000 -0.074795
v 1.932847 -0.089511 -0.077885
v 1.936599 -0.088090 -0.080673
v 1.939576 -0.085878 -0.082885
v 1.941488 -0.083090 -0.084306
v 1.942146 -0.080000 -0.084795
v 1.942146 0.080000 -0.084795
v 1.941488 0.083090 -0.084306
v 1.939576 0.085878 -0.082885
v 1.936599 0.088090 -0.080673
v 1.932847 0.089511 -0.077885
v 1.928688 0.090000 -0.074795
v 1.906147 -0.090000 0.000000
v 1.908444 -0.089511 0.003090
v 1.910515 -0.088090 0.005878
v 1.912159 -0.085878 0.008090
v 1.913214 -0.083090 0.009511
v 1.913578 -0.080000 0.010000
v 1.913578 0.080000 0.010000
v 1.913214 0.083090 0.009511
v 1.912159 0.085878 0.008090
v 1.910515 0.088090 0.005878
v 1.908444 0.089511 0.003090
v 1.906147 0.090000 0.000000
v 1.562910 -0.090000 0.000000
v 1.562800 -0.089511 0.003090
v 1.562701 -0.088090 0.005878
v 1.562622 -0.085878 0.008090
v 1.562572 -0.083090 0.009511
v 1.562554 -0.080000 0.010000
v 1.562554 0.080000 0.010000
v 1.562572 0.083090 0.009511
v 1.562622 0.085878 0.008090
v 1.562701 0.088090 0.005878
v 1.562800 0.089511 0.003090
v 1.562910 0.090000 0.000000
v 1.551967 -0.090000 -0.000779
v 1.551525 -0.089511 0.002288
v 1.551127 -0.088090 0.005054
v 1.550811 -0.085878 0.007250
v 1.550608 -0.083090 0.008659
v 1.550538 -0.080000 0.009145
v 1.550538 0.080000 0.009145
v 1.550608 0.083090 0.008659
v 1.550811 0.085878 0.007250
v 1.551127 0.088090 0.005054
v 1.551525 0.089511 0.002288
v 1.551967 0.090000 -0.000779
v 1.541270 -0.090000 -0.003115
v 1.540397 -0.089511 -0.000143
v 1.539609 -0.088090 0.002539
v 1.538984 -0.085878 0.004667
v 1.538582 -0.083090 0.006033
v 1.538444 -0.080000 0.006504
v 1.538444 0.080000 0.006504
v 1.538582 0.083090 0.006033
v 1.538984 0.085878 0.004667
v 1.539609 0.088090 0.002539
v 1.540397 0.089511 -0.000143
v 1.541270 0.090000 -0.003115
v 1.530820 -0.090000 -0.007008
v 1.529546 -0.089511 -0.004185
v 1.528398 -0.088090 -0.001638
v 1.527487 -0.085878 0.000383
v 1.526901 -0.083090 0.001681
v 1.526700 -0.080000 0.002128
v 1.526700 0.080000 0.002128
v 1.526901 0.083090 0.001681
v 1.527487 0.085878 0.000383
v 1.528398 0.088090 -0.001638
v 1.529546 0.089511 -0.004185
v 1.530820 0.090000 -0.007008
v 1.520615 -0.090000 -0.012459
v 1.518991 -0.089511 -0.009823
v 1.517527 -0.088090 -0.007444
v 1.516365 -0.085878 -0.005557
v 1.515619 -0.083090 -0.004345
v 1.515362 -0.080000 -0.003928
v 1.515362 0.080000 -0.003928
v 1.515619 0.083090 -0.004345
v 1.516365 0.085878 -0.005557
v 1.517527 0.088090 -0.007444
v 1.518991 0.089511 -0.009823
v 1.520615 0.090000 -0.012459
v 1.510656 -0.090000 -0.019467
v 1.508734 -0.089511 -0.017041
v 1.507000 -0.088090 -0.014852
v 1.505624 -0.085878 -0.013115
v 1.504741 -0.083090 -0.012000
v 1.504436 -0.080000 -0.011616
v 1.504436 0.080000 -0.011616
v 1.504741 0.083090 -0.012000
v 1.505624 0.085878 -0.013115
v 1.507000 0.088090 -0.014852
v 1.508734 0.089511 -0.017041
v 1.510656 0.090000 -0.019467
v 1.500328 -0.090000 -0.028648
v 1.498063 -0.089511 -0.026526
v 1.496019 -0.088090 -0.024613
v 1.494398 -0.085878 -0.023094
v 1.493357 -0.083090 -0.022119
v 1.492998 -0.080000 -0.021783
v 1.492998 0.080000 -0.021783
v 1.493357 0.083090 -0.022119
v 1.494398 0.085878 -0.023094
v 1.496019 0.088090 -0.024613
v 1.498063 0.089511 -0.026526
v 1.500328 0.090000 -0.028648
v 1.492295 -0.090000 -0.038975
v 1.489668 -0.089511 -0.037320
v 1.487298 -0.088090 -0.035826
v 1.485417 -0.085878 -0.034641
v 1.484210 -0.083090 -0.033880
v 1.483793 -0.080000 -0.033618
v 1.483793 0.080000 -0.033618
v 1.484210 0.083090 -0.033880
v 1.485417 0.085878 -0.034641
v 1.487298 0.088090 -0.035826
v 1.489668 0.089511 -0.037320
v 1.492295 0.090000 -0.038975
v 1.486557 -0.090000 -0.050451
v 1.483657 -0.089511 -0.049343
v 1.481040 -0.088090 -0.048343
v 1.478963 -0.085878 -0.047549
v 1.477630 -0.083090 -0.047040
v 1.477170 -0.080000 -0.046864
v 1.477170 0.080000 -0.046864
v 1.477630 0.083090 -0.047040
v 1.478963 0.085878 -0.047549
v 1.481040 0.088090 -0.048343
v 1.483657 0.089511 -0.049343
v 1.486557 0.090000 -0.050451
v 1.483115 -0.090000 -0.063074
v 1.480059 -0.089511 -0.062534
v 1.477302 -0.088090 -0.062048
v 1.475114 -0.085878 -0.061662
v 1.473709 -0.083090 -0.061414
v 1.473225 -0.080000 -0.061328
v 1.473225 0.080000 -0.061328
v 1.473709 0.083090 -0.061414
v 1.475114 0.085878 -0.061662
v 1.477302 0.088090 -0.062048
v 1.480059 0.089511 -0.062534
v 1.483115 0.090000 -0.063074
v 1.481967 -0.090000 -0.076844
v 1.478877 -0.089511 -0.076716
v 1.476089 -0.088090 -0.076600
v 1.473877 -0.085878 -0.076508
v 1.472457 -0.083090 -0.076449
v 1.471967 -0.080000 -0.076428
v 1.471967 0.080000 -0.076428
v 1.472457 0.083090 -0.076449
v 1.473877 0.085878 -0.076508
v 1.476089 0.088090 -0.076600
v 1.478877 0.089511 -0.076716
v 1.481967 0.090000 -0.076844
v 1.481967 -0.090000 -0.408811
v 1.478877 -0.089511 -0.411902
v 1.476089 -0.088090 -0.414689
v 1.473877 -0.085878 -0.416902
v 1.472457 -0.083090 -0.418322
v 1.471967 -0.080000 -0.418811
v 1.471967 0.080000 -0.418811
v 1.472457 0.083090 -0.418322
v 1.473877 0.085878 -0.416902
v 1.476089 0.088090 -0.414689
v 1.478877 0.089511 -0.411902
v 1.481967 0.090000 -0.408811
v 1.827254 -0.090000 -0.408811
v 1.824164 -0.089511 -0.411902
v 1.821376 -0.088090 -0.414689
v 1.819164 -0.085878 -0.416902
v 1.817743 -0.083090 -0.418322
v 1.817254 -0.080000 -0.418811
v 1.817254 0.080000 -0.418811
v 1.817743 0.083090 -0.418322
v 1.819164 0.085878 -0.416902
v 1.821376 0.088090 -0.414689
v 1.824164 0.089511 -0.411902
v 1.827254 0.090000 -0.408811
v 1.827254 -0.090000 -0.449795
v 1.824164 -0.089511 -0.452589
v 1.821376 -0.088090 -0.455109
v 1.819164 -0.085878 -0.457109
v 1.817743 -0.083090 -0.458393
v 1.817254 -0.080000 -0.458836
v 1.817254 0.080000 -0.458836
v 1.817743 0.083090 -0.458393
v 1.819164 0.085878 -0.457109
v 1.821376 0.088090 -0.455109
v 1.824164 0.089511 -0.452589
v 1.827254 0.090000 -0.449795
v 1.928688 -0.090000 -0.460041
v 1.931779 -0.089511 -0.463459
v 1.934566 -0.088090 -0.466542
v 1.936779 -0.085878 -0.468989
v 1.938199 -0.083090 -0.470561
v 1.938688 -0.080000 -0.471102
v 1.938688 0.080000 -0.471102
v 1.938199 0.083090 -0.470561
v 1.936779 0.085878 -0.468989
v 1.934566 0.088090 -0.466542
v 1.931779 0.089511 -0.463459
v 1.928688 0.090000 -0.460041
v 1.928688 -0.090000 -0.335041
v 1.931779 -0.089511 -0.331960
v 1.934566 -0.088090 -0.329181
v 1.936779 -0.085878 -0.326975
v 1.938199 -0.083090 -0.325559
v 1.938688 -0.080000 -0.325071
v 1.938688 0.080000 -0.325071
v 1.938199 0.083090 -0.325559
v 1.936779 0.085878 -0.326975
v 1.934566 0.088090 -0.329181
v 1.931779 0.089511 -0.331960
v 1.928688 0.090000 -0.335041
v 1.593647 -0.090000 -0.334016
v 1.596738 -0.089511 -0.330936
v 1.599525 -0.088090 -0.328156
v 1.601737 -0.085878 -0.325951
v 1.603158 -0.083090 -0.324535
v 1.603647 -0.080000 -0.324047
v 1.603647 0.080000 -0.324047
v 1.603158 0.083090 -0.324535
v 1.601737 0.085878 -0.325951
v 1.599525 0.088090 -0.328156
v 1.596738 0.089511 -0.330936
v 1.593647 0.090000 -0.334016
v 1.593647 -0.090000 -0.260246
v 1.596738 -0.089511 -0.263336
v 1.599525 -0.088090 -0.266124
v 1.601737 -0.085878 -0.268336
v 1.603158 -0.083090 -0.269756
v 1.603647 -0.080000 -0.270246
v 1.603647 0.080000 -0.270246
v 1.603158 0.083090 -0.269756
v 1.601737 0.085878 -0.268336
v 1.599525 0.088090 -0.266124
v 1.596738 0.089511 -0.263336
v 1.593647 0.090000 -0.260246
v 2.566803 -0.090000 0.000000
v 2.569587 -0.089511 -0.003809
v 2.572097 -0.088090 -0.007246
v 2.574090 -0.085878 -0.009973
v 2.575370 -0.083090 -0.011724
v 2.575810 -0.080000 -0.012327
v 2.575810 0.080000 -0.012327
v 2.575370 0.083090 -0.011724
v 2.574090 0.085878 -0.009973
v 2.572097 0.088090 -0.007246
v 2.569587 0.089511 -0.003809
v 2.566803 0.090000 0.000000
v 2.571926 -0.090000 0.061475
v 2.575239 -0.089511 0.064022
v 2.578228 -0.088090 0.066319
v 2.580600 -0.085878 0.068142
v 2.582123 -0.083090 0.069312
v 2.582647 -0.080000 0.069715
v 2.582647 0.080000 0.069715
v 2.582123 0.083090 0.069312
v 2.580600 0.085878 0.068142
v 2.578228 0.088090 0.066319
v 2.575239 0.089511 0.064022
v 2.571926 0.090000 0.061475
v 2.557500 -0.090000 0.064057
v 2.557995 -0.089511 0.067108
v 2.558442 -0.088090 0.069860
v 2.558796 -0.085878 0.072044
v 2.559024 -0.083090 0.073446
v 2.559103 -0.080000 0.073929
v 2.559103 0.080000 0.073929
v 2.559024 0.083090 0.073446
v 2.558796 0.085878 0.072044
v 2.558442 0.088090 0.069860
v 2.557995 0.089511 0.067108
v 2.557500 0.090000 0.064057
v 2.543729 -0.090000 0.066066
v 2.544120 -0.089511 0.069131
v 2.544473 -0.088090 0.071897
v 2.544753 -0.085878 0.074092
v 2.544933 -0.083090 0.075501
v 2.544995 -0.080000 0.075987
v 2.544995 0.080000 0.075987
v 2.544933 0.083090 0.075501
v 2.544753 0.085878 0.074092
v 2.544473 0.088090 0.071897
v 2.544120 0.089511 0.069131
v 2.543729 0.090000 0.066066
v 2.530614 -0.090000 0.067500
v 2.530889 -0.089511 0.070579
v 2.531137 -0.088090 0.073356
v 2.531333 -0.085878 0.075560
v 2.531460 -0.083090 0.076975
v 2.531503 -0.080000 0.077462
v 2.531503 0.080000 0.077462
v 2.531460 0.083090 0.076975
v 2.531333 0.085878 0.075560
v 2.531137 0.088090 0.073356
v 2.530889 0.089511 0.070579
v 2.530614 0.090000 0.067500
v 2.518155 -0.090000 0.068361
v 2.518299 -0.089511 0.071448
v 2.518430 -0.088090 0.074234
v 2.518533 -0.085878 0.076444
v 2.518599 -0.083090 0.077863
v 2.518622 -0.080000 0.078352
v 2.518622 0.080000 0.078352
v 2.518599 0.083090 0.077863
v 2.518533 0.085878 0.076444
v 2.518430 0.088090 0.074234
v 2.518299 0.089511 0.071448
v 2.518155 0.090000 0.068361
v 2.506352 -0.090000 0.068648
v 2.506264 -0.089511 0.071741
v 2.506185 -0.088090 0.074531
v 2.506122 -0.085878 0.076746
v 2.506081 -0.083090 0.078167
v 2.506067 -0.080000 0.078657
v 2.506067 0.080000 0.078657
v 2.506081 0.083090 0.078167
v 2.506122 0.085878 0.076746
v 2.506185 0.088090 0.074531
v 2.506264 0.089511 0.071741
v 2.506352 0.090000 0.068648
v 2.474631 -0.090000 0.066066
v 2.474130 -0.089511 0.069125
v 2.473679 -0.088090 0.071885
v 2.473320 -0.085878 0.074076
v 2.473090 -0.083090 0.075482
v 2.473011 -0.080000 0.075967
v 2.473011 0.080000 0.075967
v 2.473090 0.083090 0.075482
v 2.473320 0.085878 0.074076
v 2.473679 0.088090 0.071885
v 2.474130 0.089511 0.069125
v 2.474631 0.090000 0.066066
v 2.443401 -0.090000 0.058320
v 2.442425 -0.089511 0.061261
v 2.441545 -0.088090 0.063915
v 2.440846 -0.085878 0.066021
v 2.440397 -0.083090 0.067373
v 2.440243 -0.080000 0.067839
v 2.440243 0.080000 0.067839
v 2.440397 0.083090 0.067373
v 2.440846 0.085878 0.066021
v 2.441545 0.088090 0.063915
v 2.442425 0.089511 0.061261
v 2.443401 0.090000 0.058320
v 2.412664 -0.090000 0.045410
v 2.411266 -0.089511 0.048174
v 2.410005 -0.088090 0.050668
v 2.409004 -0.085878 0.052648
v 2.408362 -0.083090 0.053918
v 2.408140 -0.080000 0.054356
v 2.408140 0.080000 0.054356
v 2.408362 0.083090 0.053918
v 2.409004 0.085878 0.052648
v 2.410005 0.088090 0.050668
v 2.411266 0.089511 0.048174
v 2.412664 0.090000 0.045410
v 2.382418 -0.090000 0.027336
v 2.380667 -0.089511 0.029890
v 2.379088 -0.088090 0.032194
v 2.377835 -0.085878 0.034022
v 2.377031 -0.083090 0.035196
v 2.376753 -0.080000 0.035601
v 2.376753 0.080000 0.035601
v 2.377031 0.083090 0.035196
v 2.377835 0.085878 0.034022
v 2.379088 0.088090 0.032194
v 2.380667 0.089511 0.029890
v 2.382418 0.090000 0.027336
v 2.352664 -0.090000 0.004098
v 2.350628 -0.089511 0.006429
v 2.348791 -0.088090 0.008532
v 2.347334 -0.085878 0.010201
v 2.346398 -0.083090 0.011272
v 2.346076 -0.080000 0.011642
v 2.346076 0.080000 0.011642
v 2.346398 0.083090 0.011272
v 2.347334 0.085878 0.010201
v 2.348791 0.088090 0.008532
v 2.350628 0.089511 0.006429
v 2.352664 0.090000 0.004098
v 2.318115 -0.090000 -0.029590
v 2.315866 -0.089511 -0.027467
v 2.313837 -0.088090 -0.025551
v 2.312227 -0.085878 -0.024031
v 2.311193 -0.083090 -0.023055
v 2.310838 -0.080000 -0.022719
v 2.310838 0.080000 -0.022719
v 2.311193 0.083090 -0.023055
v 2.312227 0.085878 -0.024031
v 2.313837 0.088090 -0.025551
v 2.315866 0.089511 -0.027467
v 2.318115 0.090000 -0.029590
v 2.280860 -0.090000 -0.072459
v 2.278466 -0.089511 -0.070503
v 2.276307 -0.088090 -0.068738
v 2.274593 -0.085878 -0.067338
v 2.273492 -0.083090 -0.066439
v 2.273113 -0.080000 -0.066129
v 2.273113 0.080000 -0.066129
v 2.273492 0.083090 -0.066439
v 2.274593 0.085878 -0.067338
v 2.276307 0.088090 -0.068738
v 2.278466 0.089511 -0.070503
v 2.280860 0.090000 -0.072459
v 2.240901 -0.090000 -0.124508
v 2.238407 -0.089511 -0.122683
v 2.236156 -0.088090 -0.121036
v 2.234370 -0.085878 -0.119730
v 2.233224 -0.083090 -0.118891
v 2.232829 -0.080000 -0.118602
v 2.232829 0.080000 -0.118602
v 2.233224 0.083090 -0.118891
v 2.234370 0.085878 -0.119730
v 2.236156 0.088090 -0.121036
v 2.238407 0.089511 -0.122683
v 2.240901 0.090000 -0.124508
v 2.198237 -0.090000 -0.185738
v 2.195670 -0.089511 -0.184017
v 2.193354 -0.088090 -0.182465
v 2.191516 -0.085878 -0.181233
v 2.190336 -0.083090 -0.180442
v 2.189929 -0.080000 -0.180169
v 2.189929 0.080000 -0.180169
v 2.190336 0.083090 -0.180442
v 2.191516 0.085878 -0.181233
v 2.193354 0.088090 -0.182465
v 2.195670 0.089511 -0.184017
v 2.198237 0.090000 -0.185738
v 2.152869 -0.090000 -0.256148
v 2.155959 -0.089511 -0.245647
v 2.158746 -0.088090 -0.236174
v 2.160959 -0.085878 -0.228656
v 2.162379 -0.083090 -0.223829
v 2.162868 -0.080000 -0.222166
v 2.162868 0.080000 -0.222166
v 2.162379 0.083090 -0.223829
v 2.160959 0.085878 -0.228656
v 2.158746 0.088090 -0.236174
v 2.155959 0.089511 -0.245647
v 2.152869 0.090000 -0.256148
v 2.152869 -0.090000 -0.004098
v 2.155959 -0.089511 -0.001279
v 2.158746 -0.088090 0.001265
v 2.160959 -0.085878 0.003284
v 2.162379 -0.083090 0.004580
v 2.162868 -0.080000 0.005026
v 2.162868 0.080000 0.005026
v 2.162379 0.083090 0.004580
v 2.160959 0.085878 0.003284
v 2.158746 0.088090 0.001265
v 2.155959 0.089511 -0.001279
v 2.152869 0.090000 -0.004098
v 2.041188 -0.090000 0.006148
v 2.038098 -0.089511 0.009534
v 2.035310 -0.088090 0.012589
v 2.033098 -0.085878 0.015014
v 2.031678 -0.083090 0.016571
v 2.031188 -0.080000 0.017107
v 2.031188 0.080000 0.017107
v 2.031678 0.083090 0.016571
v 2.033098 0.085878 0.015014
v 2.035310 0.088090 0.012589
v 2.038098 0.089511 0.009534
v 2.041188 0.090000 0.006148
v 2.041188 -0.090000 -0.349385
v 2.038098 -0.089511 -0.346672
v 2.035310 -0.088090 -0.344224
v 2.033098 -0.085878 -0.342282
v 2.031678 -0.083090 -0.341035
v 2.031188 -0.080000 -0.340605
v 2.031188 0.080000 -0.340605
v 2.031678 0.083090 -0.341035
v 2.033098 0.085878 -0.342282
v 2.035310 0.088090 -0.344224
v 2.038098 0.089511 -0.346672
v 2.041188 0.090000 -0.349385
v 2.031762 -0.090000 -0.350615
v 2.031363 -0.089511 -0.347551
v 2.031002 -0.088090 -0.344786
v 2.030716 -0.085878 -0.342593
v 2.030532 -0.083090 -0.341184
v 2.030469 -0.080000 -0.340699
v 2.030469 0.080000 -0.340699
v 2.030532 0.083090 -0.341184
v 2.030716 0.085878 -0.342593
v 2.031002 0.088090 -0.344786
v 2.031363 0.089511 -0.347551
v 2.031762 0.090000 -0.350615
v 2.022336 -0.090000 -0.351844
v 2.021936 -0.089511 -0.348780
v 2.021576 -0.088090 -0.346016
v 2.021290 -0.085878 -0.343822
v 2.021106 -0.083090 -0.342414
v 2.021043 -0.080000 -0.341928
v 2.021043 0.080000 -0.341928
v 2.021106 0.083090 -0.342414
v 2.021290 0.085878 -0.343822
v 2.021576 0.088090 -0.346016
v 2.021936 0.089511 -0.348780
v 2.022336 0.090000 -0.351844
v 2.012910 -0.090000 -0.353074
v 2.012510 -0.089511 -0.350010
v 2.012150 -0.088090 -0.347245
v 2.011863 -0.085878 -0.345052
v 2.011680 -0.083090 -0.343643
v 2.011616 -0.080000 -0.343158
v 2.011616 0.080000 -0.343158
v 2.011680 0.083090 -0.343643
v 2.011863 0.085878 -0.345052
v 2.012150 0.088090 -0.347245
v 2.012510 0.089511 -0.350010
v 2.012910 0.090000 -0.353074
v 2.003484 -0.090000 -0.354303
v 2.003084 -0.089511 -0.351239
v 2.002723 -0.088090 -0.348475
v 2.002437 -0.085878 -0.346281
v 2.002254 -0.083090 -0.344873
v 2.002190 -0.080000 -0.344387
v 2.002190 0.080000 -0.344387
v 2.002254 0.083090 -0.344873
v 2.002437 0.085878 -0.346281
v 2.002723 0.088090 -0.348475
v 2.003084 0.089511 -0.351239
v 2.003484 0.090000 -0.354303
v 1.994057 -0.090000 -0.355533
v 1.993102 -0.089511 -0.352541
v 1.992240 -0.088090 -0.349842
v 1.991556 -0.085878 -0.347700
v 1.991117 -0.083090 -0.346325
v 1.990966 -0.080000 -0.345851
v 1.990966 0.080000 -0.345851
v 1.991117 0.083090 -0.346325
v 1.991556 0.085878 -0.347700
v 1.992240 0.088090 -0.349842
v 1.993102 0.089511 -0.352541
v 1.994057 0.090000 -0.355533
v 1.985573 -0.090000 -0.360041
v 1.983764 -0.089511 -0.357503
v 1.982132 -0.088090 -0.355213
v 1.980837 -0.085878 -0.353396
v 1.980006 -0.083090 -0.352230
v 1.979719 -0.080000 -0.351828
v 1.979719 0.080000 -0.351828
v 1.980006 0.083090 -0.352230
v 1.980837 0.085878 -0.353396
v 1.982132 0.088090 -0.355213
v 1.983764 0.089511 -0.357503
v 1.985573 0.090000 -0.360041
v 1.978975 -0.090000 -0.366188
v 1.976554 -0.089511 -0.364221
v 1.974370 -0.088090 -0.362445
v 1.972637 -0.085878 -0.361037
v 1.971524 -0.083090 -0.360132
v 1.971140 -0.080000 -0.359820
v 1.971140 0.080000 -0.359820
v 1.971524 0.083090 -0.360132
v 1.972637 0.085878 -0.361037
v 1.974370 0.088090 -0.362445
v 1.976554 0.089511 -0.364221
v 1.978975 0.090000 -0.366188
v 1.974262 -0.090000 -0.373975
v 1.971415 -0.089511 -0.372711
v 1.968847 -0.088090 -0.371571
v 1.966808 -0.085878 -0.370666
v 1.965500 -0.083090 -0.370085
v 1.965049 -0.080000 -0.369885
v 1.965049 0.080000 -0.369885
v 1.965500 0.083090 -0.370085
v 1.966808 0.085878 -0.370666
v 1.968847 0.088090 -0.371571
v 1.971415 0.089511 -0.372711
v 1.974262 0.090000 -0.373975
v 1.971434 -0.090000 -0.383402
v 1.968382 -0.089511 -0.382820
v 1.965629 -0.088090 -0.382296
v 1.963444 -0.085878 -0.381880
v 1.962041 -0.083090 -0.381613
v 1.961558 -0.080000 -0.381521
v 1.961558 0.080000 -0.381521
v 1.962041 0.083090 -0.381613
v 1.963444 0.085878 -0.381880
v 1.965629 0.088090 -0.382296
v 1.968382 0.089511 -0.382820
v 1.971434 0.090000 -0.383402
v 1.970492 -0.090000 -0.394467
v 1.967401 -0.089511 -0.394336
v 1.964614 -0.088090 -0.394217
v 1.962401 -0.085878 -0.394123
v 1.960981 -0.083090 -0.394063
v 1.960492 -0.080000 -0.394042
v 1.960492 0.080000 -0.394042
v 1.960981 0.083090 -0.394063
v 1.962401 0.085878 -0.394123
v 1.964614 0.088090 -0.394217
v 1.967401 0.089511 -0.394336
v 1.970492 0.090000 -0.394467
v 1.970492 -0.090000 -0.412910
v 1.967401 -0.089511 -0.416000
v 1.964614 -0.088090 -0.418788
v 1.962401 -0.085878 -0.421000
v 1.960981 -0.083090 -0.422420
v 1.960492 -0.080000 -0.422910
v 1.960492 0.080000 -0.422910
v 1.960981 0.083090 -0.422420
v 1.962401 0.085878 -0.421000
v 1.964614 0.088090 -0.418788
v 1.967401 0.089511 -0.416000
v 1.970492 0.090000 -0.412910
v 2.165164 -0.090000 -0.412910
v 2.166951 -0.089511 -0.416000
v 2.168563 -0.088090 -0.418788
v 2.169842 -0.085878 -0.421000
v 2.170664 -0.083090 -0.422420
v 2.170947 -0.080000 -0.422910
v 2.170947 0.080000 -0.422910
v 2.170664 0.083090 -0.422420
v 2.169842 0.085878 -0.421000
v 2.168563 0.088090 -0.418788
v 2.166951 0.089511 -0.416000
v 2.165164 0.090000 -0.412910
v 2.212049 -0.090000 -0.331434
v 2.214697 -0.089511 -0.333029
v 2.217085 -0.088090 -0.334468
v 2.218980 -0.085878 -0.335610
v 2.220197 -0.083090 -0.336343
v 2.220617 -0.080000 -0.336595
v 2.220617 0.080000 -0.336595
v 2.220197 0.083090 -0.336343
v 2.218980 0.085878 -0.335610
v 2.217085 0.088090 -0.334468
v 2.214697 0.089511 -0.333029
v 2.212049 0.090000 -0.331434
v 2.261721 -0.090000 -0.252582
v 2.264302 -0.089511 -0.254282
v 2.266631 -0.088090 -0.255816
v 2.268479 -0.085878 -0.257033
v 2.269665 -0.083090 -0.257814
v 2.270074 -0.080000 -0.258084
v 2.270074 0.080000 -0.258084
v 2.269665 0.083090 -0.257814
v 2.268479 0.085878 -0.257033
v 2.266631 0.088090 -0.255816
v 2.264302 0.089511 -0.254282
v 2.261721 0.090000 -0.252582
v 2.314180 -0.090000 -0.176352
v 2.316690 -0.089511 -0.178157
v 2.318954 -0.088090 -0.179784
v 2.320750 -0.085878 -0.181076
v 2.321904 -0.083090 -0.181905
v 2.322301 -0.080000 -0.182191
v 2.322301 0.080000 -0.182191
v 2.321904 0.083090 -0.181905
v 2.320750 0.085878 -0.181076
v 2.318954 0.088090 -0.179784
v 2.316690 0.089511 -0.178157
v 2.314180 0.090000 -0.176352
v 2.369426 -0.090000 -0.102746
v 2.371859 -0.089511 -0.104652
v 2.374054 -0.088090 -0.106372
v 2.375796 -0.085878 -0.107737
v 2.376914 -0.083090 -0.108613
v 2.377299 -0.080000 -0.108915
v 2.377299 0.080000 -0.108915
v 2.376914 0.083090 -0.108613
v 2.375796 0.085878 -0.107737
v 2.374054 0.088090 -0.106372
v 2.371859 0.089511 -0.104652
v 2.369426 0.090000 -0.102746
v 2.427459 -0.090000 -0.031762
v 2.424369 -0.089511 -0.040424
v 2.421581 -0.088090 -0.048238
v 2.419369 -0.085878 -0.054440
v 2.417948 -0.083090 -0.058421
v 2.417459 -0.080000 -0.059793
v 2.417459 0.080000 -0.059793
v 2.417948 0.083090 -0.058421
v 2.419369 0.085878 -0.054440
v 2.421581 0.088090 -0.048238
v 2.424369 0.089511 -0.040424
v 2.427459 0.090000 -0.031762
v 2.427459 -0.090000 -0.412910
v 2.424369 -0.089511 -0.416000
v 2.421581 -0.088090 -0.418788
v 2.419369 -0.085878 -0.421000
v 2.417948 -0.083090 -0.422420
v 2.417459 -0.080000 -0.422910
v 2.417459 0.080000 -0.422910
v 2.417948 0.083090 -0.422420
v 2.419369 0.085878 -0.421000
v 2.421581 0.088090 -0.418788
v 2.424369 0.089511 -0.416000
v 2.427459 0.090000 -0.412910
v 2.527869 -0.090000 -0.412910
v 2.530959 -0.089511 -0.416000
v 2.533746 -0.088090 -0.418788
v 2.535959 -0.085878 -0.421000
v 2.537379 -0.083090 -0.422420
v 2.537868 -0.080000 -0.422910
v 2.537868 0.080000 -0.422910
v 2.537379 0.083090 -0.422420
v 2.535959 0.085878 -0.421000
v 2.533746 0.088090 -0.418788
v 2.530959 0.089511 -0.416000
v 2.527869 0.090000 -0.412910
v 2.527869 -0.090000 0.004098
v 2.530959 -0.089511 0.001569
v 2.533746 -0.088090 -0.000713
v 2.535959 -0.085878 -0.002524
v 2.537379 -0.083090 -0.003687
v 2.537868 -0.080000 -0.004087
v 2.537868 0.080000 -0.004087
v 2.537379 0.083090 -0.003687
v 2.535959 0.085878 -0.002524
v 2.533746 0.088090 -0.000713
v 2.530959 0.089511 0.001569
v 2.527869 0.090000 0.004098
v 2.533155 -0.090000 0.005164
v 2.533717 -0.089511 0.002125
v 2.534224 -0.088090 -0.000617
v 2.534626 -0.085878 -0.002793
v 2.534884 -0.083090 -0.004189
v 2.534973 -0.080000 -0.004671
v 2.534973 0.080000 -0.004671
v 2.534884 0.083090 -0.004189
v 2.534626 0.085878 -0.002793
v 2.534224 0.088090 -0.000617
v 2.533717 0.089511 0.002125
v 2.533155 0.090000 0.005164
v 2.537541 -0.090000 0.005902
v 2.537978 -0.089511 0.002842
v 2.538372 -0.088090 0.000081
v 2.538685 -0.085878 -0.002110
v 2.538886 -0.083090 -0.003516
v 2.538955 -0.080000 -0.004001
v 2.538955 0.080000 -0.004001
v 2.538886 0.083090 -0.003516
v 2.538685 0.085878 -0.002110
v 2.538372 0.088090 0.000081
v 2.537978 0.089511 0.002842
v 2.537541 0.090000 0.005902
v 2.541024 -0.090000 0.006311
v 2.541254 -0.089511 0.003227
v 2.541462 -0.088090 0.000445
v 2.541626 -0.085878 -0.001764
v 2.541732 -0.083090 -0.003181
v 2.541768 -0.080000 -0.003670
v 2.541768 0.080000 -0.003670
v 2.541732 0.083090 -0.003181
v 2.541626 0.085878 -0.001764
v 2.541462 0.088090 0.000445
v 2.541254 0.089511 0.003227
v 2.541024 0.090000 0.006311
v 2.543606 -0.090000 0.006393
v 2.543430 -0.089511 0.003296
v 2.543271 -0.088090 0.000502
v 2.543145 -0.085878 -0.001715
v 2.543064 -0.083090 -0.003139
v 2.543036 -0.080000 -0.003630
v 2.543036 0.080000 -0.003630
v 2.543064 0.083090 -0.003139
v 2.543145 0.085878 -0.001715
v 2.543271 0.088090 0.000502
v 2.543430 0.089511 0.003296
v 2.543606 0.090000 0.006393
v 2.545287 -0.090000 0.006148
v 2.544603 -0.089511 0.003124
v 2.543987 -0.088090 0.000397
v 2.543497 -0.085878 -0.001767
v 2.543183 -0.083090 -0.003156
v 2.543075 -0.080000 -0.003635
v 2.543075 0.080000 -0.003635
v 2.543183 0.083090 -0.003156
v 2.543497 0.085878 -0.001767
v 2.543987 0.088090 0.000397
v 2.544603 0.089511 0.003124
v 2.545287 0.090000 0.006148
v 2.551393 -0.090000 0.004262
v 2.550495 -0.089511 0.001306
v 2.549684 -0.088090 -0.001362
v 2.549041 -0.085878 -0.003478
v 2.548627 -0.083090 -0.004837
v 2.548485 -0.080000 -0.005306
v 2.548485 0.080000 -0.005306
v 2.548627 0.083090 -0.004837
v 2.549041 0.085878 -0.003478
v 2.549684 0.088090 -0.001362
v 2.550495 0.089511 0.001306
v 2.551393 0.090000 0.004262
v 2.556598 -0.090000 0.002705
v 2.555731 -0.089511 -0.000261
v 2.554948 -0.088090 -0.002937
v 2.554327 -0.085878 -0.005060
v 2.553929 -0.083090 -0.006423
v 2.553791 -0.080000 -0.006893
v 2.553791 0.080000 -0.006893
v 2.553929 0.083090 -0.006423
v 2.554327 0.085878 -0.005060
v 2.554948 0.088090 -0.002937
v 2.555731 0.089511 -0.000261
v 2.556598 0.090000 0.002705
v 2.560901 -0.090000 0.001475
v 2.560081 -0.089511 -0.001504
v 2.559341 -0.088090 -0.004192
v 2.558753 -0.085878 -0.006325
v 2.558377 -0.083090 -0.007694
v 2.558247 -0.080000 -0.008166
v 2.558247 0.080000 -0.008166
v 2.558377 0.083090 -0.007694
v 2.558753 0.085878 -0.006325
v 2.559341 0.088090 -0.004192
v 2.560081 0.089511 -0.001504
v 2.560901 0.090000 0.001475
v 2.564303 -0.090000 0.000574
v 2.563561 -0.089511 -0.002427
v 2.562892 -0.088090 -0.005133
v 2.562361 -0.085878 -0.007281
v 2.562020 -0.083090 -0.008660
v 2.561903 -0.080000 -0.009135
v 2.561903 0.080000 -0.009135
v 2.562020 0.083090 -0.008660
v 2.562361 0.085878 -0.007281
v 2.562892 0.088090 -0.005133
v 2.563561 0.089511 -0.002427
v 2.564303 0.090000 0.000574
v 3.060450 -0.090000 -0.449795
v 3.057360 -0.089511 -0.452589
v 3.054573 -0.088090 -0.455109
v 3.052360 -0.085878 -0.457109
v 3.050940 -0.083090 -0.458393
v 3.050450 -0.080000 -0.458836
v 3.050450 0.080000 -0.458836
v 3.050940 0.083090 -0.458393
v 3.052360 0.085878 -0.457109
v 3.054573 0.088090 -0.455109
v 3.057360 0.089511 -0.452589
v 3.060450 0.090000 -0.449795
v 3.161885 -0.090000 -0.460041
v 3.164975 -0.089511 -0.463459
v 3.167763 -0.088090 -0.466542
v 3.169975 -0.085878 -0.468989
v 3.171395 -0.083090 -0.470561
v 3.171885 -0.080000 -0.471102
v 3.171885 0.080000 -0.471102
v 3.171395 0.083090 -0.470561
v 3.169975 0.085878 -0.468989
v 3.167763 0.088090 -0.466542
v 3.164975 0.089511 -0.463459
v 3.161885 0.090000 -0.460041
v 3.161885 -0.090000 -0.335041
v 3.164975 -0.089511 -0.331951
v 3.167763 -0.088090 -0.329163
v 3.169975 -0.085878 -0.326951
v 3.171395 -0.083090 -0.325530
v 3.171885 -0.080000 -0.325041
v 3.171885 0.080000 -0.325041
v 3.171395 0.083090 -0.325530
v 3.169975 0.085878 -0.326951
v 3.167763 0.088090 -0.329163
v 3.164975 0.089511 -0.331951
v 3.161885 0.090000 -0.335041
v 2.965163 -0.090000 -0.335041
v 2.968254 -0.089511 -0.331951
v 2.971041 -0.088090 -0.329163
v 2.973254 -0.085878 -0.326951
v 2.974674 -0.083090 -0.325530
v 2.975163 -0.080000 -0.325041
v 2.975163 0.080000 -0.325041
v 2.974674 0.083090 -0.325530
v 2.973254 0.085878 -0.326951
v 2.971041 0.088090 -0.329163
v 2.968254 0.089511 -0.331951
v 2.965163 0.090000 -0.335041
v 2.965163 -0.090000 0.000000
v 2.968254 -0.089511 0.003090
v 2.971041 -0.088090 0.005878
v 2.973254 -0.085878 0.008090
v 2.974674 -0.083090 0.009511
v 2.975163 -0.080000 0.010000
v 2.975163 0.080000 0.010000
v 2.974674 0.083090 0.009511
v 2.973254 0.085878 0.008090
v 2.971041 0.088090 0.005878
v 2.968254 0.089511 0.003090
v 2.965163 0.090000 0.000000
v 2.852458 -0.090000 0.000000
v 2.849368 -0.089511 0.003090
v 2.846581 -0.088090 0.005878
v 2.844368 -0.085878 0.008090
v 2.842948 -0.083090 0.009511
v 2.842458 -0.080000 0.010000
v 2.842458 0.080000 0.010000
v 2.842948 0.083090 0.009511
v 2.844368 0.085878 0.008090
v 2.846581 0.088090 0.005878
v 2.849368 0.089511 0.003090
v 2.852458 0.090000 0.000000
v 2.852458 -0.090000 -0.334016
v 2.849368 -0.089511 -0.330926
v 2.846581 -0.088090 -0.328139
v 2.844368 -0.085878 -0.325926
v 2.842948 -0.083090 -0.324506
v 2.842458 -0.080000 -0.324016
v 2.842458 0.080000 -0.324016
v 2.842948 0.083090 -0.324506
v 2.844368 0.085878 -0.325926
v 2.846581 0.088090 -0.328139
v 2.849368 0.089511 -0.330926
v 2.852458 0.090000 -0.334016
v 2.678278 -0.090000 -0.334016
v 2.675353 -0.089511 -0.330926
v 2.672714 -0.088090 -0.328139
v 2.670619 -0.085878 -0.325926
v 2.669275 -0.083090 -0.324506
v 2.668811 -0.080000 -0.324016
v 2.668811 0.080000 -0.324016
v 2.669275 0.083090 -0.324506
v 2.670619 0.085878 -0.325926
v 2.672714 0.088090 -0.328139
v 2.675353 0.089511 -0.330926
v 2.678278 0.090000 -0.334016
v 2.674180 -0.090000 -0.408811
v 2.670916 -0.089511 -0.411902
v 2.667971 -0.088090 -0.414689
v 2.665634 -0.085878 -0.416902
v 2.664134 -0.083090 -0.418322
v 2.663617 -0.080000 -0.418811
v 2.663617 0.080000 -0.418811
v 2.664134 0.083090 -0.418322
v 2.665634 0.085878 -0.416902
v 2.667971 0.088090 -0.414689
v 2.670916 0.089511 -0.411902
v 2.674180 0.090000 -0.408811
v 3.060450 -0.090000 -0.408811
v 3.057360 -0.089511 -0.411902
v 3.054573 -0.088090 -0.414689
v 3.052360 -0.085878 -0.416902
v 3.050940 -0.083090 -0.418322
v 3.050450 -0.080000 -0.418811
v 3.050450 0.080000 -0.418811
v 3.050940 0.083090 -0.418322
v 3.052360 0.085878 -0.416902
v 3.054573 0.088090 -0.414689
v 3.057360 0.089511 -0.411902
v 3.060450 0.090000 -0.408811
v 3.733401 -0.090000 -0.254098
v 3.736491 -0.089511 -0.254216
v 3.739279 -0.088090 -0.254321
v 3.741491 -0.085878 -0.254405
v 3.742912 -0.083090 -0.254459
v 3.743401 -0.080000 -0.254477
v 3.743401 0.080000 -0.254477
v 3.742912 0.083090 -0.254459
v 3.741491 0.085878 -0.254405
v 3.739279 0.088090 -0.254321
v 3.736491 0.089511 -0.254216
v 3.733401 0.090000 -0.254098
v 3.733401 -0.090000 0.000000
v 3.736491 -0.089511 0.003106
v 3.739279 -0.088090 0.005908
v 3.741491 -0.085878 0.008131
v 3.742912 -0.083090 0.009559
v 3.743401 -0.080000 0.010051
v 3.743401 0.080000 0.010051
v 3.742912 0.083090 0.009559
v 3.741491 0.085878 0.008131
v 3.739279 0.088090 0.005908
v 3.736491 0.089511 0.003106
v 3.733401 0.090000 0.000000
v 3.326639 -0.090000 -0.002049
v 3.326521 -0.089511 0.001040
v 3.326415 -0.088090 0.003828
v 3.326331 -0.085878 0.006040
v 3.326277 -0.083090 0.007460
v 3.326258 -0.080000 0.007949
v 3.326258 0.080000 0.007949
v 3.326277 0.083090 0.007460
v 3.326331 0.085878 0.006040
v 3.326415 0.088090 0.003828
v 3.326521 0.089511 0.001040
v 3.326639 0.090000 -0.002049
v 3.315696 -0.090000 -0.002828
v 3.315255 -0.089511 0.000239
v 3.314856 -0.088090 0.003005
v 3.314540 -0.085878 0.005200
v 3.314337 -0.083090 0.006610
v 3.314267 -0.080000 0.007096
v 3.314267 0.080000 0.007096
v 3.314337 0.083090 0.006610
v 3.314540 0.085878 0.005200
v 3.314856 0.088090 0.003005
v 3.315255 0.089511 0.000239
v 3.315696 0.090000 -0.002828
v 3.305000 -0.090000 -0.005164
v 3.304126 -0.089511 -0.002192
v 3.303338 -0.088090 0.000490
v 3.302713 -0.085878 0.002618
v 3.302311 -0.083090 0.003984
v 3.302173 -0.080000 0.004454
v 3.302173 0.080000 0.004454
v 3.302311 0.083090 0.003984
v 3.302713 0.085878 0.002618
v 3.303338 0.088090 0.000490
v 3.304126 0.089511 -0.002192
v 3.305000 0.090000 -0.005164
v 3.294549 -0.090000 -0.009057
v 3.293276 -0.089511 -0.006234
v 3.292127 -0.088090 -0.003687
v 3.291216 -0.085878 -0.001666
v 3.290631 -0.083090 -0.000368
v 3.290429 -0.080000 0.000079
v 3.290429 0.080000 0.000079
v 3.290631 0.083090 -0.000368
v 3.291216 0.085878 -0.001666
v 3.292127 0.088090 -0.003687
v 3.293276 0.089511 -0.006234
v 3.294549 0.090000 -0.009057
v 3.284344 -0.090000 -0.014508
v 3.282721 -0.089511 -0.011872
v 3.281256 -0.088090 -0.009494
v 3.280094 -0.085878 -0.007606
v 3.279348 -0.083090 -0.006394
v 3.279091 -0.080000 -0.005977
v 3.279091 0.080000 -0.005977
v 3.279348 0.083090 -0.006394
v 3.280094 0.085878 -0.007606
v 3.281256 0.088090 -0.009494
v 3.282721 0.089511 -0.011872
v 3.284344 0.090000 -0.014508
v 3.274385 -0.090000 -0.021516
v 3.272441 -0.089511 -0.019106
v 3.270687 -0.088090 -0.016931
v 3.269295 -0.085878 -0.015205
v 3.268402 -0.083090 -0.014097
v 3.268094 -0.080000 -0.013716
v 3.268094 0.080000 -0.013716
v 3.268402 0.083090 -0.014097
v 3.269295 0.085878 -0.015205
v 3.270687 0.088090 -0.016931
v 3.272441 0.089511 -0.019106
v 3.274385 0.090000 -0.021516
v 3.264057 -0.090000 -0.031025
v 3.261766 -0.089511 -0.028933
v 3.259700 -0.088090 -0.027046
v 3.258060 -0.085878 -0.025549
v 3.257008 -0.083090 -0.024587
v 3.256645 -0.080000 -0.024256
v 3.256645 0.080000 -0.024256
v 3.257008 0.083090 -0.024587
v 3.258060 0.085878 -0.025549
v 3.259700 0.088090 -0.027046
v 3.261766 0.089511 -0.028933
v 3.264057 0.090000 -0.031025
v 3.256024 -0.090000 -0.041516
v 3.253392 -0.089511 -0.039871
v 3.251017 -0.088090 -0.038387
v 3.249132 -0.085878 -0.037210
v 3.247922 -0.083090 -0.036454
v 3.247505 -0.080000 -0.036193
v 3.247505 0.080000 -0.036193
v 3.247922 0.083090 -0.036454
v 3.249132 0.085878 -0.037210
v 3.251017 0.088090 -0.038387
v 3.253392 0.089511 -0.039871
v 3.256024 0.090000 -0.041516
v 3.250286 -0.090000 -0.052992
v 3.247388 -0.089511 -0.051879
v 3.244773 -0.088090 -0.050875
v 3.242698 -0.085878 -0.050078
v 3.241366 -0.083090 -0.049567
v 3.240907 -0.080000 -0.049390
v 3.240907 0.080000 -0.049390
v 3.241366 0.083090 -0.049567
v 3.242698 0.085878 -0.050078
v 3.244773 0.088090 -0.050875
v 3.247388 0.089511 -0.051879
v 3.250286 0.090000 -0.052992
v 3.246844 -0.090000 -0.065451
v 3.243789 -0.089511 -0.064903
v 3.241034 -0.088090 -0.064409
v 3.238847 -0.085878 -0.064017
v 3.237442 -0.083090 -0.063766
v 3.236959 -0.080000 -0.063679
v 3.236959 0.080000 -0.063679
v 3.237442 0.083090 -0.063766
v 3.238847 0.085878 -0.064017
v 3.241034 0.088090 -0.064409
v 3.243789 0.089511 -0.064903
v 3.246844 0.090000 -0.065451
v 3.245696 -0.090000 -0.078893
v 3.242605 -0.089511 -0.078771
v 3.239817 -0.088090 -0.078660
v 3.237604 -0.085878 -0.078572
v 3.236183 -0.083090 -0.078516
v 3.235694 -0.080000 -0.078497
v 3.235694 0.080000 -0.078497
v 3.236183 0.083090 -0.078516
v 3.237604 0.085878 -0.078572
v 3.239817 0.088090 -0.078660
v 3.242605 0.089511 -0.078771
v 3.245696 0.090000 -0.078893
v 3.246721 -0.090000 -0.254098
v 3.243649 -0.089511 -0.257189
v 3.240877 -0.088090 -0.259976
v 3.238678 -0.085878 -0.262189
v 3.237266 -0.083090 -0.263609
v 3.236779 -0.080000 -0.264098
v 3.236779 0.080000 -0.264098
v 3.237266 0.083090 -0.263609
v 3.238678 0.085878 -0.262189
v 3.240877 0.088090 -0.259976
v 3.243649 0.089511 -0.257189
v 3.246721 0.090000 -0.254098
v 3.620696 -0.090000 -0.254098
v 3.617110 -0.089511 -0.257189
v 3.613876 -0.088090 -0.259976
v 3.611309 -0.085878 -0.262189
v 3.609661 -0.083090 -0.263609
v 3.609093 -0.080000 -0.264098
v 3.609093 0.080000 -0.264098
v 3.609661 0.083090 -0.263609
v 3.611309 0.085878 -0.262189
v 3.613876 0.088090 -0.259976
v 3.617110 0.089511 -0.257189
v 3.620696 0.090000 -0.254098
v 3.615245 -0.090000 -0.290615
v 3.612275 -0.089511 -0.289580
v 3.609596 -0.088090 -0.288646
v 3.607470 -0.085878 -0.287905
v 3.606105 -0.083090 -0.287430
v 3.605634 -0.080000 -0.287266
v 3.605634 0.080000 -0.287266
v 3.606105 0.083090 -0.287430
v 3.607470 0.085878 -0.287905
v 3.609596 0.088090 -0.288646
v 3.612275 0.089511 -0.289580
v 3.615245 0.090000 -0.290615
v 3.598893 -0.090000 -0.319016
v 3.596534 -0.089511 -0.316920
v 3.594407 -0.088090 -0.315028
v 3.592718 -0.085878 -0.313527
v 3.591634 -0.083090 -0.312564
v 3.591260 -0.080000 -0.312232
v 3.591260 0.080000 -0.312232
v 3.591634 0.083090 -0.312564
v 3.592718 0.085878 -0.313527
v 3.594407 0.088090 -0.315028
v 3.596534 0.089511 -0.316920
v 3.598893 0.090000 -0.319016
v 3.571639 -0.090000 -0.339303
v 3.570208 -0.089511 -0.336516
v 3.568917 -0.088090 -0.334002
v 3.567892 -0.085878 -0.332007
v 3.567235 -0.083090 -0.330725
v 3.567008 -0.080000 -0.330284
v 3.567008 0.080000 -0.330284
v 3.567235 0.083090 -0.330725
v 3.567892 0.085878 -0.332007
v 3.568917 0.088090 -0.334002
v 3.570208 0.089511 -0.336516
v 3.571639 0.090000 -0.339303
v 3.533483 -0.090000 -0.351475
v 3.532878 -0.089511 -0.348425
v 3.532333 -0.088090 -0.345673
v 3.531900 -0.085878 -0.343489
v 3.531622 -0.083090 -0.342086
v 3.531526 -0.080000 -0.341603
v 3.531526 0.080000 -0.341603
v 3.531622 0.083090 -0.342086
v 3.531900 0.085878 -0.343489
v 3.532333 0.088090 -0.345673
v 3.532878 0.089511 -0.348425
v 3.533483 0.090000 -0.351475
v 3.484426 -0.090000 -0.355533
v 3.484342 -0.089511 -0.352439
v 3.484267 -0.088090 -0.349648
v 3.484208 -0.085878 -0.347433
v 3.484169 -0.083090 -0.346011
v 3.484156 -0.080000 -0.345521
v 3.484156 0.080000 -0.345521
v 3.484169 0.083090 -0.346011
v 3.484208 0.085878 -0.347433
v 3.484267 0.088090 -0.349648
v 3.484342 0.089511 -0.352439
v 3.484426 0.090000 -0.355533
v 3.458688 -0.090000 -0.354795
v 3.458844 -0.089511 -0.351708
v 3.458985 -0.088090 -0.348923
v 3.459097 -0.085878 -0.346713
v 3.459169 -0.083090 -0.345294
v 3.459193 -0.080000 -0.344805
v 3.459193 0.080000 -0.344805
v 3.459169 0.083090 -0.345294
v 3.459097 0.085878 -0.346713
v 3.458985 0.088090 -0.348923
v 3.458844 0.089511 -0.351708
v 3.458688 0.090000 -0.354795
v 3.428196 -0.090000 -0.352582
v 3.428469 -0.089511 -0.349503
v 3.428715 -0.088090 -0.346726
v 3.428910 -0.085878 -0.344522
v 3.429036 -0.083090 -0.343107
v 3.429079 -0.080000 -0.342620
v 3.429079 0.080000 -0.342620
v 3.429036 0.083090 -0.343107
v 3.428910 0.085878 -0.344522
v 3.428715 0.088090 -0.346726
v 3.428469 0.089511 -0.349503
v 3.428196 0.090000 -0.352582
v 3.392950 -0.090000 -0.348893
v 3.393309 -0.089511 -0.345824
v 3.393633 -0.088090 -0.343055
v 3.393889 -0.085878 -0.340857
v 3.394054 -0.083090 -0.339446
v 3.394111 -0.080000 -0.338960
v 3.394111 0.080000 -0.338960
v 3.394054 0.083090 -0.339446
v 3.393889 0.085878 -0.340857
v 3.393633 0.088090 -0.343055
v 3.393309 0.089511 -0.345824
v 3.392950 0.090000 -0.348893
v 3.352950 -0.090000 -0.343729
v 3.353375 -0.089511 -0.340668
v 3.353758 -0.088090 -0.337907
v 3.354062 -0.085878 -0.335716
v 3.354257 -0.083090 -0.334309
v 3.354324 -0.080000 -0.333824
v 3.354324 0.080000 -0.333824
v 3.354257 0.083090 -0.334309
v 3.354062 0.085878 -0.335716
v 3.353758 0.088090 -0.337907
v 3.353375 0.089511 -0.340668
v 3.352950 0.090000 -0.343729
v 3.308196 -0.090000 -0.337090
v 3.306302 -0.089511 -0.333685
v 3.304593 -0.088090 -0.330613
v 3.303237 -0.085878 -0.328176
v 3.302366 -0.083090 -0.326611
v 3.302066 -0.080000 -0.326071
v 3.302066 0.080000 -0.326071
v 3.302366 0.083090 -0.326611
v 3.303237 0.085878 -0.328176
v 3.304593 0.088090 -0.330613
v 3.306302 0.089511 -0.333685
v 3.308196 0.090000 -0.337090
v 3.275409 -0.090000 -0.412910
v 3.271133 -0.089511 -0.415012
v 3.267276 -0.088090 -0.416909
v 3.264215 -0.085878 -0.418415
v 3.262249 -0.083090 -0.419381
v 3.261572 -0.080000 -0.419714
v 3.261572 0.080000 -0.419714
v 3.262249 0.083090 -0.419381
v 3.264215 0.085878 -0.418415
v 3.267276 0.088090 -0.416909
v 3.271133 0.089511 -0.415012
v 3.275409 0.090000 -0.412910
v 3.320450 -0.090000 -0.424344
v 3.319759 -0.089511 -0.427357
v 3.319135 -0.088090 -0.430075
v 3.318640 -0.085878 -0.432232
v 3.318323 -0.083090 -0.433616
v 3.318213 -0.080000 -0.434094
v 3.318213 0.080000 -0.434094
v 3.318323 0.083090 -0.433616
v 3.318640 0.085878 -0.432232
v 3.319135 0.088090 -0.430075
v 3.319759 0.089511 -0.427357
v 3.320450 0.090000 -0.424344
v 3.363770 -0.090000 -0.433238
v 3.363226 -0.089511 -0.436281
v 3.362735 -0.088090 -0.439026
v 3.362345 -0.085878 -0.441204
v 3.362095 -0.083090 -0.442603
v 3.362009 -0.080000 -0.443085
v 3.362009 0.080000 -0.443085
v 3.362095 0.083090 -0.442603
v 3.362345 0.085878 -0.441204
v 3.362735 0.088090 -0.439026
v 3.363226 0.089511 -0.436281
v 3.363770 0.090000 -0.433238
v 3.405368 -0.090000 -0.439590
v 3.404988 -0.089511 -0.442658
v 3.404644 -0.088090 -0.445426
v 3.404372 -0.085878 -0.447622
v 3.404197 -0.083090 -0.449032
v 3.404137 -0.080000 -0.449518
v 3.404137 0.080000 -0.449518
v 3.404197 0.083090 -0.449032
v 3.404372 0.085878 -0.447622
v 3.404644 0.088090 -0.445426
v 3.404988 0.089511 -0.442658
v 3.405368 0.090000 -0.439590
v 3.445245 -0.090000 -0.443402
v 3.445047 -0.089511 -0.446487
v 3.444867 -0.088090 -0.449270
v 3.444725 -0.085878 -0.451479
v 3.444634 -0.083090 -0.452897
v 3.444602 -0.080000 -0.453386
v 3.444602 0.080000 -0.453386
v 3.444634 0.083090 -0.452897
v 3.444725 0.085878 -0.451479
v 3.444867 0.088090 -0.449270
v 3.445047 0.089511 -0.446487
v 3.445245 0.090000 -0.443402
v 3.483401 -0.090000 -0.444672
v 3.483418 -0.089511 -0.447765
v 3.483433 -0.088090 -0.450554
v 3.483445 -0.085878 -0.452768
v 3.483452 -0.083090 -0.454190
v 3.483455 -0.080000 -0.454679
v 3.483455 0.080000 -0.454679
v 3.483452 0.083090 -0.454190
v 3.483445 0.085878 -0.452768
v 3.483433 0.088090 -0.450554
v 3.483418 0.089511 -0.447765
v 3.483401 0.090000 -0.444672
v 3.528463 -0.090000 -0.442684
v 3.528754 -0.089511 -0.445765
v 3.529017 -0.088090 -0.448544
v 3.529226 -0.085878 -0.450749
v 3.529360 -0.083090 -0.452165
v 3.529406 -0.080000 -0.452653
v 3.529406 0.080000 -0.452653
v 3.529360 0.083090 -0.452165
v 3.529226 0.085878 -0.450749
v 3.529017 0.088090 -0.448544
v 3.528754 0.089511 -0.445765
v 3.528463 0.090000 -0.442684
v 3.569385 -0.090000 -0.436721
v 3.570013 -0.089511 -0.439753
v 3.570580 -0.088090 -0.442487
v 3.571029 -0.085878 -0.444657
v 3.571318 -0.083090 -0.446051
v 3.571417 -0.080000 -0.446531
v 3.571417 0.080000 -0.446531
v 3.571318 0.083090 -0.446051
v 3.571029 0.085878 -0.444657
v 3.570580 0.088090 -0.442487
v 3.570013 0.089511 -0.439753
v 3.569385 0.090000 -0.436721
v 3.606168 -0.090000 -0.426783
v 3.607181 -0.089511 -0.429710
v 3.608096 -0.088090 -0.432350
v 3.608822 -0.085878 -0.434446
v 3.609288 -0.083090 -0.435791
v 3.609448 -0.080000 -0.436255
v 3.609448 0.080000 -0.436255
v 3.609288 0.083090 -0.435791
v 3.608822 0.085878 -0.434446
v 3.608096 0.088090 -0.432350
v 3.607181 0.089511 -0.429710
v 3.606168 0.090000 -0.426783
v 3.638811 -0.090000 -0.412869
v 3.640247 -0.089511 -0.415616
v 3.641542 -0.088090 -0.418094
v 3.642570 -0.085878 -0.420061
v 3.643231 -0.083090 -0.421323
v 3.643458 -0.080000 -0.421759
v 3.643458 0.080000 -0.421759
v 3.643231 0.083090 -0.421323
v 3.642570 0.085878 -0.420061
v 3.641542 0.088090 -0.418094
v 3.640247 0.089511 -0.415616
v 3.638811 0.090000 -0.412869
v 3.667315 -0.090000 -0.394979
v 3.669188 -0.089511 -0.397453
v 3.670877 -0.088090 -0.399684
v 3.672218 -0.085878 -0.401454
v 3.673078 -0.083090 -0.402591
v 3.673375 -0.080000 -0.402983
v 3.673375 0.080000 -0.402983
v 3.673078 0.083090 -0.402591
v 3.672218 0.085878 -0.401454
v 3.670877 0.088090 -0.399684
v 3.669188 0.089511 -0.397453
v 3.667315 0.090000 -0.394979
v 3.691106 -0.090000 -0.373443
v 3.693404 -0.089511 -0.375531
v 3.695477 -0.088090 -0.377414
v 3.697123 -0.085878 -0.378909
v 3.698179 -0.083090 -0.379869
v 3.698543 -0.080000 -0.380199
v 3.698543 0.080000 -0.380199
v 3.698179 0.083090 -0.379869
v 3.697123 0.085878 -0.378909
v 3.695477 0.088090 -0.377414
v 3.693404 0.089511 -0.375531
v 3.691106 0.090000 -0.373443
v 3.709610 -0.090000 -0.348586
v 3.712275 -0.089511 -0.350181
v 3.714679 -0.088090 -0.351620
v 3.716588 -0.085878 -0.352762
v 3.717813 -0.083090 -0.353495
v 3.718235 -0.080000 -0.353747
v 3.718235 0.080000 -0.353747
v 3.717813 0.083090 -0.353495
v 3.716588 0.085878 -0.352762
v 3.714679 0.088090 -0.351620
v 3.712275 0.089511 -0.350181
v 3.709610 0.090000 -0.348586
v 3.722827 -0.090000 -0.320410
v 3.725751 -0.089511 -0.321453
v 3.728389 -0.088090 -0.322394
v 3.730483 -0.085878 -0.323140
v 3.731827 -0.083090 -0.323620
v 3.732290 -0.080000 -0.323785
v 3.732290 0.080000 -0.323785
v 3.731827 0.083090 -0.323620
v 3.730483 0.085878 -0.323140
v 3.728389 0.088090 -0.322394
v 3.725751 0.089511 -0.321453
v 3.722827 0.090000 -0.320410
v 3.730758 -0.090000 -0.288914
v 3.733819 -0.089511 -0.289412
v 3.736581 -0.088090 -0.289861
v 3.738772 -0.085878 -0.290217
v 3.740179 -0.083090 -0.290446
v 3.740664 -0.080000 -0.290525
v 3.740664 0.080000 -0.290525
v 3.740179 0.083090 -0.290446
v 3.738772 0.085878 -0.290217
v 3.736581 0.088090 -0.289861
v 3.733819 0.089511 -0.289412
v 3.730758 0.090000 -0.288914
v 3.358401 -0.090000 -0.087090
v 3.361491 -0.089511 -0.090180
v 3.364279 -0.088090 -0.092968
v 3.366491 -0.085878 -0.095180
v 3.367912 -0.083090 -0.096601
v 3.368401 -0.080000 -0.097090
v 3.368401 0.080000 -0.097090
v 3.367912 0.083090 -0.096601
v 3.366491 0.085878 -0.095180
v 3.364279 0.088090 -0.092968
v 3.361491 0.089511 -0.090180
v 3.358401 0.090000 -0.087090
v 3.621721 -0.090000 -0.087090
v 3.618631 -0.089511 -0.090180
v 3.615843 -0.088090 -0.092968
v 3.613631 -0.085878 -0.095180
v 3.612210 -0.083090 -0.096601
v 3.611721 -0.080000 -0.097090
v 3.611721 0.080000 -0.097090
v 3.612210 0.083090 -0.096601
v 3.613631 0.085878 -0.095180
v 3.615843 0.088090 -0.092968
v 3.618631 0.089511 -0.090180
v 3.621721 0.090000 -0.087090
v 3.621721 -0.090000 -0.179303
v 3.618631 -0.089511 -0.176213
v 3.615843 -0.088090 -0.173425
v 3.613631 -0.085878 -0.171213
v 3.612210 -0.083090 -0.169793
v 3.611721 -0.080000 -0.169303
v 3.611721 0.080000 -0.169303
v 3.612210 0.083090 -0.169793
v 3.613631 0.085878 -0.171213
v 3.615843 0.088090 -0.173425
v 3.618631 0.089511 -0.176213
v 3.621721 0.090000 -0.179303
v 3.358401 -0.090000 -0.179303
v 3.361491 -0.089511 -0.176213
v 3.364279 -0.088090 -0.173425
v 3.366491 -0.085878 -0.171213
v 3.367912 -0.083090 -0.169793
v 3.368401 -0.080000 -0.169303
v 3.368401 0.080000 -0.169303
v 3.367912 0.083090 -0.169793
v 3.366491 0.085878 -0.171213
v 3.364279 0.088090 -0.173425
v 3.361491 0.089511 -0.176213
v 3.358401 0.090000 -0.179303
v 4.333606 -0.090000 -0.077869
v 4.336413 -0.089511 -0.081255
v 4.338946 -0.088090 -0.084310
v 4.340956 -0.085878 -0.086734
v 4.342246 -0.083090 -0.088291
v 4.342690 -0.080000 -0.088827
v 4.342690 0.080000 -0.088827
v 4.342246 0.083090 -0.088291
v 4.340956 0.085878 -0.086734
v 4.338946 0.088090 -0.084310
v 4.336413 0.089511 -0.081255
v 4.333606 0.090000 -0.077869
v 4.339754 -0.090000 -0.007172
v 4.343085 -0.089511 -0.004531
v 4.346090 -0.088090 -0.002148
v 4.348475 -0.085878 -0.000257
v 4.350007 -0.083090 0.000957
v 4.350534 -0.080000 0.001375
v 4.350534 0.080000 0.001375
v 4.350007 0.083090 0.000957
v 4.348475 0.085878 -0.000257
v 4.346090 0.088090 -0.002148
v 4.343085 0.089511 -0.004531
v 4.339754 0.090000 -0.007172
v 4.316761 -0.090000 -0.003852
v 4.317161 -0.089511 -0.000788
v 4.317520 -0.088090 0.001977
v 4.317806 -0.085878 0.004171
v 4.317989 -0.083090 0.005579
v 4.318052 -0.080000 0.006065
v 4.318052 0.080000 0.006065
v 4.317989 0.083090 0.005579
v 4.317806 0.085878 0.004171
v 4.317520 0.088090 0.001977
v 4.317161 0.089511 -0.000788
v 4.316761 0.090000 -0.003852
v 4.294508 -0.090000 -0.001270
v 4.294817 -0.089511 0.001804
v 4.295097 -0.088090 0.004578
v 4.295320 -0.085878 0.006780
v 4.295462 -0.083090 0.008193
v 4.295511 -0.080000 0.008680
v 4.295511 0.080000 0.008680
v 4.295462 0.083090 0.008193
v 4.295320 0.085878 0.006780
v 4.295097 0.088090 0.004578
v 4.294817 0.089511 0.001804
v 4.294508 0.090000 -0.001270
v 4.272991 -0.090000 0.000574
v 4.273205 -0.089511 0.003657
v 4.273398 -0.088090 0.006438
v 4.273552 -0.085878 0.008646
v 4.273650 -0.083090 0.010063
v 4.273685 -0.080000 0.010551
v 4.273685 0.080000 0.010551
v 4.273650 0.083090 0.010063
v 4.273552 0.085878 0.008646
v 4.273398 0.088090 0.006438
v 4.273205 0.089511 0.003657
v 4.272991 0.090000 0.000574
v 4.252213 -0.090000 0.001680
v 4.252323 -0.089511 0.004769
v 4.252423 -0.088090 0.007555
v 4.252502 -0.085878 0.009767
v 4.252553 -0.083090 0.011186
v 4.252571 -0.080000 0.011675
v 4.252571 0.080000 0.011675
v 4.252553 0.083090 0.011186
v 4.252502 0.085878 0.009767
v 4.252423 0.088090 0.007555
v 4.252323 0.089511 0.004769
v 4.252213 0.090000 0.001680
v 4.232172 -0.090000 0.002049
v 4.232066 -0.089511 0.005142
v 4.231970 -0.088090 0.007932
v 4.231894 -0.085878 0.010146
v 4.231846 -0.083090 0.011567
v 4.231829 -0.080000 0.012057
v 4.231829 0.080000 0.012057
v 4.231846 0.083090 0.011567
v 4.231894 0.085878 0.010146
v 4.231970 0.088090 0.007932
v 4.232066 0.089511 0.005142
v 4.232172 0.090000 0.002049
v 4.151147 -0.090000 -0.005000
v 4.150510 -0.089511 -0.001954
v 4.149936 -0.088090 0.000795
v 4.149481 -0.085878 0.002976
v 4.149189 -0.083090 0.004376
v 4.149087 -0.080000 0.004859
v 4.149087 0.080000 0.004859
v 4.149189 0.083090 0.004376
v 4.149481 0.085878 0.002976
v 4.149936 0.088090 0.000795
v 4.150510 0.089511 -0.001954
v 4.151147 0.090000 -0.005000
v 4.088401 -0.090000 -0.026148
v 4.086904 -0.089511 -0.023391
v 4.085553 -0.088090 -0.020905
v 4.084481 -0.085878 -0.018931
v 4.083792 -0.083090 -0.017665
v 4.083555 -0.080000 -0.017228
v 4.083555 0.080000 -0.017228
v 4.083792 0.083090 -0.017665
v 4.084481 0.085878 -0.018931
v 4.085553 0.088090 -0.020905
v 4.086904 0.089511 -0.023391
v 4.088401 0.090000 -0.026148
v 4.043933 -0.090000 -0.061393
v 4.041507 -0.089511 -0.059373
v 4.039318 -0.088090 -0.057551
v 4.037581 -0.085878 -0.056105
v 4.036466 -0.083090 -0.055177
v 4.036081 -0.080000 -0.054857
v 4.036081 0.080000 -0.054857
v 4.036466 0.083090 -0.055177
v 4.037581 0.085878 -0.056105
v 4.039318 0.088090 -0.057551
v 4.041507 0.089511 -0.059373
v 4.043933 0.090000 -0.061393
v 4.017745 -0.090000 -0.110738
v 4.014749 -0.089511 -0.109791
v 4.012046 -0.088090 -0.108937
v 4.009901 -0.085878 -0.108260
v 4.008524 -0.083090 -0.107825
v 4.008049 -0.080000 -0.107675
v 4.008049 0.080000 -0.107675
v 4.008524 0.083090 -0.107825
v 4.009901 0.085878 -0.108260
v 4.012046 0.088090 -0.108937
v 4.014749 0.089511 -0.109791
v 4.017745 0.090000 -0.110738
v 4.009835 -0.090000 -0.174180
v 4.007106 -0.089511 -0.171090
v 4.004645 -0.088090 -0.168302
v 4.002691 -0.085878 -0.166090
v 4.001437 -0.083090 -0.164670
v 4.001005 -0.080000 -0.164180
v 4.001005 0.080000 -0.164180
v 4.001437 0.083090 -0.164670
v 4.002691 0.085878 -0.166090
v 4.004645 0.088090 -0.168302
v 4.007106 0.089511 -0.171090
v 4.009835 0.090000 -0.174180
v 3.961680 -0.090000 -0.174180
v 3.964770 -0.089511 -0.171090
v 3.967557 -0.088090 -0.168302
v 3.969770 -0.085878 -0.166090
v 3.971190 -0.083090 -0.164670
v 3.971680 -0.080000 -0.164180
v 3.971680 0.080000 -0.164180
v 3.971190 0.083090 -0.164670
v 3.969770 0.085878 -0.166090
v 3.967557 0.088090 -0.168302
v 3.964770 0.089511 -0.171090
v 3.961680 0.090000 -0.174180
v 3.961680 -0.090000 0.000000
v 3.964770 -0.089511 0.003090
v 3.967557 -0.088090 0.005878
v 3.969770 -0.085878 0.008090
v 3.971190 -0.083090 0.009511
v 3.971680 -0.080000 0.010000
v 3.971680 0.080000 0.010000
v 3.971190 0.083090 0.009511
v 3.969770 0.085878 0.008090
v 3.967557 0.088090 0.005878
v 3.964770 0.089511 0.003090
v 3.961680 0.090000 0.000000
v 3.849999 -0.090000 0.000000
v 3.846909 -0.089511 0.003090
v 3.844121 -0.088090 0.005878
v 3.841909 -0.085878 0.008090
v 3.840489 -0.083090 0.009511
v 3.839999 -0.080000 0.010000
v 3.839999 0.080000 0.010000
v 3.840489 0.083090 0.009511
v 3.841909 0.085878 0.008090
v 3.844121 0.088090 0.005878
v 3.846909 0.089511 0.003090
v 3.849999 0.090000 0.000000
v 3.849999 -0.090000 -0.408811
v 3.846909 -0.089511 -0.411902
v 3.844121 -0.088090 -0.414689
v 3.841909 -0.085878 -0.416902
v 3.840489 -0.083090 -0.418322
v 3.839999 -0.080000 -0.418811
v 3.839999 0.080000 -0.418811
v 3.840489 0.083090 -0.418322
v 3.841909 0.085878 -0.416902
v 3.844121 0.088090 -0.414689
v 3.846909 0.089511 -0.411902
v 3.849999 0.090000 -0.408811
v 4.336680 -0.090000 -0.408811
v 4.339750 -0.089511 -0.411902
v 4.342520 -0.088090 -0.414689
v 4.344718 -0.085878 -0.416902
v 4.346129 -0.083090 -0.418322
v 4.346615 -0.080000 -0.418811
v 4.346615 0.080000 -0.418811
v 4.346129 0.083090 -0.418322
v 4.344718 0.085878 -0.416902
v 4.342520 0.088090 -0.414689
v 4.339750 0.089511 -0.411902
v 4.336680 0.090000 -0.408811
v 4.337704 -0.090000 -0.251025
v 4.340795 -0.089511 -0.250945
v 4.343583 -0.088090 -0.250874
v 4.345796 -0.085878 -0.250817
v 4.347217 -0.083090 -0.250780
v 4.347706 -0.080000 -0.250768
v 4.347706 0.080000 -0.250768
v 4.347217 0.083090 -0.250780
v 4.345796 0.085878 -0.250817
v 4.343583 0.088090 -0.250874
v 4.340795 0.089511 -0.250945
v 4.337704 0.090000 -0.251025
v 4.336926 -0.090000 -0.237582
v 4.339993 -0.089511 -0.237109
v 4.342761 -0.088090 -0.236682
v 4.344957 -0.085878 -0.236344
v 4.346368 -0.083090 -0.236126
v 4.346854 -0.080000 -0.236051
v 4.346854 0.080000 -0.236051
v 4.346368 0.083090 -0.236126
v 4.344957 0.085878 -0.236344
v 4.342761 0.088090 -0.236682
v 4.339993 0.089511 -0.237109
v 4.336926 0.090000 -0.237582
v 4.333770 -0.090000 -0.225123
v 4.336689 -0.089511 -0.224062
v 4.339322 -0.088090 -0.223105
v 4.341412 -0.085878 -0.222345
v 4.342753 -0.083090 -0.221857
v 4.343216 -0.080000 -0.221689
v 4.343216 0.080000 -0.221689
v 4.342753 0.083090 -0.221857
v 4.341412 0.085878 -0.222345
v 4.339322 0.088090 -0.223105
v 4.336689 0.089511 -0.224062
v 4.333770 0.090000 -0.225123
v 4.328237 -0.090000 -0.213648
v 4.330888 -0.089511 -0.212031
v 4.333280 -0.088090 -0.210572
v 4.335178 -0.085878 -0.209415
v 4.336396 -0.083090 -0.208672
v 4.336816 -0.080000 -0.208416
v 4.336816 0.080000 -0.208416
v 4.336396 0.083090 -0.208672
v 4.335178 0.085878 -0.209415
v 4.333280 0.088090 -0.210572
v 4.330888 0.089511 -0.212031
v 4.328237 0.090000 -0.213648
v 4.320327 -0.090000 -0.203156
v 4.322628 -0.089511 -0.201074
v 4.324704 -0.088090 -0.199197
v 4.326351 -0.085878 -0.197707
v 4.327408 -0.083090 -0.196750
v 4.327773 -0.080000 -0.196420
v 4.327773 0.080000 -0.196420
v 4.327408 0.083090 -0.196750
v 4.326351 0.085878 -0.197707
v 4.324704 0.088090 -0.199197
v 4.322628 0.089511 -0.201074
v 4.320327 0.090000 -0.203156
v 4.310040 -0.090000 -0.193648
v 4.311985 -0.089511 -0.191237
v 4.313739 -0.088090 -0.189062
v 4.315131 -0.085878 -0.187336
v 4.316024 -0.083090 -0.186228
v 4.316332 -0.080000 -0.185846
v 4.316332 0.080000 -0.185846
v 4.316024 0.083090 -0.186228
v 4.315131 0.085878 -0.187336
v 4.313739 0.088090 -0.189062
v 4.311985 0.089511 -0.191237
v 4.310040 0.090000 -0.193648
v 4.300040 -0.090000 -0.186639
v 4.301654 -0.089511 -0.183997
v 4.303111 -0.088090 -0.181614
v 4.304266 -0.085878 -0.179722
v 4.305008 -0.083090 -0.178508
v 4.305264 -0.080000 -0.178089
v 4.305264 0.080000 -0.178089
v 4.305008 0.083090 -0.178508
v 4.304266 0.085878 -0.179722
v 4.303111 0.088090 -0.181614
v 4.301654 0.089511 -0.183997
v 4.300040 0.090000 -0.186639
v 4.289712 -0.090000 -0.181189
v 4.290970 -0.089511 -0.178358
v 4.292104 -0.088090 -0.175804
v 4.293004 -0.085878 -0.173778
v 4.293581 -0.083090 -0.172477
v 4.293781 -0.080000 -0.172028
v 4.293781 0.080000 -0.172028
v 4.293581 0.083090 -0.172477
v 4.293004 0.085878 -0.173778
v 4.292104 0.088090 -0.175804
v 4.290970 0.089511 -0.178358
v 4.289712 0.090000 -0.181189
v 4.279057 -0.090000 -0.177295
v 4.279912 -0.089511 -0.174318
v 4.280684 -0.088090 -0.171632
v 4.281297 -0.085878 -0.169501
v 4.281691 -0.083090 -0.168132
v 4.281826 -0.080000 -0.167661
v 4.281826 0.080000 -0.167661
v 4.281691 0.083090 -0.168132
v 4.281297 0.085878 -0.169501
v 4.280684 0.088090 -0.171632
v 4.279912 0.089511 -0.174318
v 4.279057 0.090000 -0.177295
v 4.268073 -0.090000 -0.174959
v 4.268503 -0.089511 -0.171891
v 4.268890 -0.088090 -0.169124
v 4.269198 -0.085878 -0.166927
v 4.269395 -0.083090 -0.165517
v 4.269464 -0.080000 -0.165031
v 4.269464 0.080000 -0.165031
v 4.269395 0.083090 -0.165517
v 4.269198 0.085878 -0.166927
v 4.268890 0.088090 -0.169124
v 4.268503 0.089511 -0.171891
v 4.268073 0.090000 -0.174959
v 4.256762 -0.090000 -0.174180
v 4.256868 -0.089511 -0.171090
v 4.256964 -0.088090 -0.168302
v 4.257040 -0.085878 -0.166090
v 4.257089 -0.083090 -0.164670
v 4.257105 -0.080000 -0.164180
v 4.257105 0.080000 -0.164180
v 4.257089 0.083090 -0.164670
v 4.257040 0.085878 -0.166090
v 4.256964 0.088090 -0.168302
v 4.256868 0.089511 -0.171090
v 4.256762 0.090000 -0.174180
v 4.122540 -0.090000 -0.174180
v 4.126122 -0.089511 -0.171090
v 4.129353 -0.088090 -0.168302
v 4.131917 -0.085878 -0.166090
v 4.133564 -0.083090 -0.164670
v 4.134131 -0.080000 -0.164180
v 4.134131 0.080000 -0.164180
v 4.133564 0.083090 -0.164670
v 4.131917 0.085878 -0.166090
v 4.129353 0.088090 -0.168302
v 4.126122 0.089511 -0.171090
v 4.122540 0.090000 -0.174180
v 4.127950 -0.090000 -0.137664
v 4.130922 -0.089511 -0.138692
v 4.133603 -0.088090 -0.139620
v 4.135730 -0.085878 -0.140356
v 4.137096 -0.083090 -0.140828
v 4.137567 -0.080000 -0.140991
v 4.137567 0.080000 -0.140991
v 4.137096 0.083090 -0.140828
v 4.135730 0.085878 -0.140356
v 4.133603 0.088090 -0.139620
v 4.130922 0.089511 -0.138692
v 4.127950 0.090000 -0.137664
v 4.144180 -0.090000 -0.109262
v 4.146545 -0.089511 -0.111351
v 4.148680 -0.088090 -0.113235
v 4.150373 -0.085878 -0.114730
v 4.151461 -0.083090 -0.115690
v 4.151835 -0.080000 -0.116021
v 4.151835 0.080000 -0.116021
v 4.151461 0.083090 -0.115690
v 4.150373 0.085878 -0.114730
v 4.148680 0.088090 -0.113235
v 4.146545 0.089511 -0.111351
v 4.144180 0.090000 -0.109262
v 4.171229 -0.090000 -0.088975
v 4.172668 -0.089511 -0.091759
v 4.173966 -0.088090 -0.094269
v 4.174997 -0.085878 -0.096262
v 4.175659 -0.083090 -0.097541
v 4.175887 -0.080000 -0.097982
v 4.175887 0.080000 -0.097982
v 4.175659 0.083090 -0.097541
v 4.174997 0.085878 -0.096262
v 4.173966 0.088090 -0.094269
v 4.172668 0.089511 -0.091759
v 4.171229 0.090000 -0.088975
v 4.209098 -0.090000 -0.076803
v 4.209707 -0.089511 -0.079853
v 4.210256 -0.088090 -0.082605
v 4.210692 -0.085878 -0.084789
v 4.210972 -0.083090 -0.086191
v 4.211069 -0.080000 -0.086674
v 4.211069 0.080000 -0.086674
v 4.210972 0.083090 -0.086191
v 4.210692 0.085878 -0.084789
v 4.210256 0.088090 -0.082605
v 4.209707 0.089511 -0.079853
v 4.209098 0.090000 -0.076803
v 4.257786 -0.090000 -0.072746
v 4.257888 -0.089511 -0.075838
v 4.257980 -0.088090 -0.078628
v 4.258053 -0.085878 -0.080842
v 4.258100 -0.083090 -0.082263
v 4.258116 -0.080000 -0.082753
v 4.258116 0.080000 -0.082753
v 4.258100 0.083090 -0.082263
v 4.258053 0.085878 -0.080842
v 4.257980 0.088090 -0.078628
v 4.257888 0.089511 -0.075838
v 4.257786 0.090000 -0.072746
v 4.269671 -0.090000 -0.072951
v 4.269575 -0.089511 -0.076040
v 4.269487 -0.088090 -0.078826
v 4.269418 -0.085878 -0.081038
v 4.269373 -0.083090 -0.082458
v 4.269358 -0.080000 -0.082947
v 4.269358 0.080000 -0.082947
v 4.269373 0.083090 -0.082458
v 4.269418 0.085878 -0.081038
v 4.269487 0.088090 -0.078826
v 4.269575 0.089511 -0.076040
v 4.269671 0.090000 -0.072951
v 4.283196 -0.090000 -0.073566
v 4.283021 -0.089511 -0.076651
v 4.282865 -0.088090 -0.079434
v 4.282740 -0.085878 -0.081643
v 4.282660 -0.083090 -0.083062
v 4.282632 -0.080000 -0.083550
v 4.282632 0.080000 -0.083550
v 4.282660 0.083090 -0.083062
v 4.282740 0.085878 -0.081643
v 4.282865 0.088090 -0.079434
v 4.283021 0.089511 -0.076651
v 4.283196 0.090000 -0.073566
v 4.298360 -0.090000 -0.074590
v 4.298124 -0.089511 -0.077671
v 4.297912 -0.088090 -0.080451
v 4.297743 -0.085878 -0.082657
v 4.297635 -0.083090 -0.084073
v 4.297597 -0.080000 -0.084561
v 4.297597 0.080000 -0.084561
v 4.297635 0.083090 -0.084073
v 4.297743 0.085878 -0.082657
v 4.297912 0.088090 -0.080451
v 4.298124 0.089511 -0.077671
v 4.298360 0.090000 -0.074590
v 4.315163 -0.090000 -0.076025
v 4.314878 -0.089511 -0.079102
v 4.314620 -0.088090 -0.081878
v 4.314416 -0.085878 -0.084080
v 4.314285 -0.083090 -0.085495
v 4.314240 -0.080000 -0.085982
v 4.314240 0.080000 -0.085982
v 4.314285 0.083090 -0.085495
v 4.314416 0.085878 -0.084080
v 4.314620 0.088090 -0.081878
v 4.314878 0.089511 -0.079102
v 4.315163 0.090000 -0.076025
v 3.961680 -0.090000 -0.259221
v 3.964770 -0.089511 -0.262311
v 3.967557 -0.088090 -0.265099
v 3.969770 -0.085878 -0.267311
v 3.971190 -0.083090 -0.268732
v 3.971680 -0.080000 -0.269221
v 3.971680 0.080000 -0.269221
v 3.971190 0.083090 -0.268732
v 3.969770 0.085878 -0.267311
v 3.967557 0.088090 -0.265099
v 3.964770 0.089511 -0.262311
v 3.961680 0.090000 -0.259221
v 4.226024 -0.090000 -0.259221
v 4.222934 -0.089511 -0.262311
v 4.220146 -0.088090 -0.265099
v 4.217934 -0.085878 -0.267311
v 4.216514 -0.083090 -0.268732
v 4.216024 -0.080000 -0.269221
v 4.216024 0.080000 -0.269221
v 4.216514 0.083090 -0.268732
v 4.217934 0.085878 -0.267311
v 4.220146 0.088090 -0.265099
v 4.222934 0.089511 -0.262311
v 4.226024 0.090000 -0.259221
v 4.226024 -0.090000 -0.334016
v 4.222934 -0.089511 -0.330926
v 4.220146 -0.088090 -0.328139
v 4.217934 -0.085878 -0.325926
v 4.216514 -0.083090 -0.324506
v 4.216024 -0.080000 -0.324016
v 4.216024 0.080000 -0.324016
v 4.216514 0.083090 -0.324506
v 4.217934 0.085878 -0.325926
v 4.220146 0.088090 -0.328139
v 4.222934 0.089511 -0.330926
v 4.226024 0.090000 -0.334016
v 3.961680 -0.090000 -0.334016
v 3.964770 -0.089511 -0.330926
v 3.967557 -0.088090 -0.328139
v 3.969770 -0.085878 -0.325926
v 3.971190 -0.083090 -0.324506
v 3.971680 -0.080000 -0.324016
v 3.971680 0.080000 -0.324016
v 3.971190 0.083090 -0.324506
v 3.969770 0.085878 -0.325926
v 3.967557 0.088090 -0.328139
v 3.964770 0.089511 -0.330926
v 3.961680 0.090000 -0.334016
v 4.445081 -0.090000 -0.408811
v 4.441991 -0.089511 -0.411902
v 4.439203 -0.088090 -0.414689
v 4.436991 -0.085878 -0.416902
v 4.435571 -0.083090 -0.418322
v 4.435081 -0.080000 -0.418811
v 4.435081 0.080000 -0.418811
v 4.435571 0.083090 -0.418322
v 4.436991 0.085878 -0.416902
v 4.439203 0.088090 -0.414689
v 4.441991 0.089511 -0.411902
v 4.445081 0.090000 -0.408811
v 4.556762 -0.090000 -0.408811
v 4.559860 -0.089511 -0.411902
v 4.562654 -0.088090 -0.414689
v 4.564872 -0.085878 -0.416902
v 4.566296 -0.083090 -0.418322
v 4.566787 -0.080000 -0.418811
v 4.566787 0.080000 -0.418811
v 4.566296 0.083090 -0.418322
v 4.564872 0.085878 -0.416902
v 4.562654 0.088090 -0.414689
v 4.559860 0.089511 -0.411902
v 4.556762 0.090000 -0.408811
v 4.555737 -0.090000 0.000000
v 4.558819 -0.089511 0.003090
v 4.561600 -0.088090 0.005878
v 4.563807 -0.085878 0.008090
v 4.565224 -0.083090 0.009511
v 4.565712 -0.080000 0.010000
v 4.565712 0.080000 0.010000
v 4.565224 0.083090 0.009511
v 4.563807 0.085878 0.008090
v 4.561600 0.088090 0.005878
v 4.558819 0.089511 0.003090
v 4.555737 0.090000 0.000000
v 4.445081 -0.090000 0.000000
v 4.441991 -0.089511 0.003090
v 4.439203 -0.088090 0.005878
v 4.436991 -0.085878 0.008090
v 4.435571 -0.083090 0.009511
v 4.435081 -0.080000 0.010000
v 4.435081 0.080000 0.010000
v 4.435571 0.083090 0.009511
v 4.436991 0.085878 0.008090
v 4.439203 0.088090 0.005878
v 4.441991 0.089511 0.003090
v 4.445081 0.090000 0.000000
v 5.155942 -0.090000 -0.412910
v 5.159023 -0.089511 -0.416000
v 5.161802 -0.088090 -0.418788
v 5.164008 -0.085878 -0.421000
v 5.165424 -0.083090 -0.422420
v 5.165912 -0.080000 -0.422910
v 5.165912 0.080000 -0.422910
v 5.165424 0.083090 -0.422420
v 5.164008 0.085878 -0.421000
v 5.161802 0.088090 -0.418788
v 5.159023 0.089511 -0.416000
v 5.155942 0.090000 -0.412910
v 5.156967 -0.090000 -0.075820
v 5.160057 -0.089511 -0.075696
v 5.162845 -0.088090 -0.075584
v 5.165058 -0.085878 -0.075495
v 5.166479 -0.083090 -0.075438
v 5.166968 -0.080000 -0.075419
v 5.166968 0.080000 -0.075419
v 5.166479 0.083090 -0.075438
v 5.165058 0.085878 -0.075495
v 5.162845 0.088090 -0.075584
v 5.160057 0.089511 -0.075696
v 5.156967 0.090000 -0.075820
v 5.155819 -0.090000 -0.062049
v 5.158875 -0.089511 -0.061510
v 5.161632 -0.088090 -0.061023
v 5.163819 -0.085878 -0.060637
v 5.165224 -0.083090 -0.060389
v 5.165708 -0.080000 -0.060304
v 5.165708 0.080000 -0.060304
v 5.165224 0.083090 -0.060389
v 5.163819 0.085878 -0.060637
v 5.161632 0.088090 -0.061023
v 5.158875 0.089511 -0.061510
v 5.155819 0.090000 -0.062049
v 5.152376 -0.090000 -0.049426
v 5.155277 -0.089511 -0.048318
v 5.157894 -0.088090 -0.047318
v 5.159970 -0.085878 -0.046525
v 5.161304 -0.083090 -0.046015
v 5.161763 -0.080000 -0.045840
v 5.161763 0.080000 -0.045840
v 5.161304 0.083090 -0.046015
v 5.159970 0.085878 -0.046525
v 5.157894 0.088090 -0.047318
v 5.155277 0.089511 -0.048318
v 5.152376 0.090000 -0.049426
v 5.146638 -0.090000 -0.037951
v 5.149265 -0.089511 -0.036295
v 5.151635 -0.088090 -0.034802
v 5.153516 -0.085878 -0.033616
v 5.154724 -0.083090 -0.032855
v 5.155140 -0.080000 -0.032593
v 5.155140 0.080000 -0.032593
v 5.154724 0.083090 -0.032855
v 5.153516 0.085878 -0.033616
v 5.151635 0.088090 -0.034802
v 5.149265 0.089511 -0.036295
v 5.146638 0.090000 -0.037951
v 5.138606 -0.090000 -0.027623
v 5.140871 -0.089511 -0.025502
v 5.142914 -0.088090 -0.023588
v 5.144536 -0.085878 -0.022070
v 5.145577 -0.083090 -0.021095
v 5.145936 -0.080000 -0.020759
v 5.145936 0.080000 -0.020759
v 5.145577 0.083090 -0.021095
v 5.144536 0.085878 -0.022070
v 5.142914 0.088090 -0.023588
v 5.140871 0.089511 -0.025502
v 5.138606 0.090000 -0.027623
v 5.128278 -0.090000 -0.018443
v 5.130200 -0.089511 -0.016016
v 5.131934 -0.088090 -0.013828
v 5.133310 -0.085878 -0.012091
v 5.134193 -0.083090 -0.010976
v 5.134498 -0.080000 -0.010591
v 5.134498 0.080000 -0.010591
v 5.134193 0.083090 -0.010976
v 5.133310 0.085878 -0.012091
v 5.131934 0.088090 -0.013828
v 5.130200 0.089511 -0.016016
v 5.128278 0.090000 -0.018443
v 5.118319 -0.090000 -0.011434
v 5.119942 -0.089511 -0.008798
v 5.121407 -0.088090 -0.006420
v 5.122569 -0.085878 -0.004532
v 5.123315 -0.083090 -0.003321
v 5.123572 -0.080000 -0.002903
v 5.123572 0.080000 -0.002903
v 5.123315 0.083090 -0.003321
v 5.122569 0.085878 -0.004532
v 5.121407 0.088090 -0.006420
v 5.119942 0.089511 -0.008798
v 5.118319 0.090000 -0.011434
v 5.108114 -0.090000 -0.005984
v 5.109387 -0.089511 -0.003160
v 5.110536 -0.088090 -0.000613
v 5.111447 -0.085878 0.001408
v 5.112032 -0.083090 0.002706
v 5.112234 -0.080000 0.003153
v 5.112234 0.080000 0.003153
v 5.112032 0.083090 0.002706
v 5.111447 0.085878 0.001408
v 5.110536 0.088090 -0.000613
v 5.109387 0.089511 -0.003160
v 5.108114 0.090000 -0.005984
v 5.097663 -0.090000 -0.002090
v 5.098537 -0.089511 0.000882
v 5.099325 -0.088090 0.003563
v 5.099950 -0.085878 0.005691
v 5.100351 -0.083090 0.007057
v 5.100490 -0.080000 0.007528
v 5.100490 0.080000 0.007528
v 5.100351 0.083090 0.007057
v 5.099950 0.085878 0.005691
v 5.099325 0.088090 0.003563
v 5.098537 0.089511 0.000882
v 5.097663 0.090000 -0.002090
v 5.086967 -0.090000 0.000246
v 5.087408 -0.089511 0.003312
v 5.087807 -0.088090 0.006079
v 5.088123 -0.085878 0.008274
v 5.088326 -0.083090 0.009684
v 5.088396 -0.080000 0.010169
v 5.088396 0.080000 0.010169
v 5.088326 0.083090 0.009684
v 5.088123 0.085878 0.008274
v 5.087807 0.088090 0.006079
v 5.087408 0.089511 0.003312
v 5.086967 0.090000 0.000246
v 5.076024 -0.090000 0.001025
v 5.076134 -0.089511 0.004115
v 5.076233 -0.088090 0.006902
v 5.076312 -0.085878 0.009115
v 5.076362 -0.083090 0.010535
v 5.076379 -0.080000 0.011025
v 5.076379 0.080000 0.011025
v 5.076362 0.083090 0.010535
v 5.076312 0.085878 0.009115
v 5.076233 0.088090 0.006902
v 5.076134 0.089511 0.004115
v 5.076024 0.090000 0.001025
v 4.769671 -0.090000 0.001025
v 4.769562 -0.089511 0.004115
v 4.769463 -0.088090 0.006902
v 4.769384 -0.085878 0.009115
v 4.769333 -0.083090 0.010535
v 4.769316 -0.080000 0.011025
v 4.769316 0.080000 0.011025
v 4.769333 0.083090 0.010535
v 4.769384 0.085878 0.009115
v 4.769463 0.088090 0.006902
v 4.769562 0.089511 0.004115
v 4.769671 0.090000 0.001025
v 4.758729 -0.090000 0.000246
v 4.758287 -0.089511 0.003312
v 4.757889 -0.088090 0.006079
v 4.757573 -0.085878 0.008274
v 4.757370 -0.083090 0.009684
v 4.757300 -0.080000 0.010169
v 4.757300 0.080000 0.010169
v 4.757370 0.083090 0.009684
v 4.757573 0.085878 0.008274
v 4.757889 0.088090 0.006079
v 4.758287 0.089511 0.003312
v 4.758729 0.090000 0.000246
v 4.748032 -0.090000 -0.002090
v 4.747159 -0.089511 0.000882
v 4.746371 -0.088090 0.003563
v 4.745746 -0.085878 0.005691
v 4.745344 -0.083090 0.007057
v 4.745205 -0.080000 0.007528
v 4.745205 0.080000 0.007528
v 4.745344 0.083090 0.007057
v 4.745746 0.085878 0.005691
v 4.746371 0.088090 0.003563
v 4.747159 0.089511 0.000882
v 4.748032 0.090000 -0.002090
v 4.737581 -0.090000 -0.005984
v 4.736308 -0.089511 -0.003160
v 4.735160 -0.088090 -0.000613
v 4.734248 -0.085878 0.001408
v 4.733663 -0.083090 0.002706
v 4.733461 -0.080000 0.003153
v 4.733461 0.080000 0.003153
v 4.733663 0.083090 0.002706
v 4.734248 0.085878 0.001408
v 4.735160 0.088090 -0.000613
v 4.736308 0.089511 -0.003160
v 4.737581 0.090000 -0.005984
v 4.727376 -0.090000 -0.011434
v 4.725753 -0.089511 -0.008798
v 4.724289 -0.088090 -0.006420
v 4.723127 -0.085878 -0.004532
v 4.722381 -0.083090 -0.003321
v 4.722124 -0.080000 -0.002903
v 4.722124 0.080000 -0.002903
v 4.722381 0.083090 -0.003321
v 4.723127 0.085878 -0.004532
v 4.724289 0.088090 -0.006420
v 4.725753 0.089511 -0.008798
v 4.727376 0.090000 -0.011434
v 4.717418 -0.090000 -0.018443
v 4.715496 -0.089511 -0.016016
v 4.713762 -0.088090 -0.013828
v 4.712386 -0.085878 -0.012091
v 4.711503 -0.083090 -0.010976
v 4.711198 -0.080000 -0.010591
v 4.711198 0.080000 -0.010591
v 4.711503 0.083090 -0.010976
v 4.712386 0.085878 -0.012091
v 4.713762 0.088090 -0.013828
v 4.715496 0.089511 -0.016016
v 4.717418 0.090000 -0.018443
v 4.707090 -0.090000 -0.027623
v 4.704825 -0.089511 -0.025502
v 4.702782 -0.088090 -0.023588
v 4.701160 -0.085878 -0.022070
v 4.700119 -0.083090 -0.021095
v 4.699760 -0.080000 -0.020759
v 4.699760 0.080000 -0.020759
v 4.700119 0.083090 -0.021095
v 4.701160 0.085878 -0.022070
v 4.702782 0.088090 -0.023588
v 4.704825 0.089511 -0.025502
v 4.707090 0.090000 -0.027623
v 4.699057 -0.090000 -0.037951
v 4.696430 -0.089511 -0.036295
v 4.694060 -0.088090 -0.034802
v 4.692179 -0.085878 -0.033616
v 4.690972 -0.083090 -0.032855
v 4.690556 -0.080000 -0.032593
v 4.690556 0.080000 -0.032593
v 4.690972 0.083090 -0.032855
v 4.692179 0.085878 -0.033616
v 4.694060 0.088090 -0.034802
v 4.696430 0.089511 -0.036295
v 4.699057 0.090000 -0.037951
v 4.693319 -0.090000 -0.049426
v 4.690419 -0.089511 -0.048318
v 4.687802 -0.088090 -0.047318
v 4.685725 -0.085878 -0.046525
v 4.684391 -0.083090 -0.046015
v 4.683932 -0.080000 -0.045840
v 4.683932 0.080000 -0.045840
v 4.684391 0.083090 -0.046015
v 4.685725 0.085878 -0.046525
v 4.687802 0.088090 -0.047318
v 4.690419 0.089511 -0.048318
v 4.693319 0.090000 -0.049426
v 4.689877 -0.090000 -0.062049
v 4.686821 -0.089511 -0.061510
v 4.684064 -0.088090 -0.061023
v 4.681876 -0.085878 -0.060637
v 4.680471 -0.083090 -0.060389
v 4.679987 -0.080000 -0.060304
v 4.679987 0.080000 -0.060304
v 4.680471 0.083090 -0.060389
v 4.681876 0.085878 -0.060637
v 4.684064 0.088090 -0.061023
v 4.686821 0.089511 -0.061510
v 4.689877 0.090000 -0.062049
v 4.688729 -0.090000 -0.075820
v 4.685638 -0.089511 -0.075696
v 4.682850 -0.088090 -0.075584
v 4.680638 -0.085878 -0.075495
v 4.679217 -0.083090 -0.075438
v 4.678728 -0.080000 -0.075419
v 4.678728 0.080000 -0.075419
v 4.679217 0.083090 -0.075438
v 4.680638 0.085878 -0.075495
v 4.682850 0.088090 -0.075584
v 4.685638 0.089511 -0.075696
v 4.688729 0.090000 -0.075820
v 4.689754 -0.090000 -0.412910
v 4.686673 -0.089511 -0.416000
v 4.683894 -0.088090 -0.418788
v 4.681688 -0.085878 -0.421000
v 4.680272 -0.083090 -0.422420
v 4.679784 -0.080000 -0.422910
v 4.679784 0.080000 -0.422910
v 4.680272 0.083090 -0.422420
v 4.681688 0.085878 -0.421000
v 4.683894 0.088090 -0.418788
v 4.686673 0.089511 -0.416000
v 4.689754 0.090000 -0.412910
v 4.872131 -0.090000 -0.412910
v 4.869040 -0.089511 -0.416000
v 4.866253 -0.088090 -0.418788
v 4.864041 -0.085878 -0.421000
v 4.862620 -0.083090 -0.422420
v 4.862131 -0.080000 -0.422910
v 4.862131 0.080000 -0.422910
v 4.862620 0.083090 -0.422420
v 4.864041 0.085878 -0.421000
v 4.866253 0.088090 -0.418788
v 4.869040 0.089511 -0.416000
v 4.872131 0.090000 -0.412910
v 4.872131 -0.090000 -0.449795
v 4.869040 -0.089511 -0.452589
v 4.866253 -0.088090 -0.455109
v 4.864041 -0.085878 -0.457109
v 4.862620 -0.083090 -0.458393
v 4.862131 -0.080000 -0.458836
v 4.862131 0.080000 -0.458836
v 4.862620 0.083090 -0.458393
v 4.864041 0.085878 -0.457109
v 4.866253 0.088090 -0.455109
v 4.869040 0.089511 -0.452589
v 4.872131 0.090000 -0.449795
v 4.973565 -0.090000 -0.460041
v 4.976730 -0.089511 -0.463467
v 4.979586 -0.088090 -0.466557
v 4.981852 -0.085878 -0.469009
v 4.983307 -0.083090 -0.470584
v 4.983809 -0.080000 -0.471127
v 4.983809 0.080000 -0.471127
v 4.983307 0.083090 -0.470584
v 4.981852 0.085878 -0.469009
v 4.979586 0.088090 -0.466557
v 4.976730 0.089511 -0.463467
v 4.973565 0.090000 -0.460041
v 4.972540 -0.090000 -0.412910
v 4.975698 -0.089511 -0.416000
v 4.978548 -0.088090 -0.418788
v 4.980808 -0.085878 -0.421000
v 4.982260 -0.083090 -0.422420
v 4.982760 -0.080000 -0.422910
v 4.982760 0.080000 -0.422910
v 4.982260 0.083090 -0.422420
v 4.980808 0.085878 -0.421000
v 4.978548 0.088090 -0.418788
v 4.975698 0.089511 -0.416000
v 4.972540 0.090000 -0.412910
v 4.800409 -0.090000 -0.073770
v 4.803500 -0.089511 -0.076861
v 4.806287 -0.088090 -0.079648
v 4.808499 -0.085878 -0.081861
v 4.809920 -0.083090 -0.083281
v 4.810410 -0.080000 -0.083770
v 4.810410 0.080000 -0.083770
v 4.809920 0.083090 -0.083281
v 4.808499 0.085878 -0.081861
v 4.806287 0.088090 -0.079648
v 4.803500 0.089511 -0.076861
v 4.800409 0.090000 -0.073770
v 5.044262 -0.090000 -0.073770
v 5.041172 -0.089511 -0.076861
v 5.038384 -0.088090 -0.079648
v 5.036172 -0.085878 -0.081861
v 5.034751 -0.083090 -0.083281
v 5.034262 -0.080000 -0.083770
v 5.034262 0.080000 -0.083770
v 5.034751 0.083090 -0.083281
v 5.036172 0.085878 -0.081861
v 5.038384 0.088090 -0.079648
v 5.041172 0.089511 -0.076861
v 5.044262 0.090000 -0.073770
v 5.044262 -0.090000 -0.338115
v 5.041172 -0.089511 -0.335025
v 5.038384 -0.088090 -0.332237
v 5.036172 -0.085878 -0.330025
v 5.034751 -0.083090 -0.328604
v 5.034262 -0.080000 -0.328115
v 5.034262 0.080000 -0.328115
v 5.034751 0.083090 -0.328604
v 5.036172 0.085878 -0.330025
v 5.038384 0.088090 -0.332237
v 5.041172 0.089511 -0.335025
v 5.044262 0.090000 -0.338115
v 4.800409 -0.090000 -0.338115
v 4.803500 -0.089511 -0.335025
v 4.806287 -0.088090 -0.332237
v 4.808499 -0.085878 -0.330025
v 4.809920 -0.083090 -0.328604
v 4.810410 -0.080000 -0.328115
v 4.810410 0.080000 -0.328115
v 4.809920 0.083090 -0.328604
v 4.808499 0.085878 -0.330025
v 4.806287 0.088090 -0.332237
v 4.803500 0.089511 -0.335025
v 4.800409 0.090000 -0.338115
vn -0.0000 1.0000 -0.0000
vn -0.0000 -1.0000 -0.0000
vn -0.1980 -0.9600 -0.1980
vn 0.1981 -0.9601 -0.1976
vn 0.0787 -0.9938 -0.0785
vn -0.0787 -0.9938 -0.0787
vn -0.3610 -0.8599 -0.3610
vn 0.3612 -0.8601 -0.3603
vn -0.5226 -0.6736 -0.5226
vn 0.5230 -0.6740 -0.5217
vn -0.6543 -0.3792 -0.6543
vn 0.6550 -0.3796 -0.6534
vn -0.7032 -0.1049 -0.7032
vn 0.7041 -0.1050 -0.7023
vn -0.7032 0.1049 -0.7032
vn 0.7041 0.1050 -0.7023
vn -0.6543 0.3792 -0.6543
vn 0.6550 0.3796 -0.6534
vn -0.5226 0.6736 -0.5226
vn 0.5230 0.6740 -0.5217
vn -0.3610 0.8599 -0.3610
vn 0.3612 0.8601 -0.3603
vn -0.1980 0.9600 -0.1980
vn 0.1981 0.9601 -0.1976
vn -0.0787 0.9938 -0.0787
vn 0.0787 0.9938 -0.0785
vn 0.1979 -0.9599 0.1984
vn 0.0787 -0.9938 0.0789
vn 0.3608 -0.8597 0.3617
vn 0.5222 -0.6733 0.5235
vn 0.6536 -0.3789 0.6552
vn 0.7023 -0.1048 0.7041
vn 0.7023 0.1048 0.7041
vn 0.6536 0.3789 0.6552
vn 0.5222 0.6733 0.5235
vn 0.3608 0.8597 0.3617
vn 0.1979 0.9599 0.1984
vn 0.0787 0.9938 0.0789
vn -0.1980 -0.9600 0.1980
vn -0.0787 -0.9938 0.0787
vn -0.3610 -0.8599 0.3610
vn -0.5226 -0.6736 0.5226
vn -0.6543 -0.3793 0.6543
vn -0.7032 -0.1049 0.7032
vn -0.7032 0.1049 0.7032
vn -0.6543 0.3793 0.6543
vn -0.5226 0.6736 0.5226
vn -0.3610 0.8599 0.3610
vn -0.1980 0.9600 0.1980
vn -0.0787 0.9938 0.0787
vn 0.1568 -0.9640 -0.2146
vn 0.2285 -0.9576 0.1756
vn 0.0922 -0.9932 0.0709
vn 0.0609 -0.9947 -0.0833
vn 0.2876 -0.8732 -0.3935
vn 0.4153 -0.8518 0.3192
vn 0.4237 -0.6959 -0.5798
vn 0.5953 -0.6605 0.4575
vn 0.5411 -0.3985 -0.7405
vn 0.7372 -0.3683 0.5666
vn 0.5863 -0.1122 -0.8023
vn 0.7888 -0.1009 0.6063
vn 0.5863 0.1122 -0.8023
vn 0.7888 0.1009 0.6063
vn 0.5411 0.3985 -0.7405
vn 0.7372 0.3683 0.5666
vn 0.4237 0.6959 -0.5798
vn 0.5953 0.6605 0.4575
vn 0.2876 0.8732 -0.3935
vn 0.4153 0.8518 0.3192
vn 0.1568 0.9640 -0.2146
vn 0.2285 0.9576 0.1756
vn 0.0609 0.9947 -0.0833
vn 0.0922 0.9932 0.0709
vn 0.0498 -0.9506 0.3064
vn 0.0251 -0.9877 0.1544
vn 0.0944 -0.8083 0.5812
vn 0.1297 -0.5871 0.7991
vn 0.1524 -0.3086 0.9389
vn 0.1598 -0.0784 0.9840
vn 0.1598 0.0784 0.9840
vn 0.1524 0.3086 0.9389
vn 0.1297 0.5871 0.7991
vn 0.0944 0.8083 0.5812
vn 0.0498 0.9506 0.3064
vn 0.0251 0.9877 0.1544
vn 0.0393 -0.9505 0.3081
vn 0.0198 -0.9877 0.1552
vn 0.0745 -0.8082 0.5842
vn 0.1024 -0.5870 0.8031
vn 0.1204 -0.3085 0.9436
vn 0.1261 -0.0784 0.9889
vn 0.1261 0.0784 0.9889
vn 0.1204 0.3085 0.9436
vn 0.1024 0.5870 0.8031
vn 0.0745 0.8082 0.5842
vn 0.0393 0.9505 0.3081
vn 0.0198 0.9877 0.1552
vn 0.0276 -0.9505 0.3095
vn 0.0139 -0.9877 0.1558
vn 0.0523 -0.8081 0.5867
vn 0.0719 -0.5869 0.8064
vn 0.0845 -0.3085 0.9475
vn 0.0886 -0.0784 0.9930
vn 0.0886 0.0784 0.9930
vn 0.0845 0.3085 0.9475
vn 0.0719 0.5869 0.8064
vn 0.0523 0.8081 0.5867
vn 0.0276 0.9505 0.3095
vn 0.0139 0.9877 0.1558
vn 0.0145 -0.9504 0.3106
vn 0.0073 -0.9877 0.1562
vn 0.0275 -0.8080 0.5885
vn 0.0377 -0.5868 0.8088
vn 0.0443 -0.3084 0.9502
vn 0.0465 -0.0784 0.9958
vn 0.0465 0.0784 0.9958
vn 0.0443 0.3084 0.9502
vn 0.0377 0.5868 0.8088
vn 0.0275 0.8080 0.5885
vn 0.0145 0.9504 0.3106
vn 0.0073 0.9877 0.1562
vn -0.0089 -0.9496 0.3132
vn -0.0044 -0.9877 0.1562
vn -0.0168 -0.8069 0.5905
vn -0.0231 -0.5858 0.8101
vn -0.0271 -0.3079 0.9510
vn -0.0284 -0.0784 0.9965
vn -0.0284 0.0784 0.9965
vn -0.0271 0.3079 0.9510
vn -0.0231 0.5858 0.8101
vn -0.0168 0.8069 0.5905
vn -0.0089 0.9496 0.3132
vn -0.0044 0.9877 0.1562
vn -0.0509 -0.9490 0.3112
vn -0.0252 -0.9878 0.1539
vn -0.0956 -0.8061 0.5840
vn -0.1309 -0.5852 0.8003
vn -0.1536 -0.3075 0.9391
vn -0.1610 -0.0784 0.9838
vn -0.1610 0.0784 0.9838
vn -0.1536 0.3075 0.9391
vn -0.1309 0.5852 0.8003
vn -0.0956 0.8061 0.5840
vn -0.0509 0.9490 0.3112
vn -0.0252 0.9878 0.1539
vn -0.0992 -0.9490 0.2991
vn -0.0491 -0.9878 0.1480
vn -0.1863 -0.8062 0.5616
vn -0.2554 -0.5852 0.7696
vn -0.2997 -0.3076 0.9031
vn -0.3140 -0.0784 0.9462
vn -0.3140 0.0784 0.9462
vn -0.2997 0.3076 0.9031
vn -0.2554 0.5852 0.7696
vn -0.1863 0.8062 0.5616
vn -0.0992 0.9490 0.2991
vn -0.0491 0.9878 0.1480
vn -0.1420 -0.9492 0.2808
vn -0.0704 -0.9877 0.1393
vn -0.2669 -0.8064 0.5278
vn -0.3658 -0.5854 0.7235
vn -0.4293 -0.3076 0.8491
vn -0.4498 -0.0784 0.8897
vn -0.4498 0.0784 0.8897
vn -0.4293 0.3076 0.8491
vn -0.3658 0.5854 0.7235
vn -0.2669 0.8064 0.5278
vn -0.1420 0.9492 0.2808
vn -0.0704 0.9877 0.1393
vn -0.1776 -0.9494 0.2591
vn -0.0883 -0.9877 0.1288
vn -0.3342 -0.8066 0.4876
vn -0.4583 -0.5856 0.6687
vn -0.5379 -0.3077 0.7848
vn -0.5636 -0.0784 0.8223
vn -0.5636 0.0784 0.8223
vn -0.5379 0.3077 0.7848
vn -0.4583 0.5856 0.6687
vn -0.3342 0.8066 0.4876
vn -0.1776 0.9494 0.2591
vn -0.0883 0.9877 0.1288
vn -0.2062 -0.9496 0.2361
vn -0.1028 -0.9877 0.1177
vn -0.3886 -0.8068 0.4450
vn -0.5332 -0.5858 0.6104
vn -0.6259 -0.3078 0.7166
vn -0.6558 -0.0784 0.7509
vn -0.6558 0.0784 0.7509
vn -0.6259 0.3078 0.7166
vn -0.5332 0.5858 0.6104
vn -0.3886 0.8068 0.4450
vn -0.2062 0.9496 0.2361
vn -0.1028 0.9877 0.1177
vn -0.2272 -0.9499 0.2145
vn -0.1136 -0.9877 0.1073
vn -0.4291 -0.8073 0.4052
vn -0.5891 -0.5862 0.5562
vn -0.6917 -0.3080 0.6532
vn -0.7249 -0.0784 0.6844
vn -0.7249 0.0784 0.6844
vn -0.6917 0.3080 0.6532
vn -0.5891 0.5862 0.5562
vn -0.4291 0.8073 0.4052
vn -0.2272 0.9499 0.2145
vn -0.1136 0.9877 0.1073
vn -0.2413 -0.9502 0.1972
vn -0.1211 -0.9877 0.0989
vn -0.4566 -0.8077 0.3731
vn -0.6272 -0.5865 0.5125
vn -0.7367 -0.3083 0.6019
vn -0.7720 -0.0784 0.6308
vn -0.7720 0.0784 0.6308
vn -0.7367 0.3083 0.6019
vn -0.6272 0.5865 0.5125
vn -0.4566 0.8077 0.3731
vn -0.2413 0.9502 0.1972
vn -0.1211 0.9877 0.0989
vn -0.2510 -0.9504 0.1837
vn -0.1262 -0.9877 0.0923
vn -0.4755 -0.8080 0.3479
vn -0.6535 -0.5868 0.4781
vn -0.7677 -0.3084 0.5617
vn -0.8046 -0.0784 0.5887
vn -0.8046 0.0784 0.5887
vn -0.7677 0.3084 0.5617
vn -0.6535 0.5868 0.4781
vn -0.4755 0.8080 0.3479
vn -0.2510 0.9504 0.1837
vn -0.1262 0.9877 0.0923
vn -0.2580 -0.9505 0.1729
vn -0.1299 -0.9877 0.0871
vn -0.4892 -0.8082 0.3279
vn -0.6725 -0.5870 0.4508
vn -0.7901 -0.3085 0.5296
vn -0.8281 -0.0784 0.5550
vn -0.8281 0.0784 0.5550
vn -0.7901 0.3085 0.5296
vn -0.6725 0.5870 0.4508
vn -0.4892 0.8082 0.3279
vn -0.2580 0.9505 0.1729
vn -0.1299 0.9877 0.0871
vn 0.0152 -0.9986 0.0515
vn 0.0126 -0.9990 0.0429
vn 0.0440 -0.9878 0.1494
vn 0.0847 -0.9539 0.2878
vn 0.1634 -0.8154 0.5553
vn 0.2691 -0.3018 0.9146
vn 0.2691 0.3018 0.9146
vn 0.1634 0.8154 0.5553
vn 0.0847 0.9539 0.2878
vn 0.0440 0.9878 0.1494
vn 0.0152 0.9986 0.0515
vn 0.0126 0.9990 0.0429
vn 0.2127 -0.9576 0.1941
vn 0.0858 -0.9932 0.0783
vn 0.3867 -0.8520 0.3529
vn 0.5544 -0.6609 0.5059
vn 0.6867 -0.3685 0.6266
vn 0.7349 -0.1010 0.6706
vn 0.7349 0.1010 0.6706
vn 0.6867 0.3685 0.6266
vn 0.5544 0.6609 0.5059
vn 0.3867 0.8520 0.3529
vn 0.2127 0.9576 0.1941
vn 0.0858 0.9932 0.0783
vn -0.1828 -0.9625 0.2003
vn -0.0716 -0.9943 0.0784
vn -0.3344 -0.8683 0.3665
vn -0.4894 -0.6876 0.5364
vn -0.6203 -0.3912 0.6798
vn -0.6700 -0.1094 0.7343
vn -0.6700 0.1094 0.7343
vn -0.6203 0.3912 0.6798
vn -0.4894 0.6876 0.5364
vn -0.3344 0.8683 0.3665
vn -0.1828 0.9625 0.2003
vn -0.0716 0.9943 0.0784
vn -0.1393 -0.9827 0.1223
vn -0.0888 -0.9930 0.0780
vn -0.3255 -0.9013 0.2858
vn -0.5155 -0.7276 0.4526
vn -0.6806 -0.4240 0.5975
vn -0.7470 -0.1085 0.6559
vn -0.7470 0.1085 0.6559
vn -0.6806 0.4240 0.5975
vn -0.5155 0.7276 0.4526
vn -0.3255 0.9013 0.2858
vn -0.1393 0.9827 0.1223
vn -0.0888 0.9930 0.0780
vn -0.0400 -0.9511 0.3064
vn -0.0202 -0.9877 0.1551
vn -0.0760 -0.8090 0.5828
vn -0.1046 -0.5878 0.8022
vn -0.1230 -0.3090 0.9431
vn -0.1289 -0.0785 0.9885
vn -0.1289 0.0785 0.9885
vn -0.1230 0.3090 0.9431
vn -0.1046 0.5878 0.8022
vn -0.0760 0.8090 0.5828
vn -0.0400 0.9511 0.3064
vn -0.0202 0.9877 0.1551
vn -0.0975 -0.9472 0.3054
vn -0.0468 -0.9881 0.1467
vn -0.1805 -0.8049 0.5652
vn -0.2466 -0.5853 0.7724
vn -0.2894 -0.3081 0.9063
vn -0.3032 -0.0790 0.9496
vn -0.3032 0.0790 0.9496
vn -0.2894 0.3081 0.9063
vn -0.2466 0.5853 0.7724
vn -0.1805 0.8049 0.5652
vn -0.0975 0.9472 0.3054
vn -0.0468 0.9881 0.1467
vn -0.1848 -0.9480 0.2592
vn -0.0900 -0.9879 0.1263
vn -0.3442 -0.8052 0.4829
vn -0.4708 -0.5848 0.6606
vn -0.5523 -0.3075 0.7749
vn -0.5786 -0.0786 0.8118
vn -0.5786 0.0786 0.8118
vn -0.5523 0.3075 0.7749
vn -0.4708 0.5848 0.6606
vn -0.3442 0.8052 0.4829
vn -0.1848 0.9480 0.2592
vn -0.0900 0.9879 0.1263
vn -0.2473 -0.9478 0.2010
vn -0.1203 -0.9879 0.0978
vn -0.4603 -0.8051 0.3741
vn -0.6295 -0.5848 0.5116
vn -0.7384 -0.3076 0.6002
vn -0.7736 -0.0787 0.6288
vn -0.7736 0.0787 0.6288
vn -0.7384 0.3076 0.6002
vn -0.6295 0.5848 0.5116
vn -0.4603 0.8051 0.3741
vn -0.2473 0.9478 0.2010
vn -0.1203 0.9879 0.0978
vn -0.2908 -0.9480 0.1291
vn -0.1419 -0.9879 0.0630
vn -0.5420 -0.8052 0.2406
vn -0.7414 -0.5848 0.3292
vn -0.8697 -0.3075 0.3862
vn -0.9111 -0.0786 0.4046
vn -0.9111 0.0786 0.4046
vn -0.8697 0.3075 0.3862
vn -0.7414 0.5848 0.3292
vn -0.5420 0.8052 0.2406
vn -0.2908 0.9480 0.1291
vn -0.1419 0.9879 0.0630
vn -0.3112 -0.9485 0.0593
vn -0.1529 -0.9878 0.0291
vn -0.5820 -0.8056 0.1109
vn -0.7968 -0.5849 0.1518
vn -0.9348 -0.3074 0.1780
vn -0.9793 -0.0785 0.1865
vn -0.9793 0.0785 0.1865
vn -0.9348 0.3074 0.1780
vn -0.7968 0.5849 0.1518
vn -0.5820 0.8056 0.1109
vn -0.3112 0.9485 0.0593
vn -0.1529 0.9878 0.0291
vn -0.3123 -0.9499 0.0133
vn -0.1562 -0.9877 0.0066
vn -0.5897 -0.8073 0.0251
vn -0.8095 -0.5861 0.0344
vn -0.9505 -0.3080 0.0404
vn -0.9960 -0.0784 0.0423
vn -0.9960 0.0784 0.0423
vn -0.9505 0.3080 0.0404
vn -0.8095 0.5861 0.0344
vn -0.5897 0.8073 0.0251
vn -0.3123 0.9499 0.0133
vn -0.1562 0.9877 0.0066
vn 0.1572 -0.9494 -0.2718
vn 0.0680 -0.9907 -0.1176
vn 0.2844 -0.8230 -0.4917
vn 0.3946 -0.6154 -0.6823
vn 0.4722 -0.3319 -0.8166
vn 0.4987 -0.0879 -0.8623
vn 0.4987 0.0879 -0.8623
vn 0.4722 0.3319 -0.8166
vn 0.3946 0.6154 -0.6823
vn 0.2844 0.8230 -0.4917
vn 0.1572 0.9494 -0.2718
vn 0.0680 0.9907 -0.1176
vn 0.2631 -0.9517 -0.1585
vn 0.1340 -0.9877 -0.0807
vn 0.5023 -0.8100 -0.3026
vn 0.6924 -0.5888 -0.4171
vn 0.8145 -0.3097 -0.4906
vn 0.8539 -0.0786 -0.5144
vn 0.8539 0.0786 -0.5144
vn 0.8145 0.3097 -0.4906
vn 0.6924 0.5888 -0.4171
vn 0.5023 0.8100 -0.3026
vn 0.2631 0.9517 -0.1585
vn 0.1340 0.9877 -0.0807
vn 0.2565 -0.9517 -0.1689
vn 0.1306 -0.9877 -0.0860
vn 0.4897 -0.8100 -0.3225
vn 0.6750 -0.5888 -0.4446
vn 0.7941 -0.3097 -0.5230
vn 0.8325 -0.0786 -0.5484
vn 0.8325 0.0786 -0.5484
vn 0.7941 0.3097 -0.5230
vn 0.6750 0.5888 -0.4446
vn 0.4897 0.8100 -0.3225
vn 0.2565 0.9517 -0.1689
vn 0.1306 0.9877 -0.0860
vn 0.2494 -0.9517 -0.1793
vn 0.1270 -0.9877 -0.0913
vn 0.4761 -0.8100 -0.3423
vn 0.6563 -0.5888 -0.4718
vn 0.7720 -0.3097 -0.5550
vn 0.8094 -0.0786 -0.5819
vn 0.8094 0.0786 -0.5819
vn 0.7720 0.3097 -0.5550
vn 0.6563 0.5888 -0.4718
vn 0.4761 0.8100 -0.3423
vn 0.2494 0.9517 -0.1793
vn 0.1270 0.9877 -0.0913
vn 0.2417 -0.9517 -0.1894
vn 0.1231 -0.9877 -0.0965
vn 0.4616 -0.8101 -0.3616
vn 0.6362 -0.5888 -0.4985
vn 0.7485 -0.3097 -0.5864
vn 0.7847 -0.0786 -0.6148
vn 0.7847 0.0786 -0.6148
vn 0.7485 0.3097 -0.5864
vn 0.6362 0.5888 -0.4985
vn 0.4616 0.8101 -0.3616
vn 0.2417 0.9517 -0.1894
vn 0.1231 0.9877 -0.0965
vn -0.0222 -0.9978 -0.0622
vn -0.0179 -0.9986 -0.0501
vn -0.0629 -0.9823 -0.1765
vn -0.1195 -0.9346 -0.3350
vn -0.2194 -0.7573 -0.6151
vn -0.3251 -0.2531 -0.9112
vn -0.3251 0.2531 -0.9112
vn -0.2194 0.7573 -0.6151
vn -0.1195 0.9346 -0.3350
vn -0.0629 0.9823 -0.1765
vn -0.0222 0.9978 -0.0622
vn -0.0179 0.9986 -0.0501
vn 0.1980 -0.9600 -0.1980
vn 0.0787 -0.9938 -0.0787
vn 0.3610 -0.8599 -0.3610
vn 0.5226 -0.6736 -0.5226
vn 0.6543 -0.3792 -0.6543
vn 0.7032 -0.1049 -0.7032
vn 0.7032 0.1049 -0.7032
vn 0.6543 0.3792 -0.6543
vn 0.5226 0.6736 -0.5226
vn 0.3610 0.8599 -0.3610
vn 0.1980 0.9600 -0.1980
vn 0.0787 0.9938 -0.0787
vn 0.1495 -0.9812 -0.1224
vn 0.0941 -0.9926 -0.0771
vn 0.4145 -0.9081 -0.0589
vn 0.6479 -0.1306 0.7504
vn 0.6906 -0.0753 0.7193
vn 0.6706 -0.0101 0.7417
vn 0.6706 0.0101 0.7417
vn 0.6906 0.0753 0.7193
vn 0.6479 0.1306 0.7504
vn 0.4145 0.9081 -0.0589
vn 0.1495 0.9812 -0.1224
vn 0.0941 0.9926 -0.0771
vn 0.0559 -0.9515 -0.3024
vn 0.0284 -0.9877 -0.1538
vn 0.0715 -0.8910 -0.4484
vn -0.9691 -0.1161 -0.2175
vn -0.9627 -0.0612 -0.2635
vn -0.9731 -0.0078 -0.2301
vn -0.9731 0.0078 -0.2301
vn -0.9627 0.0612 -0.2635
vn -0.9691 0.1161 -0.2175
vn 0.0715 0.8910 -0.4484
vn 0.0559 0.9515 -0.3024
vn 0.0284 0.9877 -0.1538
vn 0.0434 -0.9518 -0.3036
vn 0.0221 -0.9877 -0.1548
vn 0.0829 -0.8103 -0.5802
vn 0.1143 -0.5891 -0.8000
vn 0.1345 -0.3098 -0.9412
vn 0.1410 -0.0786 -0.9869
vn 0.1410 0.0786 -0.9869
vn 0.1345 0.3098 -0.9412
vn 0.1143 0.5891 -0.8000
vn 0.0829 0.8103 -0.5802
vn 0.0434 0.9518 -0.3036
vn 0.0221 0.9877 -0.1548
vn 0.0227 -0.9524 -0.3041
vn 0.0116 -0.9877 -0.1559
vn 0.0435 -0.8113 -0.5830
vn 0.0600 -0.5901 -0.8051
vn 0.0707 -0.3105 -0.9479
vn 0.0741 -0.0787 -0.9941
vn 0.0741 0.0787 -0.9941
vn 0.0707 0.3105 -0.9479
vn 0.0600 0.5901 -0.8051
vn 0.0435 0.8113 -0.5830
vn 0.0227 0.9524 -0.3041
vn 0.0116 0.9877 -0.1559
vn -0.0170 -0.9539 -0.2995
vn -0.0088 -0.9878 -0.1556
vn -0.0329 -0.8142 -0.5796
vn -0.0457 -0.5935 -0.8035
vn -0.0539 -0.3127 -0.9483
vn -0.0566 -0.0791 -0.9953
vn -0.0566 0.0791 -0.9953
vn -0.0539 0.3127 -0.9483
vn -0.0457 0.5935 -0.8035
vn -0.0329 0.8142 -0.5796
vn -0.0170 0.9539 -0.2995
vn -0.0088 0.9878 -0.1556
vn -0.0664 -0.9535 -0.2939
vn -0.0344 -0.9878 -0.1521
vn -0.1283 -0.8135 -0.5673
vn -0.1777 -0.5926 -0.7857
vn -0.2096 -0.3121 -0.9266
vn -0.2199 -0.0790 -0.9723
vn -0.2199 0.0790 -0.9723
vn -0.2095 0.3121 -0.9266
vn -0.1777 0.5926 -0.7857
vn -0.1283 0.8135 -0.5673
vn -0.0664 0.9535 -0.2939
vn -0.0344 0.9878 -0.1521
vn -0.0900 -0.9509 -0.2960
vn -0.0455 -0.9877 -0.1497
vn -0.1710 -0.8088 -0.5626
vn -0.2353 -0.5876 -0.7742
vn -0.2766 -0.3089 -0.9100
vn -0.2899 -0.0784 -0.9538
vn -0.2899 0.0784 -0.9538
vn -0.2766 0.3089 -0.9100
vn -0.2353 0.5876 -0.7742
vn -0.1710 0.8088 -0.5626
vn -0.0900 0.9509 -0.2960
vn -0.0455 0.9877 -0.1497
vn -0.0869 -0.9509 -0.2971
vn -0.0439 -0.9877 -0.1501
vn -0.1651 -0.8087 -0.5645
vn -0.2271 -0.5875 -0.7767
vn -0.2670 -0.3088 -0.9129
vn -0.2798 -0.0784 -0.9568
vn -0.2798 0.0784 -0.9568
vn -0.2670 0.3088 -0.9129
vn -0.2271 0.5875 -0.7767
vn -0.1651 0.8087 -0.5645
vn -0.0869 0.9509 -0.2971
vn -0.0439 0.9877 -0.1501
vn -0.0823 -0.9508 -0.2987
vn -0.0415 -0.9877 -0.1508
vn -0.1562 -0.8086 -0.5673
vn -0.2149 -0.5874 -0.7803
vn -0.2525 -0.3088 -0.9170
vn -0.2647 -0.0784 -0.9611
vn -0.2647 0.0784 -0.9611
vn -0.2525 0.3088 -0.9170
vn -0.2149 0.5874 -0.7803
vn -0.1562 0.8086 -0.5673
vn -0.0823 0.9508 -0.2987
vn -0.0415 0.9877 -0.1508
vn -0.0745 -0.9506 -0.3014
vn -0.0375 -0.9877 -0.1518
vn -0.1413 -0.8083 -0.5716
vn -0.1943 -0.5870 -0.7859
vn -0.2283 -0.3086 -0.9234
vn -0.2392 -0.0784 -0.9678
vn -0.2392 0.0784 -0.9678
vn -0.2283 0.3086 -0.9234
vn -0.1943 0.5870 -0.7859
vn -0.1413 0.8083 -0.5716
vn -0.0745 0.9506 -0.3014
vn -0.0375 0.9877 -0.1518
vn 0.2955 -0.9539 -0.0518
vn 0.2816 -0.9540 -0.1032
vn 0.1463 -0.9878 -0.0536
vn 0.1535 -0.9878 -0.0269
vn 0.5718 -0.8143 -0.1003
vn 0.5450 -0.8143 -0.1998
vn 0.7928 -0.5935 -0.1390
vn 0.7557 -0.5935 -0.2770
vn 0.9356 -0.3127 -0.1641
vn 0.8918 -0.3127 -0.3269
vn 0.9819 -0.0791 -0.1722
vn 0.9360 -0.0791 -0.3431
vn 0.9819 0.0791 -0.1722
vn 0.9360 0.0791 -0.3431
vn 0.9356 0.3127 -0.1641
vn 0.8918 0.3127 -0.3269
vn 0.7928 0.5935 -0.1390
vn 0.7557 0.5935 -0.2770
vn 0.5718 0.8143 -0.1003
vn 0.5450 0.8143 -0.1998
vn 0.2955 0.9539 -0.0518
vn 0.2816 0.9540 -0.1032
vn 0.1535 0.9878 -0.0269
vn 0.1463 0.9878 -0.0536
vn 0.2601 -0.9538 -0.1505
vn 0.1349 -0.9878 -0.0781
vn 0.5028 -0.8139 -0.2910
vn 0.6968 -0.5931 -0.4033
vn 0.8222 -0.3125 -0.4758
vn 0.8628 -0.0791 -0.4993
vn 0.8628 0.0791 -0.4993
vn 0.8222 0.3125 -0.4758
vn 0.6968 0.5931 -0.4033
vn 0.5028 0.8139 -0.2910
vn 0.2601 0.9538 -0.1505
vn 0.1349 0.9878 -0.0781
vn 0.2336 -0.9535 -0.1906
vn 0.1209 -0.9878 -0.0986
vn 0.4508 -0.8133 -0.3678
vn 0.6242 -0.5924 -0.5093
vn 0.7362 -0.3120 -0.6006
vn 0.7724 -0.0790 -0.6302
vn 0.7724 0.0790 -0.6302
vn 0.7362 0.3120 -0.6006
vn 0.6242 0.5924 -0.5093
vn 0.4508 0.8133 -0.3678
vn 0.2336 0.9535 -0.1906
vn 0.1209 0.9878 -0.0986
vn -0.0033 -0.9873 -0.1591
vn -0.0022 -0.9944 -0.1060
vn -0.0082 -0.9217 -0.3879
vn -0.0134 -0.7694 -0.6386
vn -0.0186 -0.4689 -0.8831
vn -0.0209 -0.1220 -0.9923
vn -0.0209 0.1220 -0.9923
vn -0.0186 0.4689 -0.8831
vn -0.0134 0.7694 -0.6386
vn -0.0082 0.9217 -0.3879
vn -0.0033 0.9873 -0.1591
vn -0.0022 0.9944 -0.1060
vn -0.2412 -0.9534 -0.1810
vn -0.1248 -0.9878 -0.0936
vn -0.4655 -0.8133 -0.3492
vn -0.6445 -0.5923 -0.4835
vn -0.7600 -0.3119 -0.5702
vn -0.7974 -0.0790 -0.5983
vn -0.7974 0.0790 -0.5983
vn -0.7600 0.3119 -0.5702
vn -0.6445 0.5923 -0.4835
vn -0.4655 0.8133 -0.3492
vn -0.2412 0.9534 -0.1810
vn -0.1248 0.9878 -0.0936
vn -0.2656 -0.9537 -0.1412
vn -0.1377 -0.9878 -0.0732
vn -0.5133 -0.8137 -0.2728
vn -0.7111 -0.5929 -0.3780
vn -0.8388 -0.3123 -0.4459
vn -0.8802 -0.0790 -0.4679
vn -0.8802 0.0790 -0.4679
vn -0.8388 0.3123 -0.4459
vn -0.7111 0.5929 -0.3780
vn -0.5133 0.8137 -0.2728
vn -0.2656 0.9537 -0.1412
vn -0.1377 0.9878 -0.0732
vn -0.2849 -0.9538 -0.0955
vn -0.1478 -0.9878 -0.0495
vn -0.5508 -0.8139 -0.1846
vn -0.7634 -0.5931 -0.2558
vn -0.9007 -0.3125 -0.3018
vn -0.9452 -0.0791 -0.3168
vn -0.9452 0.0791 -0.3168
vn -0.9007 0.3125 -0.3018
vn -0.7634 0.5931 -0.2558
vn -0.5508 0.8139 -0.1846
vn -0.2849 0.9538 -0.0955
vn -0.1478 0.9878 -0.0495
vn -0.2970 -0.9537 -0.0468
vn -0.1540 -0.9878 -0.0243
vn -0.5740 -0.8139 -0.0905
vn -0.7954 -0.5930 -0.1254
vn -0.9384 -0.3124 -0.1479
vn -0.9847 -0.0790 -0.1552
vn -0.9847 0.0790 -0.1552
vn -0.9384 0.3124 -0.1479
vn -0.7954 0.5930 -0.1254
vn -0.5740 0.8139 -0.0905
vn -0.2970 0.9537 -0.0468
vn -0.1540 0.9878 -0.0243
vn -0.1950 -0.9581 -0.2099
vn -0.0785 -0.9933 -0.0844
vn -0.3547 -0.8535 -0.3817
vn -0.5094 -0.6633 -0.5482
vn -0.6322 -0.3705 -0.6805
vn -0.6771 -0.1017 -0.7288
vn -0.6771 0.1017 -0.7288
vn -0.6322 0.3705 -0.6805
vn -0.5094 0.6633 -0.5482
vn -0.3547 0.8535 -0.3817
vn -0.1950 0.9581 -0.2099
vn -0.0785 0.9933 -0.0844
vn 0.2000 -0.9620 -0.1860
vn 0.0785 -0.9942 -0.0731
vn 0.3655 -0.8665 -0.3400
vn 0.5337 -0.6845 -0.4965
vn 0.6746 -0.3886 -0.6276
vn 0.7279 -0.1084 -0.6771
vn 0.7279 0.1084 -0.6771
vn 0.6746 0.3886 -0.6276
vn 0.5337 0.6845 -0.4965
vn 0.3655 0.8665 -0.3400
vn 0.2000 0.9620 -0.1860
vn 0.0785 0.9942 -0.0731
vn 0.3115 -0.9491 0.0459
vn 0.1544 -0.9878 0.0227
vn 0.5853 -0.8063 0.0862
vn 0.8022 -0.5853 0.1181
vn 0.9414 -0.3076 0.1386
vn 0.9863 -0.0784 0.1452
vn 0.9863 0.0784 0.1452
vn 0.9414 0.3076 0.1386
vn 0.8022 0.5853 0.1181
vn 0.5853 0.8063 0.0862
vn 0.3115 0.9491 0.0459
vn 0.1544 0.9878 0.0227
vn 0.3014 -0.9491 0.0912
vn 0.1493 -0.9878 0.0452
vn 0.5662 -0.8063 0.1714
vn 0.7760 -0.5853 0.2349
vn 0.9107 -0.3076 0.2756
vn 0.9542 -0.0784 0.2888
vn 0.9542 0.0784 0.2888
vn 0.9107 0.3076 0.2756
vn 0.7760 0.5853 0.2349
vn 0.5662 0.8063 0.1714
vn 0.3014 0.9491 0.0912
vn 0.1493 0.9878 0.0452
vn 0.2850 -0.9492 0.1334
vn 0.1413 -0.9877 0.0662
vn 0.5356 -0.8064 0.2508
vn 0.7342 -0.5854 0.3438
vn 0.8617 -0.3076 0.4035
vn 0.9028 -0.0784 0.4228
vn 0.9028 0.0784 0.4228
vn 0.8617 0.3076 0.4035
vn 0.7342 0.5854 0.3438
vn 0.5356 0.8064 0.2508
vn 0.2850 0.9492 0.1334
vn 0.1413 0.9877 0.0662
vn 0.2641 -0.9493 0.1704
vn 0.1312 -0.9877 0.0846
vn 0.4968 -0.8065 0.3205
vn 0.6812 -0.5855 0.4395
vn 0.7995 -0.3077 0.5159
vn 0.8377 -0.0784 0.5405
vn 0.8377 0.0784 0.5405
vn 0.7995 0.3077 0.5159
vn 0.6812 0.5855 0.4395
vn 0.4968 0.8065 0.3205
vn 0.2641 0.9493 0.1704
vn 0.1312 0.9877 0.0846
vn 0.2434 -0.9500 0.1958
vn 0.1218 -0.9877 0.0980
vn 0.4598 -0.8074 0.3698
vn 0.6313 -0.5862 0.5078
vn 0.7413 -0.3081 0.5963
vn 0.7768 -0.0784 0.6249
vn 0.7768 0.0784 0.6249
vn 0.7413 0.3081 0.5963
vn 0.6313 0.5862 0.5078
vn 0.4598 0.8074 0.3698
vn 0.2434 0.9500 0.1958
vn 0.1218 0.9877 0.0980
vn 0.2289 -0.9503 0.2112
vn 0.1149 -0.9877 0.1060
vn 0.4332 -0.8078 0.3997
vn 0.5952 -0.5866 0.5492
vn 0.6991 -0.3083 0.6451
vn 0.7327 -0.0784 0.6760
vn 0.7327 0.0784 0.6760
vn 0.6991 0.3083 0.6451
vn 0.5952 0.5866 0.5492
vn 0.4332 0.8078 0.3997
vn 0.2289 0.9503 0.2112
vn 0.1149 0.9877 0.1060
vn 0.2168 -0.9503 0.2235
vn 0.1089 -0.9877 0.1122
vn 0.4104 -0.8078 0.4230
vn 0.5639 -0.5866 0.5813
vn 0.6624 -0.3083 0.6828
vn 0.6942 -0.0784 0.7155
vn 0.6942 0.0784 0.7155
vn 0.6624 0.3083 0.6828
vn 0.5639 0.5866 0.5813
vn 0.4104 0.8078 0.4230
vn 0.2168 0.9503 0.2235
vn 0.1089 0.9877 0.1122
vn 0.2045 -0.9503 0.2347
vn 0.1027 -0.9877 0.1179
vn 0.3872 -0.8079 0.4443
vn 0.5321 -0.5867 0.6105
vn 0.6250 -0.3083 0.7171
vn 0.6550 -0.0784 0.7515
vn 0.6550 0.0784 0.7515
vn 0.6250 0.3083 0.7171
vn 0.5321 0.5867 0.6105
vn 0.3872 0.8079 0.4443
vn 0.2045 0.9503 0.2347
vn 0.1027 0.9877 0.1179
vn 0.1922 -0.9503 0.2448
vn 0.0966 -0.9877 0.1230
vn 0.3639 -0.8079 0.4635
vn 0.5001 -0.5867 0.6369
vn 0.5874 -0.3084 0.7482
vn 0.6156 -0.0784 0.7841
vn 0.6156 0.0784 0.7841
vn 0.5874 0.3084 0.7482
vn 0.5001 0.5867 0.6369
vn 0.3639 0.8079 0.4635
vn 0.1922 0.9503 0.2448
vn 0.0966 0.9877 0.1230
vn 0.0079 -0.9523 0.3052
vn 0.0033 -0.9917 0.1283
vn 0.0142 -0.8335 0.5523
vn 0.0200 -0.6317 0.7749
vn 0.0242 -0.3448 0.9384
vn 0.0257 -0.0924 0.9954
vn 0.0257 0.0924 0.9954
vn 0.0242 0.3448 0.9384
vn 0.0200 0.6317 0.7749
vn 0.0142 0.8335 0.5523
vn 0.0079 0.9523 0.3052
vn 0.0033 0.9917 0.1283
vn -0.1797 -0.9503 0.2542
vn -0.0903 -0.9877 0.1277
vn -0.3403 -0.8079 0.4812
vn -0.4676 -0.5867 0.6612
vn -0.5493 -0.3083 0.7767
vn -0.5756 -0.0784 0.8140
vn -0.5756 0.0784 0.8140
vn -0.5493 0.3083 0.7767
vn -0.4676 0.5867 0.6612
vn -0.3403 0.8079 0.4812
vn -0.1797 0.9503 0.2542
vn -0.0903 0.9877 0.1277
vn -0.1934 -0.9503 0.2441
vn -0.0971 -0.9877 0.1226
vn -0.3660 -0.8078 0.4620
vn -0.5029 -0.5866 0.6348
vn -0.5907 -0.3083 0.7457
vn -0.6190 -0.0784 0.7815
vn -0.6190 0.0784 0.7815
vn -0.5907 0.3083 0.7457
vn -0.5029 0.5866 0.6348
vn -0.3660 0.8078 0.4620
vn -0.1934 0.9503 0.2441
vn -0.0971 0.9877 0.1226
vn -0.2070 -0.9502 0.2328
vn -0.1039 -0.9877 0.1169
vn -0.3917 -0.8078 0.4406
vn -0.5381 -0.5866 0.6053
vn -0.6321 -0.3083 0.7110
vn -0.6624 -0.0784 0.7451
vn -0.6624 0.0784 0.7451
vn -0.6321 0.3083 0.7110
vn -0.5381 0.5866 0.6053
vn -0.3917 0.8078 0.4406
vn -0.2070 0.9502 0.2328
vn -0.1039 0.9877 0.1169
vn -0.2204 -0.9502 0.2203
vn -0.1106 -0.9877 0.1105
vn -0.4170 -0.8077 0.4168
vn -0.5728 -0.5865 0.5726
vn -0.6728 -0.3083 0.6725
vn -0.7051 -0.0784 0.7048
vn -0.7051 0.0784 0.7048
vn -0.6728 0.3083 0.6725
vn -0.5728 0.5865 0.5726
vn -0.4170 0.8077 0.4168
vn -0.2204 0.9502 0.2203
vn -0.1106 0.9877 0.1105
vn -0.2360 -0.9499 0.2047
vn -0.1181 -0.9877 0.1024
vn -0.4458 -0.8073 0.3866
vn -0.6121 -0.5862 0.5308
vn -0.7187 -0.3080 0.6233
vn -0.7531 -0.0784 0.6532
vn -0.7531 0.0784 0.6532
vn -0.7187 0.3080 0.6233
vn -0.6121 0.5862 0.5308
vn -0.4458 0.8073 0.3866
vn -0.2360 0.9499 0.2047
vn -0.1181 0.9877 0.1024
vn -0.2590 -0.9492 0.1786
vn -0.1285 -0.9877 0.0886
vn -0.4868 -0.8064 0.3358
vn -0.6674 -0.5854 0.4603
vn -0.7833 -0.3076 0.5402
vn -0.8206 -0.0784 0.5660
vn -0.8206 0.0784 0.5660
vn -0.7833 0.3076 0.5402
vn -0.6674 0.5854 0.4603
vn -0.4868 0.8064 0.3358
vn -0.2590 0.9492 0.1786
vn -0.1285 0.9877 0.0886
vn -0.2825 -0.9491 0.1394
vn -0.1399 -0.9878 0.0691
vn -0.5305 -0.8062 0.2619
vn -0.7271 -0.5853 0.3589
vn -0.8532 -0.3076 0.4212
vn -0.8939 -0.0784 0.4413
vn -0.8939 0.0784 0.4413
vn -0.8532 0.3076 0.4212
vn -0.7271 0.5853 0.3589
vn -0.5305 0.8062 0.2619
vn -0.2825 0.9491 0.1394
vn -0.1399 0.9878 0.0691
vn -0.3006 -0.9490 0.0947
vn -0.1488 -0.9878 0.0469
vn -0.5644 -0.8062 0.1778
vn -0.7734 -0.5852 0.2437
vn -0.9075 -0.3076 0.2860
vn -0.9508 -0.0784 0.2996
vn -0.9508 0.0784 0.2996
vn -0.9075 0.3076 0.2860
vn -0.7734 0.5852 0.2437
vn -0.5644 0.8062 0.1778
vn -0.3006 0.9490 0.0947
vn -0.1488 0.9878 0.0469
vn -0.3115 -0.9491 0.0473
vn -0.1542 -0.9878 0.0234
vn -0.5850 -0.8062 0.0887
vn -0.8017 -0.5853 0.1216
vn -0.9408 -0.3076 0.1427
vn -0.9856 -0.0784 0.1495
vn -0.9856 0.0784 0.1495
vn -0.9408 0.3076 0.1427
vn -0.8017 0.5853 0.1216
vn -0.5850 0.8062 0.0887
vn -0.3115 0.9491 0.0473
vn -0.1542 0.9878 0.0234
vn -0.2000 -0.9620 -0.1858
vn -0.0785 -0.9942 -0.0729
vn -0.3656 -0.8666 -0.3396
vn -0.5339 -0.6848 -0.4960
vn -0.6750 -0.3888 -0.6270
vn -0.7284 -0.1085 -0.6765
vn -0.7284 0.1085 -0.6765
vn -0.6750 0.3888 -0.6270
vn -0.5339 0.6848 -0.4960
vn -0.3656 0.8666 -0.3396
vn -0.2000 0.9620 -0.1858
vn -0.0785 0.9942 -0.0729
vn 0.1944 -0.9578 -0.2117
vn 0.0784 -0.9933 -0.0853
vn 0.3535 -0.8526 -0.3849
vn 0.5072 -0.6617 -0.5522
vn 0.6286 -0.3693 -0.6844
vn 0.6730 -0.1012 -0.7327
vn 0.6730 0.1012 -0.7327
vn 0.6286 0.3693 -0.6844
vn 0.5072 0.6617 -0.5522
vn 0.3535 0.8526 -0.3849
vn 0.1944 0.9578 -0.2117
vn 0.0784 0.9933 -0.0853
vn 0.3122 -0.9499 0.0129
vn 0.1562 -0.9877 0.0065
vn 0.5897 -0.8073 0.0245
vn 0.8095 -0.5861 0.0336
vn 0.6543 -0.3793 -0.6543
vn 0.9506 -0.3080 0.0394
vn 0.9961 -0.0784 0.0413
vn 0.9961 0.0784 0.0413
vn 0.6543 0.3793 -0.6543
vn 0.9506 0.3080 0.0394
vn 0.8095 0.5861 0.0336
vn 0.5897 0.8073 0.0245
vn 0.3122 0.9499 0.0129
vn 0.1562 0.9877 0.0065
vn 0.3113 -0.9488 0.0545
vn 0.1535 -0.9878 0.0269
vn 0.5832 -0.8058 0.1021
vn 0.7989 -0.5850 0.1399
vn 0.9373 -0.3075 0.1641
vn 0.9820 -0.0784 0.1719
vn 0.9820 0.0784 0.1719
vn 0.9373 0.3075 0.1641
vn 0.7989 0.5850 0.1399
vn 0.5832 0.8058 0.1021
vn 0.3113 0.9488 0.0545
vn 0.1535 0.9878 0.0269
vn 0.2961 -0.9486 0.1115
vn 0.1457 -0.9878 0.0549
vn 0.5543 -0.8057 0.2088
vn 0.7590 -0.5850 0.2859
vn 0.8905 -0.3075 0.3354
vn 0.9329 -0.0784 0.3514
vn 0.9329 0.0784 0.3514
vn 0.8905 0.3075 0.3354
vn 0.7590 0.5850 0.2859
vn 0.5543 0.8057 0.2088
vn 0.2961 0.9486 0.1115
vn 0.1457 0.9878 0.0549
vn 0.2693 -0.9486 0.1659
vn 0.1326 -0.9878 0.0817
vn 0.5042 -0.8057 0.3107
vn 0.6905 -0.5850 0.4255
vn 0.8101 -0.3075 0.4992
vn 0.8487 -0.0784 0.5230
vn 0.8487 0.0784 0.5230
vn 0.8101 0.3075 0.4992
vn 0.6905 0.5850 0.4255
vn 0.5042 0.8057 0.3107
vn 0.2693 0.9486 0.1659
vn 0.1326 0.9878 0.0817
vn 0.2341 -0.9488 0.2121
vn 0.1155 -0.9878 0.1046
vn 0.4387 -0.8059 0.3975
vn 0.6010 -0.5851 0.5445
vn 0.7051 -0.3075 0.6389
vn 0.7388 -0.0784 0.6694
vn 0.7388 0.0784 0.6694
vn 0.7051 0.3075 0.6389
vn 0.6010 0.5851 0.5445
vn 0.4387 0.8059 0.3975
vn 0.2341 0.9488 0.2121
vn 0.1155 0.9878 0.1046
vn 0.1951 -0.9490 0.2477
vn 0.0965 -0.9878 0.1225
vn 0.3661 -0.8061 0.4649
vn 0.5017 -0.5852 0.6370
vn 0.5887 -0.3075 0.7475
vn 0.6168 -0.0784 0.7832
vn 0.6168 0.0784 0.7832
vn 0.5887 0.3075 0.7475
vn 0.5017 0.5852 0.6370
vn 0.3661 0.8061 0.4649
vn 0.1951 0.9490 0.2477
vn 0.0965 0.9878 0.1225
vn 0.1582 -0.9495 0.2711
vn 0.0787 -0.9877 0.1349
vn 0.2979 -0.8067 0.5104
vn 0.4085 -0.5856 0.7001
vn 0.4795 -0.3078 0.8218
vn 0.5025 -0.0784 0.8610
vn 0.5025 0.0784 0.8610
vn 0.4795 0.3078 0.8218
vn 0.4085 0.5856 0.7001
vn 0.2979 0.8067 0.5104
vn 0.1582 0.9495 0.2711
vn 0.0787 0.9877 0.1349
vn 0.1235 -0.9493 0.2890
vn 0.0614 -0.9877 0.1436
vn 0.2323 -0.8065 0.5436
vn 0.3186 -0.5855 0.7454
vn 0.3739 -0.3077 0.8749
vn 0.3918 -0.0784 0.9167
vn 0.3918 0.0784 0.9167
vn 0.3739 0.3077 0.8749
vn 0.3186 0.5855 0.7454
vn 0.2323 0.8065 0.5436
vn 0.1235 0.9493 0.2890
vn 0.0614 0.9877 0.1436
vn 0.0844 -0.9493 0.3029
vn 0.0419 -0.9877 0.1504
vn 0.1587 -0.8064 0.5696
vn 0.2175 -0.5854 0.7810
vn 0.2553 -0.3077 0.9166
vn 0.2675 -0.0784 0.9604
vn 0.2675 0.0784 0.9604
vn 0.2553 0.3077 0.9166
vn 0.2175 0.5854 0.7810
vn 0.1587 0.8064 0.5696
vn 0.0844 0.9493 0.3029
vn 0.0419 0.9877 0.1504
vn 0.0425 -0.9493 0.3116
vn 0.0211 -0.9877 0.1546
vn 0.0800 -0.8064 0.5859
vn 0.1096 -0.5854 0.8033
vn 0.1287 -0.3077 0.9428
vn 0.1348 -0.0784 0.9878
vn 0.1348 0.0784 0.9878
vn 0.1287 0.3077 0.9428
vn 0.1096 0.5854 0.8033
vn 0.0800 0.8064 0.5859
vn 0.0425 0.9493 0.3116
vn 0.0211 0.9877 0.1546
vn 0.0105 -0.9501 0.3117
vn 0.0053 -0.9877 0.1563
vn 0.0198 -0.8076 0.5894
vn 0.0273 -0.5864 0.8096
vn 0.0320 -0.3082 0.9508
vn 0.0335 -0.0784 0.9964
vn 0.0335 0.0784 0.9964
vn 0.0320 0.3082 0.9508
vn 0.0273 0.5864 0.8096
vn 0.0198 0.8076 0.5894
vn 0.0105 0.9501 0.3117
vn 0.0053 0.9877 0.1563
vn 0.1203 -0.9854 0.1203
vn 0.0787 -0.9938 0.0787
vn 0.2882 -0.9132 0.2882
vn 0.4666 -0.7513 0.4666
vn 0.6319 -0.4487 0.6319
vn 0.7023 -0.1158 0.7024
vn 0.7023 0.1158 0.7024
vn 0.6319 0.4487 0.6319
vn 0.4666 0.7513 0.4666
vn 0.2882 0.9132 0.2882
vn 0.1203 0.9854 0.1203
vn 0.0787 0.9938 0.0787
vn 0.1203 -0.9854 -0.1203
vn 0.2882 -0.9132 -0.2882
vn 0.4666 -0.7513 -0.4666
vn 0.6319 -0.4487 -0.6319
vn 0.7023 -0.1158 -0.7024
vn 0.7023 0.1158 -0.7024
vn 0.6319 0.4487 -0.6319
vn 0.4666 0.7513 -0.4666
vn 0.2882 0.9132 -0.2882
vn 0.1203 0.9854 -0.1203
vn 0.1995 -0.9686 -0.1482
vn 0.0755 -0.9956 -0.0561
vn 0.3684 -0.8885 -0.2737
vn 0.5548 -0.7227 -0.4122
vn 0.7274 -0.4228 -0.5405
vn 0.7967 -0.1217 -0.5920
vn 0.7967 0.1217 -0.5920
vn 0.7274 0.4228 -0.5405
vn 0.5548 0.7227 -0.4122
vn 0.3684 0.8885 -0.2737
vn 0.1995 0.9686 -0.1482
vn 0.0755 0.9956 -0.0561
vn 0.1804 -0.9532 0.2427
vn 0.0752 -0.9920 0.1012
vn 0.3266 -0.8368 0.4395
vn 0.4599 -0.6368 0.6189
vn 0.5590 -0.3489 0.7522
vn 0.5938 -0.0939 0.7991
vn 0.5938 0.0939 0.7991
vn 0.5590 0.3489 0.7522
vn 0.4599 0.6368 0.6189
vn 0.3266 0.8368 0.4395
vn 0.1804 0.9532 0.2427
vn 0.0752 0.9920 0.1012
vn -0.0111 -0.9501 0.3118
vn -0.0056 -0.9877 0.1562
vn -0.0209 -0.8075 0.5895
vn -0.0288 -0.5863 0.8096
vn -0.0338 -0.3081 0.9507
vn -0.0354 -0.0784 0.9963
vn -0.0354 0.0784 0.9963
vn -0.0338 0.3081 0.9507
vn -0.0288 0.5863 0.8096
vn -0.0209 0.8075 0.5895
vn -0.0111 0.9501 0.3118
vn -0.0056 0.9877 0.1562
vn -0.0449 -0.9492 0.3116
vn -0.0222 -0.9878 0.1544
vn -0.0843 -0.8063 0.5854
vn -0.1156 -0.5853 0.8025
vn -0.1356 -0.3076 0.9418
vn -0.1421 -0.0784 0.9867
vn -0.1421 0.0784 0.9867
vn -0.1356 0.3076 0.9418
vn -0.1156 0.5853 0.8025
vn -0.0843 0.8063 0.5854
vn -0.0449 0.9492 0.3116
vn -0.0222 0.9878 0.1544
vn -0.0887 -0.9492 0.3019
vn -0.0440 -0.9877 0.1497
vn -0.1668 -0.8063 0.5674
vn -0.2286 -0.5854 0.7779
vn -0.2683 -0.3076 0.9129
vn -0.2811 -0.0784 0.9565
vn -0.2811 0.0784 0.9565
vn -0.2683 0.3076 0.9129
vn -0.2286 0.5854 0.7779
vn -0.1668 0.8063 0.5674
vn -0.0887 0.9492 0.3019
vn -0.0440 0.9877 0.1497
vn -0.1292 -0.9493 0.2866
vn -0.0642 -0.9877 0.1423
vn -0.2431 -0.8065 0.5390
vn -0.3332 -0.5855 0.7390
vn -0.3911 -0.3077 0.8674
vn -0.4098 -0.0784 0.9088
vn -0.4098 0.0784 0.9088
vn -0.3911 0.3077 0.8674
vn -0.3332 0.5855 0.7390
vn -0.2431 0.8065 0.5390
vn -0.1292 0.9493 0.2866
vn -0.0642 0.9877 0.1423
vn -0.1646 -0.9494 0.2674
vn -0.0819 -0.9877 0.1330
vn -0.3099 -0.8066 0.5033
vn -0.4250 -0.5856 0.6903
vn -0.4989 -0.3077 0.8102
vn -0.5227 -0.0784 0.8489
vn -0.5227 0.0784 0.8489
vn -0.4989 0.3077 0.8102
vn -0.4250 0.5856 0.6903
vn -0.3099 0.8066 0.5033
vn -0.1646 0.9494 0.2674
vn -0.0819 0.9877 0.1330
vn -0.1948 -0.9495 0.2459
vn -0.0970 -0.9877 0.1224
vn -0.3669 -0.8068 0.4632
vn -0.5033 -0.5857 0.6353
vn -0.5908 -0.3078 0.7458
vn -0.5908 0.3078 0.7458
vn -0.5033 0.5857 0.6353
vn -0.3669 0.8068 0.4632
vn -0.1948 0.9495 0.2459
vn -0.0970 0.9877 0.1224
vn -0.2307 -0.9487 0.2161
vn -0.1137 -0.9878 0.1065
vn -0.4322 -0.8058 0.4048
vn -0.5920 -0.5850 0.5544
vn -0.6946 -0.3075 0.6504
vn -0.7277 -0.0784 0.6814
vn -0.7277 0.0784 0.6814
vn -0.6946 0.3075 0.6504
vn -0.5920 0.5850 0.5544
vn -0.4322 0.8058 0.4048
vn -0.2307 0.9487 0.2161
vn -0.1137 0.9878 0.1065
vn -0.2678 -0.9486 0.1688
vn -0.1317 -0.9878 0.0830
vn -0.5011 -0.8057 0.3158
vn -0.6862 -0.5849 0.4324
vn -0.8050 -0.3074 0.5073
vn -0.8434 -0.0784 0.5315
vn -0.8434 0.0784 0.5315
vn -0.8050 0.3074 0.5073
vn -0.6862 0.5849 0.4324
vn -0.5011 0.8057 0.3158
vn -0.2678 0.9486 0.1688
vn -0.1317 0.9878 0.0830
vn -0.2957 -0.9486 0.1130
vn -0.1454 -0.9878 0.0556
vn -0.5534 -0.8057 0.2114
vn -0.7577 -0.5849 0.2895
vn -0.8889 -0.3075 0.3396
vn -0.9313 -0.0784 0.3558
vn -0.9313 0.0784 0.3558
vn -0.8889 0.3075 0.3396
vn -0.7577 0.5849 0.2895
vn -0.5534 0.8057 0.2114
vn -0.2957 0.9486 0.1130
vn -0.1454 0.9878 0.0556
vn -0.3113 -0.9487 0.0549
vn -0.1534 -0.9878 0.0271
vn -0.5831 -0.8058 0.1029
vn -0.7987 -0.5850 0.1410
vn -0.9371 -0.3075 0.1654
vn -0.9817 -0.0784 0.1733
vn -0.9817 0.0784 0.1733
vn -0.9371 0.3075 0.1654
vn -0.7987 0.5850 0.1410
vn -0.5831 0.8058 0.1029
vn -0.3113 0.9487 0.0549
vn -0.1534 0.9878 0.0271
vn -0.3122 -0.9499 0.0130
vn -0.1562 -0.9877 0.0065
vn -0.5897 -0.8073 0.0245
vn -0.8095 -0.5861 0.0337
vn -0.9506 -0.3080 0.0395
vn -0.9961 -0.0784 0.0414
vn -0.9961 0.0784 0.0414
vn -0.9506 0.3080 0.0395
vn -0.8095 0.5861 0.0337
vn -0.5897 0.8073 0.0245
vn -0.3122 0.9499 0.0130
vn -0.1562 0.9877 0.0065
vn -0.6543 -0.3793 -0.6543
vn -0.6543 0.3793 -0.6543
vn -0.1203 -0.9854 -0.1203
vn -0.2882 -0.9132 -0.2882
vn -0.4666 -0.7513 -0.4666
vn -0.6319 -0.4487 -0.6319
vn -0.7023 -0.1158 -0.7024
vn -0.7023 0.1158 -0.7024
vn -0.6319 0.4487 -0.6319
vn -0.4666 0.7513 -0.4666
vn -0.2882 0.9132 -0.2882
vn -0.1203 0.9854 -0.1203
vn -0.2142 -0.9574 -0.1936
vn -0.0866 -0.9932 -0.0783
vn -0.3892 -0.8513 -0.3519
vn -0.5575 -0.6597 -0.5040
vn -0.6899 -0.3675 -0.6237
vn -0.7380 -0.1006 -0.6672
vn -0.7380 0.1006 -0.6672
vn -0.6899 0.3675 -0.6237
vn -0.5575 0.6597 -0.5040
vn -0.3892 0.8513 -0.3519
vn -0.2142 0.9574 -0.1936
vn -0.0866 0.9932 -0.0783
vn 0.1812 -0.9628 -0.2005
vn 0.0708 -0.9944 -0.0784
vn 0.3317 -0.8691 -0.3669
vn 0.4860 -0.6890 -0.5376
vn 0.6168 -0.3925 -0.6823
vn 0.6666 -0.1099 -0.7373
vn 0.6666 0.1099 -0.7373
vn 0.6168 0.3925 -0.6823
vn 0.4860 0.6890 -0.5376
vn 0.3317 0.8691 -0.3669
vn 0.1812 0.9628 -0.2005
vn 0.0708 0.9944 -0.0784
vn 0.1985 -0.9599 0.1979
vn 0.0789 -0.9938 0.0787
vn 0.3619 -0.8596 0.3608
vn 0.5237 -0.6732 0.5221
vn 0.6554 -0.3789 0.6534
vn 0.7043 -0.1048 0.7021
vn 0.7043 0.1048 0.7021
vn 0.6554 0.3789 0.6534
vn 0.5237 0.6732 0.5221
vn 0.3619 0.8596 0.3608
vn 0.1985 0.9599 0.1979
vn 0.0789 0.9938 0.0787
vn 0.1208 -0.9854 0.1204
vn 0.2891 -0.9129 0.2882
vn 0.4678 -0.7508 0.4664
vn 0.6331 -0.4481 0.6312
vn 0.7034 -0.1156 0.7013
vn 0.7034 0.1156 0.7013
vn 0.6331 0.4481 0.6312
vn 0.4678 0.7508 0.4664
vn 0.2891 0.9129 0.2882
vn 0.1208 0.9854 0.1204
vn 0.5953 -0.6606 0.4575
vn 0.7372 -0.3683 0.5665
vn 0.5862 -0.1121 -0.8023
vn 0.7888 -0.1008 0.6063
vn 0.5862 0.1121 -0.8023
vn 0.7888 0.1008 0.6063
vn 0.7372 0.3683 0.5665
vn 0.5953 0.6606 0.4575
vn -0.7249 -0.0783 0.6844
vn -0.7249 0.0783 0.6844
vn 0.8540 -0.0785 -0.5144
vn 0.8540 0.0785 -0.5144
vn 0.6362 -0.5889 -0.4985
vn 0.7847 -0.0785 -0.6148
vn 0.7847 0.0785 -0.6148
vn 0.6362 0.5889 -0.4985
vn -0.2195 -0.7573 -0.6151
vn -0.2195 0.7573 -0.6151
vn -0.9692 -0.1157 -0.2175
vn -0.9627 -0.0607 -0.2638
vn -0.9627 0.0607 -0.2638
vn -0.9692 0.1157 -0.2174
vn -0.0329 -0.8143 -0.5796
vn -0.0457 -0.5934 -0.8036
vn -0.0539 -0.3126 -0.9483
vn -0.0565 -0.0791 -0.9953
vn -0.0565 0.0791 -0.9953
vn -0.0539 0.3126 -0.9483
vn -0.0457 0.5934 -0.8036
vn -0.0329 0.8143 -0.5796
vn -0.1777 -0.5925 -0.7857
vn -0.2095 -0.3120 -0.9267
vn -0.2198 -0.0790 -0.9723
vn -0.2198 0.0790 -0.9723
vn -0.2095 0.3120 -0.9267
vn -0.1777 0.5925 -0.7857
vn -0.1710 -0.8088 -0.5627
vn -0.1710 0.8088 -0.5627
vn -0.0823 -0.9508 -0.2988
vn -0.2525 -0.3087 -0.9170
vn -0.2525 0.3087 -0.9170
vn -0.0823 0.9508 -0.2988
vn -0.5575 -0.6596 -0.5040
vn -0.5575 0.6596 -0.5040
vn 0.1980 -0.9600 0.1980
vn 0.3610 -0.8599 0.3610
vn 0.5226 -0.6736 0.5226
vn 0.6543 -0.3792 0.6543
vn 0.7032 -0.1049 0.7032
vn 0.7032 0.1049 0.7032
vn 0.6543 0.3792 0.6543
vn 0.5226 0.6736 0.5226
vn 0.3610 0.8599 0.3610
vn 0.1980 0.9600 0.1980
vn -0.6543 -0.3792 0.6543
vn -0.6543 0.3792 0.6543
vn -0.1203 -0.9854 0.1203
vn -0.2882 -0.9132 0.2882
vn -0.4666 -0.7513 0.4666
vn -0.6319 -0.4487 0.6319
vn -0.7023 -0.1158 0.7024
vn -0.7023 0.1158 0.7024
vn -0.6319 0.4487 0.6319
vn -0.4666 0.7513 0.4666
vn -0.2882 0.9132 0.2882
vn -0.1203 0.9854 0.1203
vn -0.1959 -0.9586 0.2069
vn -0.0786 -0.9935 0.0830
vn -0.3564 -0.8551 0.3765
vn -0.5129 -0.6659 0.5418
vn -0.6380 -0.3727 0.6739
vn -0.6839 -0.1025 0.7224
vn -0.6839 0.1025 0.7224
vn -0.6380 0.3727 0.6739
vn -0.5129 0.6659 0.5418
vn -0.3564 0.8551 0.3765
vn -0.1959 0.9586 0.2069
vn -0.0786 0.9935 0.0830
vn -0.1996 -0.9615 -0.1889
vn -0.0786 -0.9941 -0.0744
vn -0.3646 -0.8648 -0.3452
vn -0.5312 -0.6818 -0.5029
vn -0.6698 -0.3863 -0.6341
vn -0.7220 -0.1075 -0.6835
vn -0.7220 0.1075 -0.6835
vn -0.6698 0.3863 -0.6341
vn -0.5312 0.6818 -0.5029
vn -0.3646 0.8648 -0.3452
vn -0.1996 0.9615 -0.1889
vn -0.0786 0.9941 -0.0744
vn 0.3120 -0.9500 -0.0118
vn 0.1972 -0.9601 0.1982
vn 0.0783 -0.9938 0.0787
vn 0.1562 -0.9877 -0.0059
vn 0.5895 -0.8074 -0.0223
vn 0.3595 -0.8603 0.3614
vn 0.8095 -0.5863 -0.0307
vn 0.5208 -0.6744 0.5234
vn 0.9507 -0.3081 -0.0360
vn 0.6524 -0.3799 0.6558
vn 0.9962 -0.0784 -0.0378
vn 0.7014 -0.1051 0.7050
vn 0.9962 0.0784 -0.0378
vn 0.7014 0.1051 0.7050
vn 0.9507 0.3081 -0.0360
vn 0.6524 0.3799 0.6558
vn 0.8095 0.5863 -0.0307
vn 0.5208 0.6744 0.5234
vn 0.5895 0.8074 -0.0223
vn 0.3595 0.8603 0.3614
vn 0.3120 0.9500 -0.0118
vn 0.1972 0.9601 0.1982
vn 0.1562 0.9877 -0.0059
vn 0.0783 0.9938 0.0787
vn -0.0119 -0.9501 0.3116
vn -0.0059 -0.9877 0.1562
vn -0.0224 -0.8076 0.5893
vn -0.0308 -0.5864 0.8094
vn -0.0362 -0.3082 0.9506
vn -0.0379 -0.0784 0.9962
vn -0.0379 0.0784 0.9962
vn -0.0362 0.3082 0.9506
vn -0.0308 0.5864 0.8094
vn -0.0224 0.8076 0.5893
vn -0.0119 0.9501 0.3116
vn -0.0059 0.9877 0.1562
vn -0.2430 -0.8065 0.5390
vn -0.3332 -0.5855 0.7391
vn -0.3332 0.5855 0.7391
vn -0.2430 0.8065 0.5390
vn -0.1973 -0.9493 0.2447
vn -0.0980 -0.9877 0.1215
vn -0.3711 -0.8065 0.4602
vn -0.5089 -0.5855 0.6310
vn -0.5973 -0.3077 0.7407
vn -0.6258 -0.0784 0.7760
vn -0.6258 0.0784 0.7760
vn -0.5973 0.3077 0.7407
vn -0.5089 0.5855 0.6310
vn -0.3711 0.8065 0.4602
vn -0.1973 0.9493 0.2447
vn -0.0980 0.9877 0.1215
vn -0.2332 -0.9488 0.2129
vn -0.1151 -0.9878 0.1051
vn -0.4372 -0.8059 0.3992
vn -0.5988 -0.5851 0.5469
vn -0.7027 -0.3075 0.6417
vn -0.7362 -0.0784 0.6723
vn -0.7362 0.0784 0.6723
vn -0.7027 0.3075 0.6417
vn -0.5988 0.5851 0.5469
vn -0.4371 0.8059 0.3992
vn -0.2332 0.9488 0.2129
vn -0.1151 0.9878 0.1051
vn -0.2682 -0.9487 0.1676
vn -0.1321 -0.9878 0.0825
vn -0.5022 -0.8057 0.3139
vn -0.6878 -0.5850 0.4298
vn -0.8070 -0.3075 0.5043
vn -0.8454 -0.0784 0.5283
vn -0.8454 0.0784 0.5283
vn -0.8070 0.3075 0.5043
vn -0.6878 0.5850 0.4298
vn -0.5022 0.8057 0.3139
vn -0.2682 0.9487 0.1676
vn -0.1321 0.9878 0.0825
vn -0.2954 -0.9486 0.1134
vn -0.1454 -0.9878 0.0558
vn -0.5530 -0.8057 0.2123
vn -0.7572 -0.5850 0.2907
vn -0.8883 -0.3075 0.3411
vn -0.9307 -0.0785 0.3574
vn -0.9307 0.0785 0.3574
vn -0.8883 0.3075 0.3411
vn -0.7572 0.5850 0.2907
vn -0.5530 0.8057 0.2123
vn -0.2954 0.9486 0.1134
vn -0.1454 0.9878 0.0558
vn -0.3112 -0.9487 0.0558
vn -0.1533 -0.9878 0.0275
vn -0.5829 -0.8058 0.1045
vn -0.7983 -0.5850 0.1431
vn -0.9366 -0.3075 0.1679
vn -0.9813 -0.0784 0.1759
vn -0.9813 0.0784 0.1759
vn -0.9366 0.3075 0.1679
vn -0.7983 0.5850 0.1431
vn -0.5829 0.8058 0.1045
vn -0.3112 0.9487 0.0558
vn -0.1533 0.9878 0.0275
vn -0.3126 -0.9498 0.0124
vn -0.1562 -0.9877 0.0062
vn -0.5899 -0.8071 0.0234
vn -0.8097 -0.5860 0.0321
vn -0.9507 -0.3080 0.0377
vn -0.9961 -0.0784 0.0395
vn -0.9961 0.0784 0.0395
vn -0.9507 0.3080 0.0377
vn -0.8097 0.5860 0.0321
vn -0.5899 0.8071 0.0234
vn -0.3126 0.9498 0.0124
vn -0.1562 0.9877 0.0062
vn -0.1978 -0.9598 -0.1990
vn -0.0787 -0.9938 -0.0792
vn -0.3605 -0.8594 -0.3627
vn -0.5216 -0.6728 -0.5247
vn -0.6526 -0.3785 -0.6564
vn -0.7012 -0.1046 -0.7053
vn -0.7012 0.1046 -0.7053
vn -0.6526 0.3785 -0.6564
vn -0.5216 0.6728 -0.5247
vn -0.3605 0.8594 -0.3627
vn -0.1978 0.9598 -0.1990
vn -0.0787 0.9938 -0.0792
vn -0.1156 -0.9883 -0.0996
vn -0.0779 -0.9947 -0.0671
vn -0.2848 -0.9267 -0.2454
vn -0.4736 -0.7804 -0.4082
vn -0.6638 -0.4819 -0.5720
vn -0.7515 -0.1261 -0.6476
vn -0.7515 0.1261 -0.6476
vn -0.6638 0.4819 -0.5720
vn -0.4736 0.7804 -0.4082
vn -0.2848 0.9267 -0.2454
vn -0.1156 0.9883 -0.0996
vn -0.0779 0.9947 -0.0671
vn -0.2715 -0.9578 0.0946
vn -0.1452 -0.9881 0.0506
vn -0.5372 -0.8225 0.1872
vn -0.7531 -0.6033 0.2624
vn -0.8948 -0.3195 0.3118
vn -0.9412 -0.0806 0.3280
vn -0.9412 0.0806 0.3280
vn -0.8948 0.3195 0.3118
vn -0.7531 0.6033 0.2624
vn -0.5372 0.8225 0.1872
vn -0.2715 0.9578 0.0946
vn -0.1452 0.9881 0.0506
vn -0.2131 -0.9585 0.1894
vn -0.1145 -0.9882 0.1018
vn -0.4233 -0.8241 0.3763
vn -0.5949 -0.6054 0.5288
vn -0.7079 -0.3209 0.6292
vn -0.7449 -0.0809 0.6622
vn -0.7449 0.0809 0.6622
vn -0.7079 0.3209 0.6292
vn -0.5949 0.6054 0.5288
vn -0.4233 0.8241 0.3763
vn -0.2131 0.9585 0.1894
vn -0.1145 0.9882 0.1018
vn -0.1327 -0.9569 0.2584
vn -0.0705 -0.9880 0.1373
vn -0.2611 -0.8205 0.5086
vn -0.3651 -0.6008 0.7111
vn -0.4331 -0.3177 0.8435
vn -0.4553 -0.0802 0.8867
vn -0.4553 0.0802 0.8867
vn -0.4331 0.3177 0.8435
vn -0.3651 0.6008 0.7111
vn -0.2611 0.8205 0.5086
vn -0.1327 0.9569 0.2584
vn -0.0705 0.9880 0.1373
vn -0.0578 -0.9548 0.2914
vn -0.0302 -0.9878 0.1525
vn -0.1124 -0.8161 0.5669
vn -0.1562 -0.5956 0.7880
vn -0.1846 -0.3141 0.9313
vn -0.1938 -0.0794 0.9778
vn -0.1938 0.0794 0.9778
vn -0.1846 0.3141 0.9313
vn -0.1562 0.5956 0.7880
vn -0.1124 0.8161 0.5669
vn -0.0578 0.9548 0.2914
vn -0.0302 0.9878 0.1525
vn -0.0082 -0.9528 0.3035
vn -0.0042 -0.9877 0.1561
vn -0.0157 -0.8121 0.5834
vn -0.0217 -0.5910 0.8064
vn -0.0256 -0.3111 0.9500
vn -0.0268 -0.0788 0.9965
vn -0.0268 0.0788 0.9965
vn -0.0256 0.3111 0.9500
vn -0.0217 0.5910 0.8064
vn -0.0157 0.8121 0.5834
vn -0.0082 0.9528 0.3035
vn -0.0042 0.9877 0.1561
vn 0.0155 -0.9517 0.3066
vn 0.0079 -0.9877 0.1562
vn 0.0296 -0.8101 0.5855
vn 0.0408 -0.5889 0.8072
vn 0.0480 -0.3097 0.9496
vn 0.0504 -0.0786 0.9956
vn 0.0504 0.0786 0.9956
vn 0.0480 0.3097 0.9496
vn 0.0408 0.5889 0.8072
vn 0.0296 0.8101 0.5855
vn 0.0155 0.9517 0.3066
vn 0.0079 0.9877 0.1562
vn 0.0271 -0.9515 0.3064
vn 0.0138 -0.9877 0.1558
vn 0.0518 -0.8098 0.5844
vn 0.0713 -0.5886 0.8053
vn 0.0839 -0.3095 0.9472
vn 0.0880 -0.0785 0.9930
vn 0.0880 0.0785 0.9930
vn 0.0839 0.3095 0.9472
vn 0.0713 0.5886 0.8053
vn 0.0518 0.8098 0.5844
vn 0.0271 0.9515 0.3064
vn 0.0138 0.9877 0.1558
vn 0.0357 -0.9514 0.3058
vn 0.0182 -0.9877 0.1554
vn 0.0681 -0.8096 0.5830
vn 0.0939 -0.5884 0.8031
vn 0.1104 -0.3094 0.9445
vn 0.1157 -0.0785 0.9902
vn 0.1157 0.0785 0.9902
vn 0.1104 0.3094 0.9445
vn 0.0939 0.5884 0.8031
vn 0.0681 0.8096 0.5830
vn 0.0357 0.9514 0.3058
vn 0.0182 0.9877 0.1554
vn 0.0423 -0.9513 0.3052
vn 0.0215 -0.9877 0.1549
vn 0.0807 -0.8095 0.5816
vn 0.1111 -0.5883 0.8010
vn 0.1307 -0.3093 0.9419
vn 0.1370 -0.0785 0.9875
vn 0.1370 0.0785 0.9875
vn 0.1307 0.3093 0.9419
vn 0.1111 0.5883 0.8010
vn 0.0807 0.8095 0.5816
vn 0.0423 0.9513 0.3052
vn 0.0215 0.9877 0.1549
vn -0.1460 -0.9538 0.2625
vn -0.0606 -0.9922 0.1089
vn -0.2645 -0.8390 0.4755
vn -0.3734 -0.6402 0.6713
vn -0.4551 -0.3516 0.8181
vn -0.4840 -0.0948 0.8699
vn -0.4840 0.0948 0.8699
vn -0.4551 0.3516 0.8181
vn -0.3734 0.6402 0.6713
vn -0.2645 0.8390 0.4755
vn -0.1460 0.9538 0.2625
vn -0.0606 0.9922 0.1089
vn -0.2369 -0.9645 -0.1165
vn -0.0917 -0.9948 -0.0451
vn -0.4347 -0.8749 -0.2137
vn -0.6419 -0.6988 -0.3157
vn -0.8220 -0.4011 -0.4042
vn -0.8916 -0.1131 -0.4384
vn -0.8916 0.1131 -0.4384
vn -0.8220 0.4011 -0.4042
vn -0.6419 0.6988 -0.3157
vn -0.4347 0.8749 -0.2137
vn -0.2369 0.9645 -0.1165
vn -0.0917 0.9948 -0.0451
vn -0.0696 -0.9504 -0.3031
vn -0.0350 -0.9877 -0.1524
vn -0.1318 -0.8080 -0.5743
vn -0.1811 -0.5868 -0.7892
vn -0.2127 -0.3084 -0.9272
vn -0.2230 -0.0784 -0.9717
vn -0.2230 0.0784 -0.9717
vn -0.2127 0.3084 -0.9272
vn -0.1811 0.5868 -0.7892
vn -0.1318 0.8080 -0.5743
vn -0.0696 0.9504 -0.3031
vn -0.0350 0.9877 -0.1524
vn -0.0548 -0.9503 -0.3064
vn -0.0275 -0.9877 -0.1539
vn -0.1038 -0.8079 -0.5801
vn -0.1426 -0.5867 -0.7972
vn -0.1675 -0.3084 -0.9364
vn -0.1755 -0.0784 -0.9813
vn -0.1755 0.0784 -0.9813
vn -0.1675 0.3084 -0.9364
vn -0.1426 0.5867 -0.7972
vn -0.1038 0.8079 -0.5801
vn -0.0548 0.9503 -0.3064
vn -0.0275 0.9877 -0.1539
vn -0.0383 -0.9503 -0.3091
vn -0.0193 -0.9877 -0.1552
vn -0.0726 -0.8078 -0.5850
vn -0.0997 -0.5866 -0.8037
vn -0.1171 -0.3083 -0.9441
vn -0.1227 -0.0784 -0.9893
vn -0.1227 0.0784 -0.9893
vn -0.1171 0.3083 -0.9441
vn -0.0997 0.5866 -0.8037
vn -0.0726 0.8078 -0.5850
vn -0.0383 0.9503 -0.3091
vn -0.0193 0.9877 -0.1552
vn -0.0200 -0.9502 -0.3110
vn -0.0100 -0.9877 -0.1560
vn -0.0379 -0.8077 -0.5884
vn -0.0520 -0.5865 -0.8083
vn -0.0611 -0.3082 -0.9493
vn -0.0640 -0.0784 -0.9949
vn -0.0640 0.0784 -0.9949
vn -0.0611 0.3082 -0.9493
vn -0.0520 0.5865 -0.8083
vn -0.0379 0.8077 -0.5884
vn -0.0200 0.9502 -0.3110
vn -0.0100 0.9877 -0.1560
vn 0.0017 -0.9500 -0.3123
vn 0.0008 -0.9877 -0.1563
vn 0.0032 -0.8074 -0.5900
vn 0.0044 -0.5862 -0.8101
vn 0.0051 -0.3081 -0.9513
vn 0.0054 -0.0784 -0.9969
vn 0.0054 0.0784 -0.9969
vn 0.0051 0.3081 -0.9513
vn 0.0044 0.5862 -0.8101
vn 0.0032 0.8074 -0.5900
vn 0.0017 0.9500 -0.3123
vn 0.0008 0.9877 -0.1563
vn 0.0295 -0.9497 -0.3118
vn 0.0147 -0.9877 -0.1555
vn 0.0557 -0.8070 -0.5880
vn 0.0764 -0.5859 -0.8068
vn 0.0897 -0.3079 -0.9472
vn 0.0940 -0.0784 -0.9925
vn 0.0940 0.0784 -0.9925
vn 0.0897 0.3079 -0.9472
vn 0.0764 0.5859 -0.8068
vn 0.0557 0.8070 -0.5880
vn 0.0295 0.9497 -0.3118
vn 0.0147 0.9877 -0.1555
vn 0.0637 -0.9495 -0.3074
vn 0.0317 -0.9877 -0.1529
vn 0.1199 -0.8067 -0.5787
vn 0.1644 -0.5856 -0.7937
vn 0.1930 -0.3078 -0.9317
vn 0.2023 -0.0784 -0.9762
vn 0.2023 0.0784 -0.9762
vn 0.1930 0.3078 -0.9317
vn 0.1644 0.5856 -0.7937
vn 0.1199 0.8067 -0.5787
vn 0.0637 0.9495 -0.3074
vn 0.0317 0.9877 -0.1529
vn 0.1030 -0.9492 -0.2973
vn 0.0511 -0.9877 -0.1475
vn 0.1935 -0.8064 -0.5588
vn 0.2653 -0.5854 -0.7661
vn 0.3114 -0.3076 -0.8991
vn 0.3263 -0.0784 -0.9420
vn 0.3263 0.0784 -0.9420
vn 0.3114 0.3076 -0.8991
vn 0.2653 0.5854 -0.7661
vn 0.1935 0.8064 -0.5588
vn 0.1030 0.9492 -0.2973
vn 0.0511 0.9877 -0.1475
vn 0.1460 -0.9490 -0.2794
vn 0.0723 -0.9878 -0.1382
vn 0.2741 -0.8061 -0.5244
vn 0.3757 -0.5852 -0.7186
vn 0.4408 -0.3076 -0.8433
vn 0.4619 -0.0784 -0.8835
vn 0.4619 0.0784 -0.8835
vn 0.4408 0.3076 -0.8433
vn 0.3757 0.5852 -0.7186
vn 0.2741 0.8061 -0.5244
vn 0.1460 0.9490 -0.2794
vn 0.0723 0.9878 -0.1382
vn 0.1906 -0.9488 -0.2518
vn 0.0941 -0.9878 -0.1242
vn 0.3574 -0.8059 -0.4720
vn 0.4896 -0.5851 -0.6465
vn 0.5744 -0.3075 -0.7586
vn 0.6018 -0.0784 -0.7948
vn 0.6018 0.0784 -0.7948
vn 0.5744 0.3075 -0.7586
vn 0.4896 0.5851 -0.6465
vn 0.3574 0.8059 -0.4720
vn 0.1907 0.9488 -0.2518
vn 0.0941 0.9878 -0.1243
vn 0.2342 -0.9486 -0.2128
vn 0.1152 -0.9878 -0.1047
vn 0.4384 -0.8057 -0.3983
vn 0.6003 -0.5850 -0.5454
vn 0.7043 -0.3074 -0.6399
vn 0.7379 -0.0784 -0.6704
vn 0.7379 0.0784 -0.6704
vn 0.7043 0.3075 -0.6399
vn 0.6003 0.5850 -0.5454
vn 0.4384 0.8057 -0.3983
vn 0.2342 0.9486 -0.2128
vn 0.1152 0.9878 -0.1047
vn 0.2717 -0.9485 -0.1626
vn 0.1336 -0.9878 -0.0799
vn 0.5083 -0.8056 -0.3042
vn 0.6960 -0.5849 -0.4165
vn 0.8165 -0.3075 -0.4886
vn 0.8554 -0.0785 -0.5119
vn 0.8554 0.0785 -0.5119
vn 0.8165 0.3075 -0.4886
vn 0.6960 0.5849 -0.4165
vn 0.5083 0.8056 -0.3042
vn 0.2717 0.9485 -0.1626
vn 0.1336 0.9878 -0.0799
vn 0.2980 -0.9486 -0.1063
vn 0.1467 -0.9878 -0.0523
vn 0.5579 -0.8057 -0.1990
vn 0.7639 -0.5850 -0.2725
vn 0.8962 -0.3075 -0.3197
vn 0.9390 -0.0785 -0.3349
vn 0.9390 0.0785 -0.3349
vn 0.8962 0.3075 -0.3197
vn 0.7639 0.5850 -0.2725
vn 0.5579 0.8057 -0.1990
vn 0.2980 0.9486 -0.1063
vn 0.1467 0.9878 -0.0523
vn 0.3116 -0.9489 -0.0507
vn 0.1539 -0.9878 -0.0250
vn 0.5843 -0.8060 -0.0950
vn 0.8004 -0.5851 -0.1302
vn 0.9392 -0.3075 -0.1527
vn 0.9840 -0.0784 -0.1600
vn 0.9840 0.0784 -0.1600
vn 0.9392 0.3075 -0.1527
vn 0.8004 0.5851 -0.1302
vn 0.5843 0.8060 -0.0950
vn 0.3116 0.9489 -0.0507
vn 0.1539 0.9878 -0.0250
vn 0.1779 -0.9603 -0.2147
vn 0.2234 -0.9585 0.1771
vn 0.0896 -0.9934 0.0710
vn 0.0706 -0.9939 -0.0851
vn 0.3246 -0.8610 -0.3915
vn 0.4065 -0.8549 0.3223
vn 0.4706 -0.6755 -0.5676
vn 0.5848 -0.6656 0.4636
vn 0.5901 -0.3808 -0.7118
vn 0.7273 -0.3724 0.5765
vn 0.6347 -0.1055 -0.7656
vn 0.7795 -0.1024 0.6180
vn 0.6347 0.1055 -0.7656
vn 0.7795 0.1024 0.6180
vn 0.5901 0.3808 -0.7118
vn 0.7273 0.3724 0.5765
vn 0.4706 0.6755 -0.5676
vn 0.5848 0.6656 0.4636
vn 0.3246 0.8610 -0.3915
vn 0.4065 0.8549 0.3223
vn 0.1779 0.9603 -0.2147
vn 0.2234 0.9585 0.1771
vn 0.0706 0.9939 -0.0851
vn 0.0896 0.9934 0.0710
vn 0.0400 -0.9507 0.3077
vn 0.0202 -0.9877 0.1551
vn 0.0760 -0.8084 0.5837
vn 0.1045 -0.5872 0.8027
vn 0.1228 -0.3086 0.9432
vn 0.1287 -0.0784 0.9886
vn 0.1287 0.0784 0.9886
vn 0.1228 0.3086 0.9432
vn 0.1045 0.5872 0.8027
vn 0.0760 0.8084 0.5837
vn 0.0400 0.9507 0.3077
vn 0.0202 0.9877 0.1551
vn 0.0311 -0.9506 0.3088
vn 0.0157 -0.9877 0.1556
vn 0.0591 -0.8083 0.5857
vn 0.0812 -0.5871 0.8054
vn 0.0954 -0.3086 0.9464
vn 0.1000 -0.0784 0.9919
vn 0.1000 0.0784 0.9919
vn 0.0954 0.3086 0.9464
vn 0.0812 0.5871 0.8054
vn 0.0591 0.8083 0.5857
vn 0.0311 0.9506 0.3088
vn 0.0157 0.9877 0.1556
vn 0.0215 -0.9506 0.3097
vn 0.0108 -0.9877 0.1560
vn 0.0408 -0.8083 0.5874
vn 0.0561 -0.5871 0.8076
vn 0.0659 -0.3086 0.9489
vn 0.0691 -0.0784 0.9945
vn 0.0691 0.0784 0.9945
vn 0.0659 0.3086 0.9489
vn 0.0561 0.5871 0.8076
vn 0.0408 0.8083 0.5874
vn 0.0215 0.9506 0.3097
vn 0.0108 0.9877 0.1560
vn 0.0111 -0.9506 0.3103
vn 0.0056 -0.9877 0.1563
vn 0.0211 -0.8082 0.5885
vn 0.0290 -0.5870 0.8091
vn 0.0340 -0.3086 0.9506
vn 0.0357 -0.0784 0.9963
vn 0.0357 0.0784 0.9963
vn 0.0340 0.3086 0.9506
vn 0.0290 0.5870 0.8091
vn 0.0211 0.8082 0.5885
vn 0.0111 0.9506 0.3103
vn 0.0056 0.9877 0.1563
vn -0.0107 -0.9496 0.3132
vn -0.0053 -0.9877 0.1561
vn -0.0202 -0.8069 0.5903
vn -0.0277 -0.5858 0.8100
vn -0.0325 -0.3079 0.9509
vn -0.0341 -0.0784 0.9963
vn -0.0341 0.0784 0.9963
vn -0.0325 0.3079 0.9509
vn -0.0277 0.5858 0.8100
vn -0.0202 0.8069 0.5903
vn -0.0107 0.9496 0.3132
vn -0.0053 0.9877 0.1561
vn -0.0650 -0.9482 0.3110
vn -0.0318 -0.9879 0.1521
vn -0.1212 -0.8053 0.5803
vn -0.1659 -0.5848 0.7940
vn -0.1946 -0.3075 0.9315
vn -0.2038 -0.0785 0.9758
vn -0.2038 0.0785 0.9758
vn -0.1946 0.3075 0.9315
vn -0.1659 0.5848 0.7940
vn -0.1212 0.8053 0.5803
vn -0.0650 0.9482 0.3110
vn -0.0318 0.9879 0.1521
vn -0.1529 -0.9473 0.2814
vn -0.0736 -0.9880 0.1355
vn -0.2833 -0.8049 0.5214
vn -0.3871 -0.5852 0.7125
vn -0.4542 -0.3080 0.8360
vn -0.4759 -0.0789 0.8760
vn -0.4759 0.0789 0.8760
vn -0.4542 0.3080 0.8360
vn -0.3871 0.5852 0.7125
vn -0.2833 0.8049 0.5214
vn -0.1529 0.9473 0.2814
vn -0.0736 0.9880 0.1355
vn -0.2470 -0.9469 0.2057
vn -0.1177 -0.9882 0.0980
vn -0.4558 -0.8051 0.3795
vn -0.6228 -0.5860 0.5185
vn -0.7310 -0.3087 0.6086
vn -0.7661 -0.0793 0.6378
vn -0.7661 0.0793 0.6378
vn -0.7310 0.3087 0.6086
vn -0.6228 0.5860 0.5185
vn -0.4558 0.8051 0.3795
vn -0.2470 0.9469 0.2057
vn -0.1177 0.9882 0.0980
vn -0.3058 -0.9472 0.0966
vn -0.1468 -0.9881 0.0464
vn -0.5658 -0.8050 0.1787
vn -0.7731 -0.5854 0.2442
vn -0.9071 -0.3082 0.2866
vn -0.9506 -0.0790 0.3003
vn -0.9506 0.0790 0.3003
vn -0.9071 0.3082 0.2866
vn -0.7731 0.5854 0.2442
vn -0.5658 0.8050 0.1787
vn -0.3058 0.9472 0.0966
vn -0.1468 0.9881 0.0464
vn -0.1222 -0.9828 0.1384
vn -0.0780 -0.9930 0.0884
vn -0.2860 -0.9018 0.3239
vn -0.4534 -0.7286 0.5134
vn -0.5991 -0.4250 0.6785
vn -0.6580 -0.1088 0.7451
vn -0.6580 0.1088 0.7451
vn -0.5991 0.4250 0.6785
vn -0.4534 0.7286 0.5134
vn -0.2860 0.9018 0.3239
vn -0.1222 0.9828 0.1384
vn -0.0780 0.9930 0.0884
vn 0.1978 -0.9598 -0.1991
vn 0.0787 -0.9937 -0.0792
vn 0.3605 -0.8593 -0.3628
vn 0.5215 -0.6727 -0.5249
vn 0.6524 -0.3784 -0.6566
vn 0.7009 -0.1046 -0.7055
vn 0.7009 0.1046 -0.7055
vn 0.6524 0.3784 -0.6566
vn 0.5215 0.6727 -0.5249
vn 0.3605 0.8593 -0.3628
vn 0.1978 0.9598 -0.1991
vn 0.0787 0.9937 -0.0792
vn 0.3117 -0.9502 0.0080
vn 0.1563 -0.9877 0.0040
vn 0.5895 -0.8076 0.0151
vn 0.8097 -0.5865 0.0208
vn 0.9510 -0.3082 0.0244
vn 0.9966 -0.0784 0.0256
vn 0.9966 0.0784 0.0256
vn 0.9510 0.3082 0.0244
vn 0.8097 0.5865 0.0208
vn 0.5895 0.8076 0.0151
vn 0.3117 0.9502 0.0080
vn 0.1563 0.9877 0.0040
vn 0.3126 -0.9487 0.0482
vn 0.1539 -0.9878 0.0237
vn 0.5854 -0.8057 0.0902
vn 0.8016 -0.5850 0.1236
vn 0.9404 -0.3075 0.1450
vn 0.9853 -0.0784 0.1519
vn 0.9853 0.0784 0.1519
vn 0.9404 0.3075 0.1450
vn 0.8016 0.5850 0.1236
vn 0.5854 0.8057 0.0902
vn 0.3126 0.9487 0.0482
vn 0.1539 0.9878 0.0237
vn 0.2976 -0.9485 0.1082
vn 0.1463 -0.9878 0.0532
vn 0.5568 -0.8056 0.2024
vn 0.7623 -0.5849 0.2771
vn 0.8943 -0.3075 0.3251
vn 0.9369 -0.0785 0.3406
vn 0.9369 0.0785 0.3406
vn 0.8943 0.3075 0.3251
vn 0.7623 0.5849 0.2771
vn 0.5568 0.8056 0.2024
vn 0.2976 0.9485 0.1082
vn 0.1463 0.9878 0.0532
vn 0.2702 -0.9486 0.1648
vn 0.1329 -0.9878 0.0811
vn 0.5057 -0.8057 0.3084
vn 0.6925 -0.5849 0.4223
vn 0.8124 -0.3075 0.4954
vn 0.8511 -0.0785 0.5191
vn 0.8511 0.0785 0.5191
vn 0.8124 0.3075 0.4954
vn 0.6925 0.5849 0.4223
vn 0.5057 0.8057 0.3084
vn 0.2702 0.9486 0.1648
vn 0.1329 0.9878 0.0811
vn 0.2343 -0.9488 0.2119
vn 0.1156 -0.9878 0.1045
vn 0.4391 -0.8059 0.3972
vn 0.6014 -0.5850 0.5441
vn 0.7057 -0.3075 0.6383
vn 0.7393 -0.0784 0.6688
vn 0.7393 0.0784 0.6688
vn 0.7057 0.3075 0.6383
vn 0.6014 0.5850 0.5441
vn 0.4391 0.8059 0.3972
vn 0.2343 0.9488 0.2119
vn 0.1156 0.9878 0.1045
vn 0.1974 -0.9493 0.2448
vn 0.0980 -0.9877 0.1215
vn 0.3712 -0.8064 0.4603
vn 0.5089 -0.5854 0.6311
vn 0.5973 -0.3077 0.7406
vn 0.6258 -0.0784 0.7760
vn 0.6258 0.0784 0.7760
vn 0.5973 0.3077 0.7406
vn 0.5089 0.5854 0.6311
vn 0.3712 0.8064 0.4603
vn 0.1974 0.9493 0.2448
vn 0.0980 0.9877 0.1215
vn 0.1638 -0.9494 0.2680
vn 0.0814 -0.9877 0.1332
vn 0.3082 -0.8066 0.5044
vn 0.4226 -0.5855 0.6917
vn 0.4961 -0.3077 0.8119
vn 0.5198 -0.0784 0.8507
vn 0.5198 0.0784 0.8507
vn 0.4961 0.3077 0.8119
vn 0.4226 0.5855 0.6917
vn 0.3082 0.8066 0.5044
vn 0.1638 0.9494 0.2680
vn 0.0814 0.9877 0.1332
vn 0.1276 -0.9493 0.2874
vn 0.0634 -0.9877 0.1426
vn 0.2400 -0.8064 0.5404
vn 0.3291 -0.5854 0.7409
vn 0.3862 -0.3077 0.8696
vn 0.4047 -0.0784 0.9111
vn 0.4047 0.0784 0.9111
vn 0.3862 0.3077 0.8696
vn 0.3291 0.5854 0.7409
vn 0.2400 0.8064 0.5404
vn 0.1276 0.9493 0.2874
vn 0.0634 0.9877 0.1426
vn 0.0869 -0.9492 0.3024
vn 0.0431 -0.9877 0.1500
vn 0.1634 -0.8064 0.5684
vn 0.2240 -0.5854 0.7792
vn 0.2629 -0.3076 0.9145
vn 0.2754 -0.0784 0.9581
vn 0.2754 0.0784 0.9581
vn 0.2629 0.3076 0.9145
vn 0.2240 0.5854 0.7792
vn 0.1634 0.8064 0.5684
vn 0.0869 0.9492 0.3024
vn 0.0431 0.9877 0.1500
vn 0.0436 -0.9492 0.3116
vn 0.0216 -0.9877 0.1545
vn 0.0820 -0.8064 0.5857
vn 0.1125 -0.5854 0.8029
vn 0.1320 -0.3076 0.9423
vn 0.1383 -0.0784 0.9873
vn 0.1383 0.0784 0.9873
vn 0.1320 0.3076 0.9423
vn 0.1125 0.5854 0.8029
vn 0.0820 0.8064 0.5857
vn 0.0436 0.9492 0.3116
vn 0.0216 0.9877 0.1545
vn 0.0107 -0.9501 0.3118
vn 0.0054 -0.9877 0.1562
vn 0.0203 -0.8076 0.5894
vn 0.0278 -0.5864 0.8096
vn 0.0327 -0.3082 0.9508
vn 0.0343 -0.0784 0.9963
vn 0.0343 0.0784 0.9963
vn 0.0327 0.3082 0.9508
vn 0.0278 0.5864 0.8096
vn 0.0203 0.8076 0.5894
vn 0.0107 0.9501 0.3118
vn 0.0054 0.9877 0.1562
vn 0.1156 -0.9883 0.0998
vn 0.0779 -0.9947 0.0672
vn 0.2848 -0.9266 0.2457
vn 0.4736 -0.7802 0.4086
vn 0.6635 -0.4816 0.5725
vn 0.7511 -0.1260 0.6480
vn 0.7511 0.1260 0.6480
vn 0.6635 0.4816 0.5725
vn 0.4736 0.7802 0.4086
vn 0.2848 0.9266 0.2457
vn 0.1156 0.9883 0.0998
vn 0.0779 0.9947 0.0672
vn 0.2719 -0.9577 -0.0941
vn 0.1453 -0.9881 -0.0503
vn 0.5377 -0.8223 -0.1861
vn 0.7538 -0.6032 -0.2608
vn 0.8955 -0.3194 -0.3099
vn 0.9420 -0.0806 -0.3259
vn 0.9420 0.0806 -0.3259
vn 0.8955 0.3194 -0.3099
vn 0.7538 0.6032 -0.2608
vn 0.5377 0.8223 -0.1861
vn 0.2719 0.9577 -0.0941
vn 0.1453 0.9881 -0.0503
vn 0.2138 -0.9585 -0.1887
vn 0.1149 -0.9882 -0.1014
vn 0.4246 -0.8241 -0.3749
vn 0.5967 -0.6054 -0.5268
vn 0.7100 -0.3209 -0.6268
vn 0.7472 -0.0809 -0.6596
vn 0.7472 0.0809 -0.6596
vn 0.7100 0.3209 -0.6268
vn 0.5967 0.6054 -0.5268
vn 0.4246 0.8241 -0.3749
vn 0.2138 0.9585 -0.1887
vn 0.1149 0.9882 -0.1014
vn 0.1334 -0.9569 -0.2579
vn 0.0709 -0.9880 -0.1371
vn 0.2626 -0.8205 -0.5077
vn 0.3672 -0.6009 -0.7100
vn 0.4355 -0.3178 -0.8422
vn 0.4579 -0.0802 -0.8854
vn 0.4579 0.0802 -0.8854
vn 0.4355 0.3178 -0.8422
vn 0.3672 0.6009 -0.7100
vn 0.2626 0.8205 -0.5077
vn 0.1334 0.9569 -0.2579
vn 0.0709 0.9880 -0.1371
vn 0.0582 -0.9549 -0.2913
vn 0.0304 -0.9878 -0.1524
vn 0.1131 -0.8161 -0.5667
vn 0.1573 -0.5956 -0.7877
vn 0.1859 -0.3142 -0.9310
vn 0.1952 -0.0794 -0.9775
vn 0.1952 0.0794 -0.9775
vn 0.1859 0.3142 -0.9310
vn 0.1573 0.5956 -0.7877
vn 0.1131 0.8161 -0.5667
vn 0.0582 0.9549 -0.2913
vn 0.0304 0.9878 -0.1524
vn 0.0100 -0.9526 -0.3040
vn 0.0051 -0.9877 -0.1562
vn 0.0192 -0.8117 -0.5837
vn 0.0266 -0.5906 -0.8065
vn 0.0313 -0.3108 -0.9500
vn 0.0328 -0.0788 -0.9964
vn 0.0328 0.0788 -0.9964
vn 0.0313 0.3108 -0.9500
vn 0.0266 0.5906 -0.8065
vn 0.0192 0.8117 -0.5837
vn 0.0100 0.9526 -0.3040
vn 0.0051 0.9877 -0.1562
vn -0.0096 -0.9515 -0.3076
vn -0.0049 -0.9877 -0.1563
vn -0.0184 -0.8097 -0.5865
vn -0.0253 -0.5885 -0.8081
vn -0.0298 -0.3095 -0.9504
vn -0.0312 -0.0785 -0.9964
vn -0.0312 0.0785 -0.9964
vn -0.0298 0.3095 -0.9504
vn -0.0253 0.5885 -0.8081
vn -0.0184 0.8097 -0.5865
vn -0.0096 0.9515 -0.3076
vn -0.0049 0.9877 -0.1563
vn -0.0174 -0.9514 -0.3075
vn -0.0088 -0.9877 -0.1562
vn -0.0331 -0.8096 -0.5861
vn -0.0456 -0.5883 -0.8073
vn -0.0536 -0.3094 -0.9494
vn -0.0562 -0.0785 -0.9953
vn -0.0562 0.0785 -0.9953
vn -0.0536 0.3094 -0.9494
vn -0.0456 0.5883 -0.8073
vn -0.0331 0.8096 -0.5861
vn -0.0174 0.9514 -0.3075
vn -0.0088 0.9877 -0.1562
vn -0.0235 -0.9513 -0.3073
vn -0.0119 -0.9877 -0.1560
vn -0.0448 -0.8094 -0.5855
vn -0.0617 -0.5882 -0.8063
vn -0.0725 -0.3093 -0.9482
vn -0.0760 -0.0785 -0.9940
vn -0.0760 0.0785 -0.9940
vn -0.0725 0.3093 -0.9482
vn -0.0617 0.5882 -0.8063
vn -0.0448 0.8094 -0.5855
vn -0.0235 0.9513 -0.3073
vn -0.0119 0.9877 -0.1560
vn -0.0285 -0.9513 -0.3070
vn -0.0144 -0.9877 -0.1558
vn -0.0542 -0.8094 -0.5848
vn -0.0746 -0.5881 -0.8053
vn -0.0878 -0.3092 -0.9469
vn -0.0920 -0.0785 -0.9927
vn -0.0920 0.0785 -0.9927
vn -0.0878 0.3092 -0.9469
vn -0.0746 0.5881 -0.8053
vn -0.0542 0.8094 -0.5848
vn -0.0285 0.9513 -0.3070
vn -0.0144 0.9877 -0.1558
vn -0.4667 -0.7513 -0.4666
vn -0.4667 0.7513 -0.4666
vn -0.4667 -0.7513 0.4666
vn -0.4667 0.7513 0.4666
vn 0.6535 -0.3789 0.6552
vn 0.6535 0.3789 0.6552
vn 0.1979 -0.9599 -0.1985
vn 0.3124 -0.9499 0.0125
vn 0.1562 -0.9877 0.0063
vn 0.0787 -0.9938 -0.0789
vn 0.3607 -0.8596 -0.3619
vn 0.5898 -0.8072 0.0236
vn 0.5221 -0.6732 -0.5237
vn 0.8096 -0.5861 0.0324
vn 0.6534 -0.3789 -0.6554
vn 0.9506 -0.3080 0.0381
vn 0.7021 -0.1047 -0.7043
vn 0.9961 -0.0783 0.0399
vn 0.7021 0.1047 -0.7043
vn 0.9961 0.0783 0.0399
vn 0.6534 0.3789 -0.6554
vn 0.9506 0.3080 0.0381
vn 0.5221 0.6732 -0.5237
vn 0.8096 0.5861 0.0324
vn 0.3607 0.8596 -0.3619
vn 0.5898 0.8072 0.0236
vn 0.1979 0.9599 -0.1985
vn 0.3124 0.9499 0.0125
vn 0.0787 0.9938 -0.0789
vn 0.1562 0.9877 0.0063
vn 0.3113 -0.9487 0.0549
vn 0.1534 -0.9878 0.0271
vn 0.5832 -0.8058 0.1029
vn 0.7987 -0.5850 0.1410
vn 0.9371 -0.3075 0.1654
vn 0.9817 -0.0784 0.1733
vn 0.9817 0.0784 0.1733
vn 0.9371 0.3075 0.1654
vn 0.7987 0.5850 0.1410
vn 0.5832 0.8058 0.1029
vn 0.3113 0.9487 0.0549
vn 0.1534 0.9878 0.0271
vn 0.2957 -0.9486 0.1130
vn 0.1454 -0.9878 0.0556
vn 0.5534 -0.8057 0.2114
vn 0.7576 -0.5850 0.2895
vn 0.8889 -0.3075 0.3396
vn 0.9313 -0.0784 0.3558
vn 0.9313 0.0784 0.3558
vn 0.8889 0.3075 0.3396
vn 0.7576 0.5850 0.2895
vn 0.5534 0.8057 0.2114
vn 0.2957 0.9486 0.1130
vn 0.1454 0.9878 0.0556
vn 0.2678 -0.9486 0.1688
vn 0.1317 -0.9878 0.0830
vn 0.5011 -0.8057 0.3158
vn 0.6862 -0.5850 0.4324
vn 0.8050 -0.3075 0.5073
vn 0.8434 -0.0784 0.5315
vn 0.8434 0.0784 0.5315
vn 0.8050 0.3075 0.5073
vn 0.6862 0.5850 0.4324
vn 0.5011 0.8057 0.3158
vn 0.2678 0.9486 0.1688
vn 0.1317 0.9878 0.0830
vn 0.2307 -0.9487 0.2161
vn 0.1137 -0.9878 0.1065
vn 0.4322 -0.8058 0.4047
vn 0.5920 -0.5850 0.5543
vn 0.6946 -0.3075 0.6504
vn 0.7277 -0.0784 0.6814
vn 0.7277 0.0784 0.6814
vn 0.6946 0.3075 0.6504
vn 0.5920 0.5850 0.5543
vn 0.4322 0.8058 0.4047
vn 0.2307 0.9487 0.2161
vn 0.1137 0.9878 0.1065
vn 0.1948 -0.9495 0.2459
vn 0.0970 -0.9877 0.1224
vn 0.3669 -0.8068 0.4632
vn 0.5033 -0.5857 0.6353
vn 0.5908 -0.3078 0.7458
vn 0.6190 -0.0783 0.7815
vn 0.6190 0.0783 0.7815
vn 0.5908 0.3078 0.7458
vn 0.5033 0.5857 0.6353
vn 0.3669 0.8068 0.4632
vn 0.1948 0.9495 0.2459
vn 0.0970 0.9877 0.1224
vn 0.1646 -0.9494 0.2674
vn 0.0819 -0.9877 0.1330
vn 0.3099 -0.8066 0.5033
vn 0.4250 -0.5856 0.6903
vn 0.4989 -0.3077 0.8102
vn 0.5227 -0.0784 0.8489
vn 0.5227 0.0784 0.8489
vn 0.4989 0.3077 0.8102
vn 0.4250 0.5856 0.6903
vn 0.3099 0.8066 0.5033
vn 0.1646 0.9494 0.2674
vn 0.0819 0.9877 0.1330
vn 0.1292 -0.9493 0.2866
vn 0.0642 -0.9877 0.1423
vn 0.2430 -0.8065 0.5390
vn 0.3332 -0.5855 0.7391
vn 0.3911 -0.3077 0.8674
vn 0.4098 -0.0784 0.9088
vn 0.4098 0.0784 0.9088
vn 0.3911 0.3077 0.8674
vn 0.3332 0.5855 0.7391
vn 0.2430 0.8065 0.5390
vn 0.1292 0.9493 0.2866
vn 0.0642 0.9877 0.1423
vn 0.0887 -0.9492 0.3019
vn 0.0440 -0.9877 0.1497
vn 0.1668 -0.8063 0.5675
vn 0.2286 -0.5854 0.7779
vn 0.2683 -0.3076 0.9129
vn 0.2811 -0.0784 0.9565
vn 0.2811 0.0784 0.9565
vn 0.2683 0.3076 0.9129
vn 0.2286 0.5854 0.7779
vn 0.1668 0.8063 0.5675
vn 0.0887 0.9492 0.3019
vn 0.0440 0.9877 0.1497
vn 0.0449 -0.9492 0.3116
vn 0.0222 -0.9878 0.1544
vn 0.0843 -0.8063 0.5854
vn 0.1156 -0.5853 0.8025
vn 0.1356 -0.3076 0.9418
vn 0.1421 -0.0784 0.9867
vn 0.1421 0.0784 0.9867
vn 0.1356 0.3076 0.9418
vn 0.1156 0.5853 0.8025
vn 0.0843 0.8063 0.5854
vn 0.0449 0.9492 0.3116
vn 0.0222 0.9878 0.1544
vn 0.0111 -0.9501 0.3118
vn 0.0056 -0.9877 0.1562
vn 0.0209 -0.8075 0.5895
vn 0.0288 -0.5863 0.8096
vn 0.0338 -0.3081 0.9507
vn 0.0354 -0.0784 0.9963
vn 0.0354 0.0784 0.9963
vn 0.0338 0.3081 0.9507
vn 0.0288 0.5863 0.8096
vn 0.0209 0.8075 0.5895
vn 0.0111 0.9501 0.3118
vn 0.0056 0.9877 0.1562
vn -0.0843 -0.8063 0.5855
vn -0.0843 0.8063 0.5855
vn -0.4250 -0.5856 0.6902
vn -0.4250 0.5856 0.6902
vn -0.4322 -0.8058 0.4047
vn -0.6945 -0.3075 0.6504
vn -0.6945 0.3075 0.6504
vn -0.4322 0.8058 0.4047
vn -0.8050 -0.3075 0.5074
vn -0.8434 -0.0785 0.5315
vn -0.8434 0.0785 0.5315
vn -0.8050 0.3075 0.5074
vn -0.7576 -0.5850 0.2895
vn -0.7576 0.5850 0.2895
vn -0.5832 -0.8058 0.1029
vn -0.5832 0.8058 0.1029
vn -0.3124 -0.9499 0.0125
vn -0.1562 -0.9877 0.0063
vn -0.5898 -0.8072 0.0236
vn -0.8096 -0.5861 0.0324
vn -0.9506 -0.3080 0.0381
vn -0.9961 -0.0783 0.0399
vn -0.9961 0.0783 0.0399
vn -0.9506 0.3080 0.0381
vn -0.8096 0.5861 0.0324
vn -0.5898 0.8072 0.0236
vn -0.3124 0.9499 0.0125
vn -0.1562 0.9877 0.0063
vn -0.1979 -0.9599 -0.1985
vn -0.0787 -0.9938 -0.0789
vn -0.3607 -0.8596 -0.3619
vn -0.5221 -0.6732 -0.5237
vn -0.6534 -0.3789 -0.6554
vn -0.7021 -0.1047 -0.7043
vn -0.7021 0.1047 -0.7043
vn -0.6534 0.3789 -0.6554
vn -0.5221 0.6732 -0.5237
vn -0.3607 0.8596 -0.3619
vn -0.1979 0.9599 -0.1985
vn -0.0787 0.9938 -0.0789
vn -0.3893 -0.8513 -0.3519
vn -0.6899 -0.3676 -0.6237
vn -0.6899 0.3676 -0.6237
vn -0.3893 0.8513 -0.3519
vn 0.1818 -0.9634 -0.1968
vn 0.0708 -0.9945 -0.0766
vn 0.3332 -0.8712 -0.3605
vn 0.4895 -0.6926 -0.5298
vn 0.6233 -0.3956 -0.6745
vn 0.6745 -0.1110 -0.7299
vn 0.6745 0.1110 -0.7299
vn 0.6233 0.3956 -0.6745
vn 0.4895 0.6926 -0.5298
vn 0.3332 0.8712 -0.3605
vn 0.1818 0.9634 -0.1968
vn 0.0708 0.9945 -0.0766
vn 0.1198 -0.9859 -0.1172
vn 0.0787 -0.9939 -0.0770
vn 0.2881 -0.9152 -0.2819
vn 0.4683 -0.7555 -0.4582
vn 0.6371 -0.4532 -0.6234
vn 0.7098 -0.1171 -0.6946
vn 0.7098 0.1171 -0.6946
vn 0.6371 0.4532 -0.6234
vn 0.4683 0.7555 -0.4582
vn 0.2881 0.9152 -0.2819
vn 0.1198 0.9859 -0.1172
vn 0.0787 0.9939 -0.0770
vn 0.4667 -0.7513 -0.4666
vn 0.4667 0.7513 -0.4666
vn 0.4667 -0.7513 0.4666
vn 0.4667 0.7513 0.4666
vt 0.806452 0.000000
vt 0.870968 0.000000
vt 0.838710 0.000000
vt 0.774194 0.000000
vt 0.709677 0.000000
vt 1.000000 0.000000
vt 0.741935 0.000000
vt 0.000000 0.000000
vt 0.967742 0.000000
vt 0.032258 0.000000
vt 0.903226 0.000000
vt 0.935484 0.000000
vt 0.677419 0.000000
vt 0.064516 0.000000
vt 0.645161 0.000000
vt 0.096774 0.000000
vt 0.129032 0.000000
vt 0.612903 0.000000
vt 0.161290 0.000000
vt 0.580645 0.000000
vt 0.193548 0.000000
vt 0.548387 0.000000
vt 0.516129 0.000000
vt 0.225806 0.000000
vt 0.258065 0.000000
vt 0.483871 0.000000
vt 0.290323 0.000000
vt 0.451613 0.000000
vt 0.322581 0.000000
vt 0.419355 0.000000
vt 0.354839 0.000000
vt 0.387097 0.000000
vt 0.333333 0.000000
vt 0.666667 0.000000
vt 0.341463 0.000000
vt 0.365854 0.000000
vt 0.390244 0.000000
vt 0.975610 0.000000
vt 0.414634 0.000000
vt 0.926829 0.000000
vt 0.951219 0.000000
vt 0.292683 0.000000
vt 0.439024 0.000000
vt 0.463415 0.000000
vt 0.487805 0.000000
vt 0.512195 0.000000
vt 0.536585 0.000000
vt 0.560976 0.000000
vt 0.585366 0.000000
vt 0.609756 0.000000
vt 0.634146 0.000000
vt 0.658537 0.000000
vt 0.317073 0.000000
vt 0.268293 0.000000
vt 0.243902 0.000000
vt 0.682927 0.000000
vt 0.707317 0.000000
vt 0.731707 0.000000
vt 0.219512 0.000000
vt 0.756098 0.000000
vt 0.780488 0.000000
vt 0.902439 0.000000
vt 0.024390 0.000000
vt 0.804878 0.000000
vt 0.878049 0.000000
vt 0.853659 0.000000
vt 0.829268 0.000000
vt 0.195122 0.000000
vt 0.170732 0.000000
vt 0.048780 0.000000
vt 0.146341 0.000000
vt 0.073171 0.000000
vt 0.097561 0.000000
vt 0.121951 0.000000
vt 0.674419 0.000000
vt 0.720930 0.000000
vt 0.697674 0.000000
vt 0.651163 0.000000
vt 0.744186 0.000000
vt 0.627907 0.000000
vt 0.767442 0.000000
vt 0.604651 0.000000
vt 0.790698 0.000000
vt 0.581395 0.000000
vt 0.558140 0.000000
vt 0.813953 0.000000
vt 0.534884 0.000000
vt 0.511628 0.000000
vt 0.488372 0.000000
vt 0.837209 0.000000
vt 0.465116 0.000000
vt 0.441860 0.000000
vt 0.860465 0.000000
vt 0.418605 0.000000
vt 0.395349 0.000000
vt 0.883721 0.000000
vt 0.372093 0.000000
vt 0.906977 0.000000
vt 0.348837 0.000000
vt 0.325581 0.000000
vt 0.279070 0.000000
vt 0.302326 0.000000
vt 0.976744 0.000000
vt 0.023256 0.000000
vt 0.930233 0.000000
vt 0.953488 0.000000
vt 0.255814 0.000000
vt 0.232558 0.000000
vt 0.209302 0.000000
vt 0.186047 0.000000
vt 0.162791 0.000000
vt 0.139535 0.000000
vt 0.116279 0.000000
vt 0.093023 0.000000
vt 0.069767 0.000000
vt 0.046512 0.000000
vt 0.222222 0.000000
vt 0.111111 0.000000
vt 0.777778 0.000000
vt 0.888889 0.000000
vt 0.444444 0.000000
vt 0.555556 0.000000
vt 0.604167 0.000000
vt 0.645833 0.000000
vt 0.625000 0.000000
vt 0.750000 0.000000
vt 0.791667 0.000000
vt 0.770833 0.000000
vt 0.812500 0.000000
vt 0.583333 0.000000
vt 0.562500 0.000000
vt 0.541667 0.000000
vt 0.520833 0.000000
vt 0.500000 0.000000
vt 0.479167 0.000000
vt 0.458333 0.000000
vt 0.437500 0.000000
vt 0.416667 0.000000
vt 0.395833 0.000000
vt 0.375000 0.000000
vt 0.687500 0.000000
vt 0.354167 0.000000
vt 0.312500 0.000000
vt 0.708333 0.000000
vt 0.291667 0.000000
vt 0.729167 0.000000
vt 0.270833 0.000000
vt 0.250000 0.000000
vt 0.229167 0.000000
vt 0.020833 0.000000
vt 0.979167 0.000000
vt 0.958333 0.000000
vt 0.937500 0.000000
vt 0.208333 0.000000
vt 0.833333 0.000000
vt 0.916667 0.000000
vt 0.854167 0.000000
vt 0.875000 0.000000
vt 0.895833 0.000000
vt 0.187500 0.000000
vt 0.166667 0.000000
vt 0.145833 0.000000
vt 0.041667 0.000000
vt 0.062500 0.000000
vt 0.125000 0.000000
vt 0.083333 0.000000
vt 0.104167 0.000000
vt 0.878788 0.000000
vt 0.939394 0.000000
vt 0.909091 0.000000
vt 0.848485 0.000000
vt 0.787879 0.000000
vt 0.969697 0.000000
vt 0.818182 0.000000
vt 0.363636 0.000000
vt 0.030303 0.000000
vt 0.060606 0.000000
vt 0.090909 0.000000
vt 0.121212 0.000000
vt 0.151515 0.000000
vt 0.181818 0.000000
vt 0.212121 0.000000
vt 0.242424 0.000000
vt 0.272727 0.000000
vt 0.303030 0.000000
vt 0.393939 0.000000
vt 0.757576 0.000000
vt 0.424242 0.000000
vt 0.454545 0.000000
vt 0.727273 0.000000
vt 0.696970 0.000000
vt 0.636364 0.000000
vt 0.606061 0.000000
vt 0.575758 0.000000
vt 0.545455 0.000000
vt 0.515152 0.000000
vt 0.484848 0.000000
vt 0.000000 0.090909
vt 0.250000 0.090909
vt 0.000000 0.181818
vt 0.250000 0.181818
vt 0.000000 0.272727
vt 0.250000 0.272727
vt 0.000000 0.363636
vt 0.250000 0.363636
vt 0.000000 0.454545
vt 0.250000 0.454545
vt 0.000000 0.545455
vt 0.250000 0.545455
vt 0.000000 0.636364
vt 0.250000 0.636364
vt 0.000000 0.727273
vt 0.250000 0.727273
vt 0.000000 0.818182
vt 0.250000 0.818182
vt 0.000000 0.909091
vt 0.250000 0.909091
vt 0.000000 1.000000
vt 0.250000 1.000000
vt 0.500000 0.090909
vt 0.500000 0.181818
vt 0.500000 0.272727
vt 0.500000 0.363636
vt 0.500000 0.454545
vt 0.500000 0.545455
vt 0.500000 0.636364
vt 0.500000 0.727273
vt 0.500000 0.818182
vt 0.500000 0.909091
vt 0.500000 1.000000
vt 0.750000 0.090909
vt 0.750000 0.181818
vt 0.750000 0.272727
vt 0.750000 0.363636
vt 0.750000 0.454545
vt 0.750000 0.545455
vt 0.750000 0.636364
vt 0.750000 0.727273
vt 0.750000 0.818182
vt 0.750000 0.909091
vt 0.750000 1.000000
vt 1.000000 0.090909
vt 1.000000 0.181818
vt 1.000000 0.272727
vt 1.000000 0.363636
vt 1.000000 0.454545
vt 1.000000 0.545455
vt 1.000000 0.636364
vt 1.000000 0.727273
vt 1.000000 0.818182
vt 1.000000 0.909091
vt 1.000000 1.000000
vt 0.020408 0.090909
vt 0.020408 0.000000
vt 0.020408 0.181818
vt 0.020408 0.272727
vt 0.020408 0.363636
vt 0.020408 0.454545
vt 0.020408 0.545455
vt 0.020408 0.636364
vt 0.020408 0.727273
vt 0.020408 0.818182
vt 0.020408 0.909091
vt 0.020408 1.000000
vt 0.040816 0.090909
vt 0.040816 0.000000
vt 0.040816 0.181818
vt 0.040816 0.272727
vt 0.040816 0.363636
vt 0.040816 0.454545
vt 0.040816 0.545455
vt 0.040816 0.636364
vt 0.040816 0.727273
vt 0.040816 0.818182
vt 0.040816 0.909091
vt 0.040816 1.000000
vt 0.061224 0.090909
vt 0.061224 0.000000
vt 0.061224 0.181818
vt 0.061224 0.272727
vt 0.061224 0.363636
vt 0.061224 0.454545
vt 0.061224 0.545455
vt 0.061224 0.636364
vt 0.061224 0.727273
vt 0.061224 0.818182
vt 0.061224 0.909091
vt 0.061224 1.000000
vt 0.081633 0.090909
vt 0.081633 0.000000
vt 0.081633 0.181818
vt 0.081633 0.272727
vt 0.081633 0.363636
vt 0.081633 0.454545
vt 0.081633 0.545455
vt 0.081633 0.636364
vt 0.081633 0.727273
vt 0.081633 0.818182
vt 0.081633 0.909091
vt 0.081633 1.000000
vt 0.102041 0.090909
vt 0.102041 0.000000
vt 0.102041 0.181818
vt 0.102041 0.272727
vt 0.102041 0.363636
vt 0.102041 0.454545
vt 0.102041 0.545455
vt 0.102041 0.636364
vt 0.102041 0.727273
vt 0.102041 0.818182
vt 0.102041 0.909091
vt 0.102041 1.000000
vt 0.122449 0.090909
vt 0.122449 0.000000
vt 0.122449 0.181818
vt 0.122449 0.272727
vt 0.122449 0.363636
vt 0.122449 0.454545
vt 0.122449 0.545455
vt 0.122449 0.636364
vt 0.122449 0.727273
vt 0.122449 0.818182
vt 0.122449 0.909091
vt 0.122449 1.000000
vt 0.142857 0.090909
vt 0.142857 0.000000
vt 0.142857 0.181818
vt 0.142857 0.272727
vt 0.142857 0.363636
vt 0.142857 0.454545
vt 0.142857 0.545455
vt 0.142857 0.636364
vt 0.142857 0.727273
vt 0.142857 0.818182
vt 0.142857 0.909091
vt 0.142857 1.000000
vt 0.163265 0.090909
vt 0.163265 0.000000
vt 0.163265 0.181818
vt 0.163265 0.272727
vt 0.163265 0.363636
vt 0.163265 0.454545
vt 0.163265 0.545455
vt 0.163265 0.636364
vt 0.163265 0.727273
vt 0.163265 0.818182
vt 0.163265 0.909091
vt 0.163265 1.000000
vt 0.183673 0.090909
vt 0.183673 0.000000
vt 0.183673 0.181818
vt 0.183673 0.272727
vt 0.183673 0.363636
vt 0.183673 0.454545
vt 0.183673 0.545455
vt 0.183673 0.636364
vt 0.183673 0.727273
vt 0.183673 0.818182
vt 0.183673 0.909091
vt 0.183673 1.000000
vt 0.204082 0.090909
vt 0.204082 0.000000
vt 0.204082 0.181818
vt 0.204082 0.272727
vt 0.204082 0.363636
vt 0.204082 0.454545
vt 0.204082 0.545455
vt 0.204082 0.636364
vt 0.204082 0.727273
vt 0.204082 0.818182
vt 0.204082 0.909091
vt 0.204082 1.000000
vt 0.224490 0.090909
vt 0.224490 0.000000
vt 0.224490 0.181818
vt 0.224490 0.272727
vt 0.224490 0.363636
vt 0.224490 0.454545
vt 0.224490 0.545455
vt 0.224490 0.636364
vt 0.224490 0.727273
vt 0.224490 0.818182
vt 0.224490 0.909091
vt 0.224490 1.000000
vt 0.244898 0.090909
vt 0.244898 0.000000
vt 0.244898 0.181818
vt 0.244898 0.272727
vt 0.244898 0.363636
vt 0.244898 0.454545
vt 0.244898 0.545455
vt 0.244898 0.636364
vt 0.244898 0.727273
vt 0.244898 0.818182
vt 0.244898 0.909091
vt 0.244898 1.000000
vt 0.265306 0.090909
vt 0.265306 0.000000
vt 0.265306 0.181818
vt 0.265306 0.272727
vt 0.265306 0.363636
vt 0.265306 0.454545
vt 0.265306 0.545455
vt 0.265306 0.636364
vt 0.265306 0.727273
vt 0.265306 0.818182
vt 0.265306 0.909091
vt 0.265306 1.000000
vt 0.285714 0.090909
vt 0.285714 0.000000
vt 0.285714 0.181818
vt 0.285714 0.272727
vt 0.285714 0.363636
vt 0.285714 0.454545
vt 0.285714 0.545455
vt 0.285714 0.636364
vt 0.285714 0.727273
vt 0.285714 0.818182
vt 0.285714 0.909091
vt 0.285714 1.000000
vt 0.306122 0.090909
vt 0.306122 0.000000
vt 0.306122 0.181818
vt 0.306122 0.272727
vt 0.306122 0.363636
vt 0.306122 0.454545
vt 0.306122 0.545455
vt 0.306122 0.636364
vt 0.306122 0.727273
vt 0.306122 0.818182
vt 0.306122 0.909091
vt 0.306122 1.000000
vt 0.326531 0.090909
vt 0.326531 0.000000
vt 0.326531 0.181818
vt 0.326531 0.272727
vt 0.326531 0.363636
vt 0.326531 0.454545
vt 0.326531 0.545455
vt 0.326531 0.636364
vt 0.326531 0.727273
vt 0.326531 0.818182
vt 0.326531 0.909091
vt 0.326531 1.000000
vt 0.346939 0.090909
vt 0.346939 0.000000
vt 0.346939 0.181818
vt 0.346939 0.272727
vt 0.346939 0.363636
vt 0.346939 0.454545
vt 0.346939 0.545455
vt 0.346939 0.636364
vt 0.346939 0.727273
vt 0.346939 0.818182
vt 0.346939 0.909091
vt 0.346939 1.000000
vt 0.367347 0.090909
vt 0.367347 0.000000
vt 0.367347 0.181818
vt 0.367347 0.272727
vt 0.367347 0.363636
vt 0.367347 0.454545
vt 0.367347 0.545455
vt 0.367347 0.636364
vt 0.367347 0.727273
vt 0.367347 0.818182
vt 0.367347 0.909091
vt 0.367347 1.000000
vt 0.387755 0.090909
vt 0.387755 0.000000
vt 0.387755 0.181818
vt 0.387755 0.272727
vt 0.387755 0.363636
vt 0.387755 0.454545
vt 0.387755 0.545455
vt 0.387755 0.636364
vt 0.387755 0.727273
vt 0.387755 0.818182
vt 0.387755 0.909091
vt 0.387755 1.000000
vt 0.408163 0.090909
vt 0.408163 0.000000
vt 0.408163 0.181818
vt 0.408163 0.272727
vt 0.408163 0.363636
vt 0.408163 0.454545
vt 0.408163 0.545455
vt 0.408163 0.636364
vt 0.408163 0.727273
vt 0.408163 0.818182
vt 0.408163 0.909091
vt 0.408163 1.000000
vt 0.428571 0.090909
vt 0.428571 0.000000
vt 0.428571 0.181818
vt 0.428571 0.272727
vt 0.428571 0.363636
vt 0.428571 0.454545
vt 0.428571 0.545455
vt 0.428571 0.636364
vt 0.428571 0.727273
vt 0.428571 0.818182
vt 0.428571 0.909091
vt 0.428571 1.000000
vt 0.448980 0.090909
vt 0.448980 0.000000
vt 0.448980 0.181818
vt 0.448980 0.272727
vt 0.448980 0.363636
vt 0.448980 0.454545
vt 0.448980 0.545455
vt 0.448980 0.636364
vt 0.448980 0.727273
vt 0.448980 0.818182
vt 0.448980 0.909091
vt 0.448980 1.000000
vt 0.469388 0.090909
vt 0.469388 0.000000
vt 0.469388 0.181818
vt 0.469388 0.272727
vt 0.469388 0.363636
vt 0.469388 0.454545
vt 0.469388 0.545455
vt 0.469388 0.636364
vt 0.469388 0.727273
vt 0.469388 0.818182
vt 0.469388 0.909091
vt 0.469388 1.000000
vt 0.489796 0.090909
vt 0.489796 0.000000
vt 0.489796 0.181818
vt 0.489796 0.272727
vt 0.489796 0.363636
vt 0.489796 0.454545
vt 0.489796 0.545455
vt 0.489796 0.636364
vt 0.489796 0.727273
vt 0.489796 0.818182
vt 0.489796 0.909091
vt 0.489796 1.000000
vt 0.510204 0.090909
vt 0.510204 0.000000
vt 0.510204 0.181818
vt 0.510204 0.272727
vt 0.510204 0.363636
vt 0.510204 0.454545
vt 0.510204 0.545455
vt 0.510204 0.636364
vt 0.510204 0.727273
vt 0.510204 0.818182
vt 0.510204 0.909091
vt 0.510204 1.000000
vt 0.530612 0.090909
vt 0.530612 0.000000
vt 0.530612 0.181818
vt 0.530612 0.272727
vt 0.530612 0.363636
vt 0.530612 0.454545
vt 0.530612 0.545455
vt 0.530612 0.636364
vt 0.530612 0.727273
vt 0.530612 0.818182
vt 0.530612 0.909091
vt 0.530612 1.000000
vt 0.551020 0.090909
vt 0.551020 0.000000
vt 0.551020 0.181818
vt 0.551020 0.272727
vt 0.551020 0.363636
vt 0.551020 0.454545
vt 0.551020 0.545455
vt 0.551020 0.636364
vt 0.551020 0.727273
vt 0.551020 0.818182
vt 0.551020 0.909091
vt 0.551020 1.000000
vt 0.571429 0.090909
vt 0.571429 0.000000
vt 0.571429 0.181818
vt 0.571429 0.272727
vt 0.571429 0.363636
vt 0.571429 0.454545
vt 0.571429 0.545455
vt 0.571429 0.636364
vt 0.571429 0.727273
vt 0.571429 0.818182
vt 0.571429 0.909091
vt 0.571429 1.000000
vt 0.591837 0.090909
vt 0.591837 0.000000
vt 0.591837 0.181818
vt 0.591837 0.272727
vt 0.591837 0.363636
vt 0.591837 0.454545
vt 0.591837 0.545455
vt 0.591837 0.636364
vt 0.591837 0.727273
vt 0.591837 0.818182
vt 0.591837 0.909091
vt 0.591837 1.000000
vt 0.612245 0.090909
vt 0.612245 0.000000
vt 0.612245 0.181818
vt 0.612245 0.272727
vt 0.612245 0.363636
vt 0.612245 0.454545
vt 0.612245 0.545455
vt 0.612245 0.636364
vt 0.612245 0.727273
vt 0.612245 0.818182
vt 0.612245 0.909091
vt 0.612245 1.000000
vt 0.632653 0.090909
vt 0.632653 0.000000
vt 0.632653 0.181818
vt 0.632653 0.272727
vt 0.632653 0.363636
vt 0.632653 0.454545
vt 0.632653 0.545455
vt 0.632653 0.636364
vt 0.632653 0.727273
vt 0.632653 0.818182
vt 0.632653 0.909091
vt 0.632653 1.000000
vt 0.653061 0.090909
vt 0.653061 0.000000
vt 0.653061 0.181818
vt 0.653061 0.272727
vt 0.653061 0.363636
vt 0.653061 0.454545
vt 0.653061 0.545455
vt 0.653061 0.636364
vt 0.653061 0.727273
vt 0.653061 0.818182
vt 0.653061 0.909091
vt 0.653061 1.000000
vt 0.673469 0.090909
vt 0.673469 0.000000
vt 0.673469 0.181818
vt 0.673469 0.272727
vt 0.673469 0.363636
vt 0.673469 0.454545
vt 0.673469 0.545455
vt 0.673469 0.636364
vt 0.673469 0.727273
vt 0.673469 0.818182
vt 0.673469 0.909091
vt 0.673469 1.000000
vt 0.693878 0.090909
vt 0.693878 0.000000
vt 0.693878 0.181818
vt 0.693878 0.272727
vt 0.693878 0.363636
vt 0.693878 0.454545
vt 0.693878 0.545455
vt 0.693878 0.636364
vt 0.693878 0.727273
vt 0.693878 0.818182
vt 0.693878 0.909091
vt 0.693878 1.000000
vt 0.714286 0.090909
vt 0.714286 0.000000
vt 0.714286 0.181818
vt 0.714286 0.272727
vt 0.714286 0.363636
vt 0.714286 0.454545
vt 0.714286 0.545455
vt 0.714286 0.636364
vt 0.714286 0.727273
vt 0.714286 0.818182
vt 0.714286 0.909091
vt 0.714286 1.000000
vt 0.734694 0.090909
vt 0.734694 0.000000
vt 0.734694 0.181818
vt 0.734694 0.272727
vt 0.734694 0.363636
vt 0.734694 0.454545
vt 0.734694 0.545455
vt 0.734694 0.636364
vt 0.734694 0.727273
vt 0.734694 0.818182
vt 0.734694 0.909091
vt 0.734694 1.000000
vt 0.755102 0.090909
vt 0.755102 0.000000
vt 0.755102 0.181818
vt 0.755102 0.272727
vt 0.755102 0.363636
vt 0.755102 0.454545
vt 0.755102 0.545455
vt 0.755102 0.636364
vt 0.755102 0.727273
vt 0.755102 0.818182
vt 0.755102 0.909091
vt 0.755102 1.000000
vt 0.775510 0.090909
vt 0.775510 0.000000
vt 0.775510 0.181818
vt 0.775510 0.272727
vt 0.775510 0.363636
vt 0.775510 0.454545
vt 0.775510 0.545455
vt 0.775510 0.636364
vt 0.775510 0.727273
vt 0.775510 0.818182
vt 0.775510 0.909091
vt 0.775510 1.000000
vt 0.795918 0.090909
vt 0.795918 0.000000
vt 0.795918 0.181818
vt 0.795918 0.272727
vt 0.795918 0.363636
vt 0.795918 0.454545
vt 0.795918 0.545455
vt 0.795918 0.636364
vt 0.795918 0.727273
vt 0.795918 0.818182
vt 0.795918 0.909091
vt 0.795918 1.000000
vt 0.816327 0.090909
vt 0.816327 0.000000
vt 0.816327 0.181818
vt 0.816327 0.272727
vt 0.816327 0.363636
vt 0.816327 0.454545
vt 0.816327 0.545455
vt 0.816327 0.636364
vt 0.816327 0.727273
vt 0.816327 0.818182
vt 0.816327 0.909091
vt 0.816327 1.000000
vt 0.836735 0.090909
vt 0.836735 0.000000
vt 0.836735 0.181818
vt 0.836735 0.272727
vt 0.836735 0.363636
vt 0.836735 0.454545
vt 0.836735 0.545455
vt 0.836735 0.636364
vt 0.836735 0.727273
vt 0.836735 0.818182
vt 0.836735 0.909091
vt 0.836735 1.000000
vt 0.857143 0.090909
vt 0.857143 0.000000
vt 0.857143 0.181818
vt 0.857143 0.272727
vt 0.857143 0.363636
vt 0.857143 0.454545
vt 0.857143 0.545455
vt 0.857143 0.636364
vt 0.857143 0.727273
vt 0.857143 0.818182
vt 0.857143 0.909091
vt 0.857143 1.000000
vt 0.877551 0.090909
vt 0.877551 0.000000
vt 0.877551 0.181818
vt 0.877551 0.272727
vt 0.877551 0.363636
vt 0.877551 0.454545
vt 0.877551 0.545455
vt 0.877551 0.636364
vt 0.877551 0.727273
vt 0.877551 0.818182
vt 0.877551 0.909091
vt 0.877551 1.000000
vt 0.897959 0.090909
vt 0.897959 0.000000
vt 0.897959 0.181818
vt 0.897959 0.272727
vt 0.897959 0.363636
vt 0.897959 0.454545
vt 0.897959 0.545455
vt 0.897959 0.636364
vt 0.897959 0.727273
vt 0.897959 0.818182
vt 0.897959 0.909091
vt 0.897959 1.000000
vt 0.918367 0.090909
vt 0.918367 0.000000
vt 0.918367 0.181818
vt 0.918367 0.272727
vt 0.918367 0.363636
vt 0.918367 0.454545
vt 0.918367 0.545455
vt 0.918367 0.636364
vt 0.918367 0.727273
vt 0.918367 0.818182
vt 0.918367 0.909091
vt 0.918367 1.000000
vt 0.938776 0.090909
vt 0.938776 0.000000
vt 0.938776 0.181818
vt 0.938776 0.272727
vt 0.938776 0.363636
vt 0.938776 0.454545
vt 0.938776 0.545455
vt 0.938776 0.636364
vt 0.938776 0.727273
vt 0.938776 0.818182
vt 0.938776 0.909091
vt 0.938776 1.000000
vt 0.959184 0.090909
vt 0.959184 0.000000
vt 0.959184 0.181818
vt 0.959184 0.272727
vt 0.959184 0.363636
vt 0.959184 0.454545
vt 0.959184 0.545455
vt 0.959184 0.636364
vt 0.959184 0.727273
vt 0.959184 0.818182
vt 0.959184 0.909091
vt 0.959184 1.000000
vt 0.979592 0.090909
vt 0.979592 0.000000
vt 0.979592 0.181818
vt 0.979592 0.272727
vt 0.979592 0.363636
vt 0.979592 0.454545
vt 0.979592 0.545455
vt 0.979592 0.636364
vt 0.979592 0.727273
vt 0.979592 0.818182
vt 0.979592 0.909091
vt 0.979592 1.000000
vt 0.031250 0.090909
vt 0.031250 0.000000
vt 0.031250 0.181818
vt 0.031250 0.272727
vt 0.031250 0.363636
vt 0.031250 0.454545
vt 0.031250 0.545455
vt 0.031250 0.636364
vt 0.031250 0.727273
vt 0.031250 0.818182
vt 0.031250 0.909091
vt 0.031250 1.000000
vt 0.062500 0.090909
vt 0.062500 0.181818
vt 0.062500 0.272727
vt 0.062500 0.363636
vt 0.062500 0.454545
vt 0.062500 0.545455
vt 0.062500 0.636364
vt 0.062500 0.727273
vt 0.062500 0.818182
vt 0.062500 0.909091
vt 0.062500 1.000000
vt 0.093750 0.090909
vt 0.093750 0.000000
vt 0.093750 0.181818
vt 0.093750 0.272727
vt 0.093750 0.363636
vt 0.093750 0.454545
vt 0.093750 0.545455
vt 0.093750 0.636364
vt 0.093750 0.727273
vt 0.093750 0.818182
vt 0.093750 0.909091
vt 0.093750 1.000000
vt 0.125000 0.090909
vt 0.125000 0.181818
vt 0.125000 0.272727
vt 0.125000 0.363636
vt 0.125000 0.454545
vt 0.125000 0.545455
vt 0.125000 0.636364
vt 0.125000 0.727273
vt 0.125000 0.818182
vt 0.125000 0.909091
vt 0.125000 1.000000
vt 0.156250 0.090909
vt 0.156250 0.000000
vt 0.156250 0.181818
vt 0.156250 0.272727
vt 0.156250 0.363636
vt 0.156250 0.454545
vt 0.156250 0.545455
vt 0.156250 0.636364
vt 0.156250 0.727273
vt 0.156250 0.818182
vt 0.156250 0.909091
vt 0.156250 1.000000
vt 0.187500 0.090909
vt 0.187500 0.181818
vt 0.187500 0.272727
vt 0.187500 0.363636
vt 0.187500 0.454545
vt 0.187500 0.545455
vt 0.187500 0.636364
vt 0.187500 0.727273
vt 0.187500 0.818182
vt 0.187500 0.909091
vt 0.187500 1.000000
vt 0.218750 0.090909
vt 0.218750 0.000000
vt 0.218750 0.181818
vt 0.218750 0.272727
vt 0.218750 0.363636
vt 0.218750 0.454545
vt 0.218750 0.545455
vt 0.218750 0.636364
vt 0.218750 0.727273
vt 0.218750 0.818182
vt 0.218750 0.909091
vt 0.218750 1.000000
vt 0.281250 0.090909
vt 0.281250 0.000000
vt 0.281250 0.181818
vt 0.281250 0.272727
vt 0.281250 0.363636
vt 0.281250 0.454545
vt 0.281250 0.545455
vt 0.281250 0.636364
vt 0.281250 0.727273
vt 0.281250 0.818182
vt 0.281250 0.909091
vt 0.281250 1.000000
vt 0.312500 0.090909
vt 0.312500 0.181818
vt 0.312500 0.272727
vt 0.312500 0.363636
vt 0.312500 0.454545
vt 0.312500 0.545455
vt 0.312500 0.636364
vt 0.312500 0.727273
vt 0.312500 0.818182
vt 0.312500 0.909091
vt 0.312500 1.000000
vt 0.343750 0.090909
vt 0.343750 0.000000
vt 0.343750 0.181818
vt 0.343750 0.272727
vt 0.343750 0.363636
vt 0.343750 0.454545
vt 0.343750 0.545455
vt 0.343750 0.636364
vt 0.343750 0.727273
vt 0.343750 0.818182
vt 0.343750 0.909091
vt 0.343750 1.000000
vt 0.375000 0.090909
vt 0.375000 0.181818
vt 0.375000 0.272727
vt 0.375000 0.363636
vt 0.375000 0.454545
vt 0.375000 0.545455
vt 0.375000 0.636364
vt 0.375000 0.727273
vt 0.375000 0.818182
vt 0.375000 0.909091
vt 0.375000 1.000000
vt 0.406250 0.090909
vt 0.406250 0.000000
vt 0.406250 0.181818
vt 0.406250 0.272727
vt 0.406250 0.363636
vt 0.406250 0.454545
vt 0.406250 0.545455
vt 0.406250 0.636364
vt 0.406250 0.727273
vt 0.406250 0.818182
vt 0.406250 0.909091
vt 0.406250 1.000000
vt 0.437500 0.090909
vt 0.437500 0.181818
vt 0.437500 0.272727
vt 0.437500 0.363636
vt 0.437500 0.454545
vt 0.437500 0.545455
vt 0.437500 0.636364
vt 0.437500 0.727273
vt 0.437500 0.818182
vt 0.437500 0.909091
vt 0.437500 1.000000
vt 0.468750 0.090909
vt 0.468750 0.000000
vt 0.468750 0.181818
vt 0.468750 0.272727
vt 0.468750 0.363636
vt 0.468750 0.454545
vt 0.468750 0.545455
vt 0.468750 0.636364
vt 0.468750 0.727273
vt 0.468750 0.818182
vt 0.468750 0.909091
vt 0.468750 1.000000
vt 0.531250 0.090909
vt 0.531250 0.000000
vt 0.531250 0.181818
vt 0.531250 0.272727
vt 0.531250 0.363636
vt 0.531250 0.454545
vt 0.531250 0.545455
vt 0.531250 0.636364
vt 0.531250 0.727273
vt 0.531250 0.818182
vt 0.531250 0.909091
vt 0.531250 1.000000
vt 0.562500 0.090909
vt 0.562500 0.181818
vt 0.562500 0.272727
vt 0.562500 0.363636
vt 0.562500 0.454545
vt 0.562500 0.545455
vt 0.562500 0.636364
vt 0.562500 0.727273
vt 0.562500 0.818182
vt 0.562500 0.909091
vt 0.562500 1.000000
vt 0.593750 0.090909
vt 0.593750 0.000000
vt 0.593750 0.181818
vt 0.593750 0.272727
vt 0.593750 0.363636
vt 0.593750 0.454545
vt 0.593750 0.545455
vt 0.593750 0.636364
vt 0.593750 0.727273
vt 0.593750 0.818182
vt 0.593750 0.909091
vt 0.593750 1.000000
vt 0.625000 0.090909
vt 0.625000 0.181818
vt 0.625000 0.272727
vt 0.625000 0.363636
vt 0.625000 0.454545
vt 0.625000 0.545455
vt 0.625000 0.636364
vt 0.625000 0.727273
vt 0.625000 0.818182
vt 0.625000 0.909091
vt 0.625000 1.000000
vt 0.656250 0.090909
vt 0.656250 0.000000
vt 0.656250 0.181818
vt 0.656250 0.272727
vt 0.656250 0.363636
vt 0.656250 0.454545
vt 0.656250 0.545455
vt 0.656250 0.636364
vt 0.656250 0.727273
vt 0.656250 0.818182
vt 0.656250 0.909091
vt 0.656250 1.000000
vt 0.687500 0.090909
vt 0.687500 0.181818
vt 0.687500 0.272727
vt 0.687500 0.363636
vt 0.687500 0.454545
vt 0.687500 0.545455
vt 0.687500 0.636364
vt 0.687500 0.727273
vt 0.687500 0.818182
vt 0.687500 0.909091
vt 0.687500 1.000000
vt 0.718750 0.090909
vt 0.718750 0.000000
vt 0.718750 0.181818
vt 0.718750 0.272727
vt 0.718750 0.363636
vt 0.718750 0.454545
vt 0.718750 0.545455
vt 0.718750 0.636364
vt 0.718750 0.727273
vt 0.718750 0.818182
vt 0.718750 0.909091
vt 0.718750 1.000000
vt 0.781250 0.090909
vt 0.781250 0.000000
vt 0.781250 0.181818
vt 0.781250 0.272727
vt 0.781250 0.363636
vt 0.781250 0.454545
vt 0.781250 0.545455
vt 0.781250 0.636364
vt 0.781250 0.727273
vt 0.781250 0.818182
vt 0.781250 0.909091
vt 0.781250 1.000000
vt 0.812500 0.090909
vt 0.812500 0.181818
vt 0.812500 0.272727
vt 0.812500 0.363636
vt 0.812500 0.454545
vt 0.812500 0.545455
vt 0.812500 0.636364
vt 0.812500 0.727273
vt 0.812500 0.818182
vt 0.812500 0.909091
vt 0.812500 1.000000
vt 0.843750 0.090909
vt 0.843750 0.000000
vt 0.843750 0.181818
vt 0.843750 0.272727
vt 0.843750 0.363636
vt 0.843750 0.454545
vt 0.843750 0.545455
vt 0.843750 0.636364
vt 0.843750 0.727273
vt 0.843750 0.818182
vt 0.843750 0.909091
vt 0.843750 1.000000
vt 0.875000 0.090909
vt 0.875000 0.181818
vt 0.875000 0.272727
vt 0.875000 0.363636
vt 0.875000 0.454545
vt 0.875000 0.545455
vt 0.875000 0.636364
vt 0.875000 0.727273
vt 0.875000 0.818182
vt 0.875000 0.909091
vt 0.875000 1.000000
vt 0.906250 0.090909
vt 0.906250 0.000000
vt 0.906250 0.181818
vt 0.906250 0.272727
vt 0.906250 0.363636
vt 0.906250 0.454545
vt 0.906250 0.545455
vt 0.906250 0.636364
vt 0.906250 0.727273
vt 0.906250 0.818182
vt 0.906250 0.909091
vt 0.906250 1.000000
vt 0.937500 0.090909
vt 0.937500 0.181818
vt 0.937500 0.272727
vt 0.937500 0.363636
vt 0.937500 0.454545
vt 0.937500 0.545455
vt 0.937500 0.636364
vt 0.937500 0.727273
vt 0.937500 0.818182
vt 0.937500 0.909091
vt 0.937500 1.000000
vt 0.968750 0.090909
vt 0.968750 0.000000
vt 0.968750 0.181818
vt 0.968750 0.272727
vt 0.968750 0.363636
vt 0.968750 0.454545
vt 0.968750 0.545455
vt 0.968750 0.636364
vt 0.968750 0.727273
vt 0.968750 0.818182
vt 0.968750 0.909091
vt 0.968750 1.000000
vt 0.029412 0.090909
vt 0.029412 0.000000
vt 0.029412 0.181818
vt 0.029412 0.272727
vt 0.029412 0.363636
vt 0.029412 0.454545
vt 0.029412 0.545455
vt 0.029412 0.636364
vt 0.029412 0.727273
vt 0.029412 0.818182
vt 0.029412 0.909091
vt 0.029412 1.000000
vt 0.058824 0.090909
vt 0.058824 0.000000
vt 0.058824 0.181818
vt 0.058824 0.272727
vt 0.058824 0.363636
vt 0.058824 0.454545
vt 0.058824 0.545455
vt 0.058824 0.636364
vt 0.058824 0.727273
vt 0.058824 0.818182
vt 0.058824 0.909091
vt 0.058824 1.000000
vt 0.088235 0.090909
vt 0.088235 0.000000
vt 0.088235 0.181818
vt 0.088235 0.272727
vt 0.088235 0.363636
vt 0.088235 0.454545
vt 0.088235 0.545455
vt 0.088235 0.636364
vt 0.088235 0.727273
vt 0.088235 0.818182
vt 0.088235 0.909091
vt 0.088235 1.000000
vt 0.117647 0.090909
vt 0.117647 0.000000
vt 0.117647 0.181818
vt 0.117647 0.272727
vt 0.117647 0.363636
vt 0.117647 0.454545
vt 0.117647 0.545455
vt 0.117647 0.636364
vt 0.117647 0.727273
vt 0.117647 0.818182
vt 0.117647 0.909091
vt 0.117647 1.000000
vt 0.147059 0.090909
vt 0.147059 0.000000
vt 0.147059 0.181818
vt 0.147059 0.272727
vt 0.147059 0.363636
vt 0.147059 0.454545
vt 0.147059 0.545455
vt 0.147059 0.636364
vt 0.147059 0.727273
vt 0.147059 0.818182
vt 0.147059 0.909091
vt 0.147059 1.000000
vt 0.176471 0.090909
vt 0.176471 0.000000
vt 0.176471 0.181818
vt 0.176471 0.272727
vt 0.176471 0.363636
vt 0.176471 0.454545
vt 0.176471 0.545455
vt 0.176471 0.636364
vt 0.176471 0.727273
vt 0.176471 0.818182
vt 0.176471 0.909091
vt 0.176471 1.000000
vt 0.205882 0.090909
vt 0.205882 0.000000
vt 0.205882 0.181818
vt 0.205882 0.272727
vt 0.205882 0.363636
vt 0.205882 0.454545
vt 0.205882 0.545455
vt 0.205882 0.636364
vt 0.205882 0.727273
vt 0.205882 0.818182
vt 0.205882 0.909091
vt 0.205882 1.000000
vt 0.235294 0.090909
vt 0.235294 0.000000
vt 0.235294 0.181818
vt 0.235294 0.272727
vt 0.235294 0.363636
vt 0.235294 0.454545
vt 0.235294 0.545455
vt 0.235294 0.636364
vt 0.235294 0.727273
vt 0.235294 0.818182
vt 0.235294 0.909091
vt 0.235294 1.000000
vt 0.264706 0.090909
vt 0.264706 0.000000
vt 0.264706 0.181818
vt 0.264706 0.272727
vt 0.264706 0.363636
vt 0.264706 0.454545
vt 0.264706 0.545455
vt 0.264706 0.636364
vt 0.264706 0.727273
vt 0.264706 0.818182
vt 0.264706 0.909091
vt 0.264706 1.000000
vt 0.294118 0.090909
vt 0.294118 0.000000
vt 0.294118 0.181818
vt 0.294118 0.272727
vt 0.294118 0.363636
vt 0.294118 0.454545
vt 0.294118 0.545455
vt 0.294118 0.636364
vt 0.294118 0.727273
vt 0.294118 0.818182
vt 0.294118 0.909091
vt 0.294118 1.000000
vt 0.323529 0.090909
vt 0.323529 0.000000
vt 0.323529 0.181818
vt 0.323529 0.272727
vt 0.323529 0.363636
vt 0.323529 0.454545
vt 0.323529 0.545455
vt 0.323529 0.636364
vt 0.323529 0.727273
vt 0.323529 0.818182
vt 0.323529 0.909091
vt 0.323529 1.000000
vt 0.352941 0.090909
vt 0.352941 0.000000
vt 0.352941 0.181818
vt 0.352941 0.272727
vt 0.352941 0.363636
vt 0.352941 0.454545
vt 0.352941 0.545455
vt 0.352941 0.636364
vt 0.352941 0.727273
vt 0.352941 0.818182
vt 0.352941 0.909091
vt 0.352941 1.000000
vt 0.382353 0.090909
vt 0.382353 0.000000
vt 0.382353 0.181818
vt 0.382353 0.272727
vt 0.382353 0.363636
vt 0.382353 0.454545
vt 0.382353 0.545455
vt 0.382353 0.636364
vt 0.382353 0.727273
vt 0.382353 0.818182
vt 0.382353 0.909091
vt 0.382353 1.000000
vt 0.411765 0.090909
vt 0.411765 0.000000
vt 0.411765 0.181818
vt 0.411765 0.272727
vt 0.411765 0.363636
vt 0.411765 0.454545
vt 0.411765 0.545455
vt 0.411765 0.636364
vt 0.411765 0.727273
vt 0.411765 0.818182
vt 0.411765 0.909091
vt 0.411765 1.000000
vt 0.441176 0.090909
vt 0.441176 0.000000
vt 0.441176 0.181818
vt 0.441176 0.272727
vt 0.441176 0.363636
vt 0.441176 0.454545
vt 0.441176 0.545455
vt 0.441176 0.636364
vt 0.441176 0.727273
vt 0.441176 0.818182
vt 0.441176 0.909091
vt 0.441176 1.000000
vt 0.470588 0.090909
vt 0.470588 0.000000
vt 0.470588 0.181818
vt 0.470588 0.272727
vt 0.470588 0.363636
vt 0.470588 0.454545
vt 0.470588 0.545455
vt 0.470588 0.636364
vt 0.470588 0.727273
vt 0.470588 0.818182
vt 0.470588 0.909091
vt 0.470588 1.000000
vt 0.529412 0.090909
vt 0.529412 0.000000
vt 0.529412 0.181818
vt 0.529412 0.272727
vt 0.529412 0.363636
vt 0.529412 0.454545
vt 0.529412 0.545455
vt 0.529412 0.636364
vt 0.529412 0.727273
vt 0.529412 0.818182
vt 0.529412 0.909091
vt 0.529412 1.000000
vt 0.558824 0.090909
vt 0.558824 0.000000
vt 0.558824 0.181818
vt 0.558824 0.272727
vt 0.558824 0.363636
vt 0.558824 0.454545
vt 0.558824 0.545455
vt 0.558824 0.636364
vt 0.558824 0.727273
vt 0.558824 0.818182
vt 0.558824 0.909091
vt 0.558824 1.000000
vt 0.588235 0.090909
vt 0.588235 0.000000
vt 0.588235 0.181818
vt 0.588235 0.272727
vt 0.588235 0.363636
vt 0.588235 0.454545
vt 0.588235 0.545455
vt 0.588235 0.636364
vt 0.588235 0.727273
vt 0.588235 0.818182
vt 0.588235 0.909091
vt 0.588235 1.000000
vt 0.617647 0.090909
vt 0.617647 0.000000
vt 0.617647 0.181818
vt 0.617647 0.272727
vt 0.617647 0.363636
vt 0.617647 0.454545
vt 0.617647 0.545455
vt 0.617647 0.636364
vt 0.617647 0.727273
vt 0.617647 0.818182
vt 0.617647 0.909091
vt 0.617647 1.000000
vt 0.647059 0.090909
vt 0.647059 0.000000
vt 0.647059 0.181818
vt 0.647059 0.272727
vt 0.647059 0.363636
vt 0.647059 0.454545
vt 0.647059 0.545455
vt 0.647059 0.636364
vt 0.647059 0.727273
vt 0.647059 0.818182
vt 0.647059 0.909091
vt 0.647059 1.000000
vt 0.676471 0.090909
vt 0.676471 0.000000
vt 0.676471 0.181818
vt 0.676471 0.272727
vt 0.676471 0.363636
vt 0.676471 0.454545
vt 0.676471 0.545455
vt 0.676471 0.636364
vt 0.676471 0.727273
vt 0.676471 0.818182
vt 0.676471 0.909091
vt 0.676471 1.000000
vt 0.705882 0.090909
vt 0.705882 0.000000
vt 0.705882 0.181818
vt 0.705882 0.272727
vt 0.705882 0.363636
vt 0.705882 0.454545
vt 0.705882 0.545455
vt 0.705882 0.636364
vt 0.705882 0.727273
vt 0.705882 0.818182
vt 0.705882 0.909091
vt 0.705882 1.000000
vt 0.735294 0.090909
vt 0.735294 0.000000
vt 0.735294 0.181818
vt 0.735294 0.272727
vt 0.735294 0.363636
vt 0.735294 0.454545
vt 0.735294 0.545455
vt 0.735294 0.636364
vt 0.735294 0.727273
vt 0.735294 0.818182
vt 0.735294 0.909091
vt 0.735294 1.000000
vt 0.764706 0.090909
vt 0.764706 0.000000
vt 0.764706 0.181818
vt 0.764706 0.272727
vt 0.764706 0.363636
vt 0.764706 0.454545
vt 0.764706 0.545455
vt 0.764706 0.636364
vt 0.764706 0.727273
vt 0.764706 0.818182
vt 0.764706 0.909091
vt 0.764706 1.000000
vt 0.794118 0.090909
vt 0.794118 0.000000
vt 0.794118 0.181818
vt 0.794118 0.272727
vt 0.794118 0.363636
vt 0.794118 0.454545
vt 0.794118 0.545455
vt 0.794118 0.636364
vt 0.794118 0.727273
vt 0.794118 0.818182
vt 0.794118 0.909091
vt 0.794118 1.000000
vt 0.823529 0.090909
vt 0.823529 0.000000
vt 0.823529 0.181818
vt 0.823529 0.272727
vt 0.823529 0.363636
vt 0.823529 0.454545
vt 0.823529 0.545455
vt 0.823529 0.636364
vt 0.823529 0.727273
vt 0.823529 0.818182
vt 0.823529 0.909091
vt 0.823529 1.000000
vt 0.852941 0.090909
vt 0.852941 0.000000
vt 0.852941 0.181818
vt 0.852941 0.272727
vt 0.852941 0.363636
vt 0.852941 0.454545
vt 0.852941 0.545455
vt 0.852941 0.636364
vt 0.852941 0.727273
vt 0.852941 0.818182
vt 0.852941 0.909091
vt 0.852941 1.000000
vt 0.882353 0.090909
vt 0.882353 0.000000
vt 0.882353 0.181818
vt 0.882353 0.272727
vt 0.882353 0.363636
vt 0.882353 0.454545
vt 0.882353 0.545455
vt 0.882353 0.636364
vt 0.882353 0.727273
vt 0.882353 0.818182
vt 0.882353 0.909091
vt 0.882353 1.000000
vt 0.911765 0.090909
vt 0.911765 0.000000
vt 0.911765 0.181818
vt 0.911765 0.272727
vt 0.911765 0.363636
vt 0.911765 0.454545
vt 0.911765 0.545455
vt 0.911765 0.636364
vt 0.911765 0.727273
vt 0.911765 0.818182
vt 0.911765 0.909091
vt 0.911765 1.000000
vt 0.941176 0.090909
vt 0.941176 0.000000
vt 0.941176 0.181818
vt 0.941176 0.272727
vt 0.941176 0.363636
vt 0.941176 0.454545
vt 0.941176 0.545455
vt 0.941176 0.636364
vt 0.941176 0.727273
vt 0.941176 0.818182
vt 0.941176 0.909091
vt 0.941176 1.000000
vt 0.970588 0.090909
vt 0.970588 0.000000
vt 0.970588 0.181818
vt 0.970588 0.272727
vt 0.970588 0.363636
vt 0.970588 0.454545
vt 0.970588 0.545455
vt 0.970588 0.636364
vt 0.970588 0.727273
vt 0.970588 0.818182
vt 0.970588 0.909091
vt 0.970588 1.000000
vt 0.100000 0.090909
vt 0.100000 0.000000
vt 0.100000 0.181818
vt 0.100000 0.272727
vt 0.100000 0.363636
vt 0.100000 0.454545
vt 0.100000 0.545455
vt 0.100000 0.636364
vt 0.100000 0.727273
vt 0.100000 0.818182
vt 0.100000 0.909091
vt 0.100000 1.000000
vt 0.200000 0.090909
vt 0.200000 0.000000
vt 0.200000 0.181818
vt 0.200000 0.272727
vt 0.200000 0.363636
vt 0.200000 0.454545
vt 0.200000 0.545455
vt 0.200000 0.636364
vt 0.200000 0.727273
vt 0.200000 0.818182
vt 0.200000 0.909091
vt 0.200000 1.000000
vt 0.300000 0.090909
vt 0.300000 0.000000
vt 0.300000 0.181818
vt 0.300000 0.272727
vt 0.300000 0.363636
vt 0.300000 0.454545
vt 0.300000 0.545455
vt 0.300000 0.636364
vt 0.300000 0.727273
vt 0.300000 0.818182
vt 0.300000 0.909091
vt 0.300000 1.000000
vt 0.400000 0.090909
vt 0.400000 0.000000
vt 0.400000 0.181818
vt 0.400000 0.272727
vt 0.400000 0.363636
vt 0.400000 0.454545
vt 0.400000 0.545455
vt 0.400000 0.636364
vt 0.400000 0.727273
vt 0.400000 0.818182
vt 0.400000 0.909091
vt 0.400000 1.000000
vt 0.600000 0.090909
vt 0.600000 0.000000
vt 0.600000 0.181818
vt 0.600000 0.272727
vt 0.600000 0.363636
vt 0.600000 0.454545
vt 0.600000 0.545455
vt 0.600000 0.636364
vt 0.600000 0.727273
vt 0.600000 0.818182
vt 0.600000 0.909091
vt 0.600000 1.000000
vt 0.700000 0.090909
vt 0.700000 0.000000
vt 0.700000 0.181818
vt 0.700000 0.272727
vt 0.700000 0.363636
vt 0.700000 0.454545
vt 0.700000 0.545455
vt 0.700000 0.636364
vt 0.700000 0.727273
vt 0.700000 0.818182
vt 0.700000 0.909091
vt 0.700000 1.000000
vt 0.800000 0.090909
vt 0.800000 0.000000
vt 0.800000 0.181818
vt 0.800000 0.272727
vt 0.800000 0.363636
vt 0.800000 0.454545
vt 0.800000 0.545455
vt 0.800000 0.636364
vt 0.800000 0.727273
vt 0.800000 0.818182
vt 0.800000 0.909091
vt 0.800000 1.000000
vt 0.900000 0.090909
vt 0.900000 0.000000
vt 0.900000 0.181818
vt 0.900000 0.272727
vt 0.900000 0.363636
vt 0.900000 0.454545
vt 0.900000 0.545455
vt 0.900000 0.636364
vt 0.900000 0.727273
vt 0.900000 0.818182
vt 0.900000 0.909091
vt 0.900000 1.000000
vt 0.025000 0.090909
vt 0.025000 0.000000
vt 0.025000 0.181818
vt 0.025000 0.272727
vt 0.025000 0.363636
vt 0.025000 0.454545
vt 0.025000 0.545455
vt 0.025000 0.636364
vt 0.025000 0.727273
vt 0.025000 0.818182
vt 0.025000 0.909091
vt 0.025000 1.000000
vt 0.050000 0.090909
vt 0.050000 0.000000
vt 0.050000 0.181818
vt 0.050000 0.272727
vt 0.050000 0.363636
vt 0.050000 0.454545
vt 0.050000 0.545455
vt 0.050000 0.636364
vt 0.050000 0.727273
vt 0.050000 0.818182
vt 0.050000 0.909091
vt 0.050000 1.000000
vt 0.075000 0.090909
vt 0.075000 0.000000
vt 0.075000 0.181818
vt 0.075000 0.272727
vt 0.075000 0.363636
vt 0.075000 0.454545
vt 0.075000 0.545455
vt 0.075000 0.636364
vt 0.075000 0.727273
vt 0.075000 0.818182
vt 0.075000 0.909091
vt 0.075000 1.000000
vt 0.150000 0.090909
vt 0.150000 0.000000
vt 0.150000 0.181818
vt 0.150000 0.272727
vt 0.150000 0.363636
vt 0.150000 0.454545
vt 0.150000 0.545455
vt 0.150000 0.636364
vt 0.150000 0.727273
vt 0.150000 0.818182
vt 0.150000 0.909091
vt 0.150000 1.000000
vt 0.175000 0.090909
vt 0.175000 0.000000
vt 0.175000 0.181818
vt 0.175000 0.272727
vt 0.175000 0.363636
vt 0.175000 0.454545
vt 0.175000 0.545455
vt 0.175000 0.636364
vt 0.175000 0.727273
vt 0.175000 0.818182
vt 0.175000 0.909091
vt 0.175000 1.000000
vt 0.225000 0.090909
vt 0.225000 0.000000
vt 0.225000 0.181818
vt 0.225000 0.272727
vt 0.225000 0.363636
vt 0.225000 0.454545
vt 0.225000 0.545455
vt 0.225000 0.636364
vt 0.225000 0.727273
vt 0.225000 0.818182
vt 0.225000 0.909091
vt 0.225000 1.000000
vt 0.275000 0.090909
vt 0.275000 0.000000
vt 0.275000 0.181818
vt 0.275000 0.272727
vt 0.275000 0.363636
vt 0.275000 0.454545
vt 0.275000 0.545455
vt 0.275000 0.636364
vt 0.275000 0.727273
vt 0.275000 0.818182
vt 0.275000 0.909091
vt 0.275000 1.000000
vt 0.325000 0.090909
vt 0.325000 0.000000
vt 0.325000 0.181818
vt 0.325000 0.272727
vt 0.325000 0.363636
vt 0.325000 0.454545
vt 0.325000 0.545455
vt 0.325000 0.636364
vt 0.325000 0.727273
vt 0.325000 0.818182
vt 0.325000 0.909091
vt 0.325000 1.000000
vt 0.350000 0.090909
vt 0.350000 0.000000
vt 0.350000 0.181818
vt 0.350000 0.272727
vt 0.350000 0.363636
vt 0.350000 0.454545
vt 0.350000 0.545455
vt 0.350000 0.636364
vt 0.350000 0.727273
vt 0.350000 0.818182
vt 0.350000 0.909091
vt 0.350000 1.000000
vt 0.425000 0.090909
vt 0.425000 0.000000
vt 0.425000 0.181818
vt 0.425000 0.272727
vt 0.425000 0.363636
vt 0.425000 0.454545
vt 0.425000 0.545455
vt 0.425000 0.636364
vt 0.425000 0.727273
vt 0.425000 0.818182
vt 0.425000 0.909091
vt 0.425000 1.000000
vt 0.450000 0.090909
vt 0.450000 0.000000
vt 0.450000 0.181818
vt 0.450000 0.272727
vt 0.450000 0.363636
vt 0.450000 0.454545
vt 0.450000 0.545455
vt 0.450000 0.636364
vt 0.450000 0.727273
vt 0.450000 0.818182
vt 0.450000 0.909091
vt 0.450000 1.000000
vt 0.475000 0.090909
vt 0.475000 0.000000
vt 0.475000 0.181818
vt 0.475000 0.272727
vt 0.475000 0.363636
vt 0.475000 0.454545
vt 0.475000 0.545455
vt 0.475000 0.636364
vt 0.475000 0.727273
vt 0.475000 0.818182
vt 0.475000 0.909091
vt 0.475000 1.000000
vt 0.525000 0.090909
vt 0.525000 0.000000
vt 0.525000 0.181818
vt 0.525000 0.272727
vt 0.525000 0.363636
vt 0.525000 0.454545
vt 0.525000 0.545455
vt 0.525000 0.636364
vt 0.525000 0.727273
vt 0.525000 0.818182
vt 0.525000 0.909091
vt 0.525000 1.000000
vt 0.550000 0.090909
vt 0.550000 0.000000
vt 0.550000 0.181818
vt 0.550000 0.272727
vt 0.550000 0.363636
vt 0.550000 0.454545
vt 0.550000 0.545455
vt 0.550000 0.636364
vt 0.550000 0.727273
vt 0.550000 0.818182
vt 0.550000 0.909091
vt 0.550000 1.000000
vt 0.575000 0.090909
vt 0.575000 0.000000
vt 0.575000 0.181818
vt 0.575000 0.272727
vt 0.575000 0.363636
vt 0.575000 0.454545
vt 0.575000 0.545455
vt 0.575000 0.636364
vt 0.575000 0.727273
vt 0.575000 0.818182
vt 0.575000 0.909091
vt 0.575000 1.000000
vt 0.650000 0.090909
vt 0.650000 0.000000
vt 0.650000 0.181818
vt 0.650000 0.272727
vt 0.650000 0.363636
vt 0.650000 0.454545
vt 0.650000 0.545455
vt 0.650000 0.636364
vt 0.650000 0.727273
vt 0.650000 0.818182
vt 0.650000 0.909091
vt 0.650000 1.000000
vt 0.675000 0.090909
vt 0.675000 0.000000
vt 0.675000 0.181818
vt 0.675000 0.272727
vt 0.675000 0.363636
vt 0.675000 0.454545
vt 0.675000 0.545455
vt 0.675000 0.636364
vt 0.675000 0.727273
vt 0.675000 0.818182
vt 0.675000 0.909091
vt 0.675000 1.000000
vt 0.725000 0.090909
vt 0.725000 0.000000
vt 0.725000 0.181818
vt 0.725000 0.272727
vt 0.725000 0.363636
vt 0.725000 0.454545
vt 0.725000 0.545455
vt 0.725000 0.636364
vt 0.725000 0.727273
vt 0.725000 0.818182
vt 0.725000 0.909091
vt 0.725000 1.000000
vt 0.775000 0.090909
vt 0.775000 0.000000
vt 0.775000 0.181818
vt 0.775000 0.272727
vt 0.775000 0.363636
vt 0.775000 0.454545
vt 0.775000 0.545455
vt 0.775000 0.636364
vt 0.775000 0.727273
vt 0.775000 0.818182
vt 0.775000 0.909091
vt 0.775000 1.000000
vt 0.825000 0.090909
vt 0.825000 0.000000
vt 0.825000 0.181818
vt 0.825000 0.272727
vt 0.825000 0.363636
vt 0.825000 0.454545
vt 0.825000 0.545455
vt 0.825000 0.636364
vt 0.825000 0.727273
vt 0.825000 0.818182
vt 0.825000 0.909091
vt 0.825000 1.000000
vt 0.850000 0.090909
vt 0.850000 0.000000
vt 0.850000 0.181818
vt 0.850000 0.272727
vt 0.850000 0.363636
vt 0.850000 0.454545
vt 0.850000 0.545455
vt 0.850000 0.636364
vt 0.850000 0.727273
vt 0.850000 0.818182
vt 0.850000 0.909091
vt 0.850000 1.000000
vt 0.925000 0.090909
vt 0.925000 0.000000
vt 0.925000 0.181818
vt 0.925000 0.272727
vt 0.925000 0.363636
vt 0.925000 0.454545
vt 0.925000 0.545455
vt 0.925000 0.636364
vt 0.925000 0.727273
vt 0.925000 0.818182
vt 0.925000 0.909091
vt 0.925000 1.000000
vt 0.950000 0.090909
vt 0.950000 0.000000
vt 0.950000 0.181818
vt 0.950000 0.272727
vt 0.950000 0.363636
vt 0.950000 0.454545
vt 0.950000 0.545455
vt 0.950000 0.636364
vt 0.950000 0.727273
vt 0.950000 0.818182
vt 0.950000 0.909091
vt 0.950000 1.000000
vt 0.975000 0.090909
vt 0.975000 0.000000
vt 0.975000 0.181818
vt 0.975000 0.272727
vt 0.975000 0.363636
vt 0.975000 0.454545
vt 0.975000 0.545455
vt 0.975000 0.636364
vt 0.975000 0.727273
vt 0.975000 0.818182
vt 0.975000 0.909091
vt 0.975000 1.000000
vt 0.026316 0.090909
vt 0.026316 0.000000
vt 0.026316 0.181818
vt 0.026316 0.272727
vt 0.026316 0.363636
vt 0.026316 0.454545
vt 0.026316 0.545455
vt 0.026316 0.636364
vt 0.026316 0.727273
vt 0.026316 0.818182
vt 0.026316 0.909091
vt 0.026316 1.000000
vt 0.052632 0.090909
vt 0.052632 0.000000
vt 0.052632 0.181818
vt 0.052632 0.272727
vt 0.052632 0.363636
vt 0.052632 0.454545
vt 0.052632 0.545455
vt 0.052632 0.636364
vt 0.052632 0.727273
vt 0.052632 0.818182
vt 0.052632 0.909091
vt 0.052632 1.000000
vt 0.078947 0.090909
vt 0.078947 0.000000
vt 0.078947 0.181818
vt 0.078947 0.272727
vt 0.078947 0.363636
vt 0.078947 0.454545
vt 0.078947 0.545455
vt 0.078947 0.636364
vt 0.078947 0.727273
vt 0.078947 0.818182
vt 0.078947 0.909091
vt 0.078947 1.000000
vt 0.105263 0.090909
vt 0.105263 0.000000
vt 0.105263 0.181818
vt 0.105263 0.272727
vt 0.105263 0.363636
vt 0.105263 0.454545
vt 0.105263 0.545455
vt 0.105263 0.636364
vt 0.105263 0.727273
vt 0.105263 0.818182
vt 0.105263 0.909091
vt 0.105263 1.000000
vt 0.131579 0.090909
vt 0.131579 0.000000
vt 0.131579 0.181818
vt 0.131579 0.272727
vt 0.131579 0.363636
vt 0.131579 0.454545
vt 0.131579 0.545455
vt 0.131579 0.636364
vt 0.131579 0.727273
vt 0.131579 0.818182
vt 0.131579 0.909091
vt 0.131579 1.000000
vt 0.157895 0.090909
vt 0.157895 0.000000
vt 0.157895 0.181818
vt 0.157895 0.272727
vt 0.157895 0.363636
vt 0.157895 0.454545
vt 0.157895 0.545455
vt 0.157895 0.636364
vt 0.157895 0.727273
vt 0.157895 0.818182
vt 0.157895 0.909091
vt 0.157895 1.000000
vt 0.184211 0.090909
vt 0.184211 0.000000
vt 0.184211 0.181818
vt 0.184211 0.272727
vt 0.184211 0.363636
vt 0.184211 0.454545
vt 0.184211 0.545455
vt 0.184211 0.636364
vt 0.184211 0.727273
vt 0.184211 0.818182
vt 0.184211 0.909091
vt 0.184211 1.000000
vt 0.210526 0.090909
vt 0.210526 0.000000
vt 0.210526 0.181818
vt 0.210526 0.272727
vt 0.210526 0.363636
vt 0.210526 0.454545
vt 0.210526 0.545455
vt 0.210526 0.636364
vt 0.210526 0.727273
vt 0.210526 0.818182
vt 0.210526 0.909091
vt 0.210526 1.000000
vt 0.236842 0.090909
vt 0.236842 0.000000
vt 0.236842 0.181818
vt 0.236842 0.272727
vt 0.236842 0.363636
vt 0.236842 0.454545
vt 0.236842 0.545455
vt 0.236842 0.636364
vt 0.236842 0.727273
vt 0.236842 0.818182
vt 0.236842 0.909091
vt 0.236842 1.000000
vt 0.263158 0.090909
vt 0.263158 0.000000
vt 0.263158 0.181818
vt 0.263158 0.272727
vt 0.263158 0.363636
vt 0.263158 0.454545
vt 0.263158 0.545455
vt 0.263158 0.636364
vt 0.263158 0.727273
vt 0.263158 0.818182
vt 0.263158 0.909091
vt 0.263158 1.000000
vt 0.289474 0.090909
vt 0.289474 0.000000
vt 0.289474 0.181818
vt 0.289474 0.272727
vt 0.289474 0.363636
vt 0.289474 0.454545
vt 0.289474 0.545455
vt 0.289474 0.636364
vt 0.289474 0.727273
vt 0.289474 0.818182
vt 0.289474 0.909091
vt 0.289474 1.000000
vt 0.315789 0.090909
vt 0.315789 0.000000
vt 0.315789 0.181818
vt 0.315789 0.272727
vt 0.315789 0.363636
vt 0.315789 0.454545
vt 0.315789 0.545455
vt 0.315789 0.636364
vt 0.315789 0.727273
vt 0.315789 0.818182
vt 0.315789 0.909091
vt 0.315789 1.000000
vt 0.342105 0.090909
vt 0.342105 0.000000
vt 0.342105 0.181818
vt 0.342105 0.272727
vt 0.342105 0.363636
vt 0.342105 0.454545
vt 0.342105 0.545455
vt 0.342105 0.636364
vt 0.342105 0.727273
vt 0.342105 0.818182
vt 0.342105 0.909091
vt 0.342105 1.000000
vt 0.368421 0.090909
vt 0.368421 0.000000
vt 0.368421 0.181818
vt 0.368421 0.272727
vt 0.368421 0.363636
vt 0.368421 0.454545
vt 0.368421 0.545455
vt 0.368421 0.636364
vt 0.368421 0.727273
vt 0.368421 0.818182
vt 0.368421 0.909091
vt 0.368421 1.000000
vt 0.394737 0.090909
vt 0.394737 0.000000
vt 0.394737 0.181818
vt 0.394737 0.272727
vt 0.394737 0.363636
vt 0.394737 0.454545
vt 0.394737 0.545455
vt 0.394737 0.636364
vt 0.394737 0.727273
vt 0.394737 0.818182
vt 0.394737 0.909091
vt 0.394737 1.000000
vt 0.421053 0.090909
vt 0.421053 0.000000
vt 0.421053 0.181818
vt 0.421053 0.272727
vt 0.421053 0.363636
vt 0.421053 0.454545
vt 0.421053 0.545455
vt 0.421053 0.636364
vt 0.421053 0.727273
vt 0.421053 0.818182
vt 0.421053 0.909091
vt 0.421053 1.000000
vt 0.447368 0.090909
vt 0.447368 0.000000
vt 0.447368 0.181818
vt 0.447368 0.272727
vt 0.447368 0.363636
vt 0.447368 0.454545
vt 0.447368 0.545455
vt 0.447368 0.636364
vt 0.447368 0.727273
vt 0.447368 0.818182
vt 0.447368 0.909091
vt 0.447368 1.000000
vt 0.473684 0.090909
vt 0.473684 0.000000
vt 0.473684 0.181818
vt 0.473684 0.272727
vt 0.473684 0.363636
vt 0.473684 0.454545
vt 0.473684 0.545455
vt 0.473684 0.636364
vt 0.473684 0.727273
vt 0.473684 0.818182
vt 0.473684 0.909091
vt 0.473684 1.000000
vt 0.526316 0.090909
vt 0.526316 0.000000
vt 0.526316 0.181818
vt 0.526316 0.272727
vt 0.526316 0.363636
vt 0.526316 0.454545
vt 0.526316 0.545455
vt 0.526316 0.636364
vt 0.526316 0.727273
vt 0.526316 0.818182
vt 0.526316 0.909091
vt 0.526316 1.000000
vt 0.552632 0.090909
vt 0.552632 0.000000
vt 0.552632 0.181818
vt 0.552632 0.272727
vt 0.552632 0.363636
vt 0.552632 0.454545
vt 0.552632 0.545455
vt 0.552632 0.636364
vt 0.552632 0.727273
vt 0.552632 0.818182
vt 0.552632 0.909091
vt 0.552632 1.000000
vt 0.578947 0.090909
vt 0.578947 0.000000
vt 0.578947 0.181818
vt 0.578947 0.272727
vt 0.578947 0.363636
vt 0.578947 0.454545
vt 0.578947 0.545455
vt 0.578947 0.636364
vt 0.578947 0.727273
vt 0.578947 0.818182
vt 0.578947 0.909091
vt 0.578947 1.000000
vt 0.605263 0.090909
vt 0.605263 0.000000
vt 0.605263 0.181818
vt 0.605263 0.272727
vt 0.605263 0.363636
vt 0.605263 0.454545
vt 0.605263 0.545455
vt 0.605263 0.636364
vt 0.605263 0.727273
vt 0.605263 0.818182
vt 0.605263 0.909091
vt 0.605263 1.000000
vt 0.631579 0.090909
vt 0.631579 0.000000
vt 0.631579 0.181818
vt 0.631579 0.272727
vt 0.631579 0.363636
vt 0.631579 0.454545
vt 0.631579 0.545455
vt 0.631579 0.636364
vt 0.631579 0.727273
vt 0.631579 0.818182
vt 0.631579 0.909091
vt 0.631579 1.000000
vt 0.657895 0.090909
vt 0.657895 0.000000
vt 0.657895 0.181818
vt 0.657895 0.272727
vt 0.657895 0.363636
vt 0.657895 0.454545
vt 0.657895 0.545455
vt 0.657895 0.636364
vt 0.657895 0.727273
vt 0.657895 0.818182
vt 0.657895 0.909091
vt 0.657895 1.000000
vt 0.684211 0.090909
vt 0.684211 0.000000
vt 0.684211 0.181818
vt 0.684211 0.272727
vt 0.684211 0.363636
vt 0.684211 0.454545
vt 0.684211 0.545455
vt 0.684211 0.636364
vt 0.684211 0.727273
vt 0.684211 0.818182
vt 0.684211 0.909091
vt 0.684211 1.000000
vt 0.710526 0.090909
vt 0.710526 0.000000
vt 0.710526 0.181818
vt 0.710526 0.272727
vt 0.710526 0.363636
vt 0.710526 0.454545
vt 0.710526 0.545455
vt 0.710526 0.636364
vt 0.710526 0.727273
vt 0.710526 0.818182
vt 0.710526 0.909091
vt 0.710526 1.000000
vt 0.736842 0.090909
vt 0.736842 0.000000
vt 0.736842 0.181818
vt 0.736842 0.272727
vt 0.736842 0.363636
vt 0.736842 0.454545
vt 0.736842 0.545455
vt 0.736842 0.636364
vt 0.736842 0.727273
vt 0.736842 0.818182
vt 0.736842 0.909091
vt 0.736842 1.000000
vt 0.763158 0.090909
vt 0.763158 0.000000
vt 0.763158 0.181818
vt 0.763158 0.272727
vt 0.763158 0.363636
vt 0.763158 0.454545
vt 0.763158 0.545455
vt 0.763158 0.636364
vt 0.763158 0.727273
vt 0.763158 0.818182
vt 0.763158 0.909091
vt 0.763158 1.000000
vt 0.789474 0.090909
vt 0.789474 0.000000
vt 0.789474 0.181818
vt 0.789474 0.272727
vt 0.789474 0.363636
vt 0.789474 0.454545
vt 0.789474 0.545455
vt 0.789474 0.636364
vt 0.789474 0.727273
vt 0.789474 0.818182
vt 0.789474 0.909091
vt 0.789474 1.000000
vt 0.815789 0.090909
vt 0.815789 0.000000
vt 0.815789 0.181818
vt 0.815789 0.272727
vt 0.815789 0.363636
vt 0.815789 0.454545
vt 0.815789 0.545455
vt 0.815789 0.636364
vt 0.815789 0.727273
vt 0.815789 0.818182
vt 0.815789 0.909091
vt 0.815789 1.000000
vt 0.842105 0.090909
vt 0.842105 0.000000
vt 0.842105 0.181818
vt 0.842105 0.272727
vt 0.842105 0.363636
vt 0.842105 0.454545
vt 0.842105 0.545455
vt 0.842105 0.636364
vt 0.842105 0.727273
vt 0.842105 0.818182
vt 0.842105 0.909091
vt 0.842105 1.000000
vt 0.868421 0.090909
vt 0.868421 0.000000
vt 0.868421 0.181818
vt 0.868421 0.272727
vt 0.868421 0.363636
vt 0.868421 0.454545
vt 0.868421 0.545455
vt 0.868421 0.636364
vt 0.868421 0.727273
vt 0.868421 0.818182
vt 0.868421 0.909091
vt 0.868421 1.000000
vt 0.894737 0.090909
vt 0.894737 0.000000
vt 0.894737 0.181818
vt 0.894737 0.272727
vt 0.894737 0.363636
vt 0.894737 0.454545
vt 0.894737 0.545455
vt 0.894737 0.636364
vt 0.894737 0.727273
vt 0.894737 0.818182
vt 0.894737 0.909091
vt 0.894737 1.000000
vt 0.921053 0.090909
vt 0.921053 0.000000
vt 0.921053 0.181818
vt 0.921053 0.272727
vt 0.921053 0.363636
vt 0.921053 0.454545
vt 0.921053 0.545455
vt 0.921053 0.636364
vt 0.921053 0.727273
vt 0.921053 0.818182
vt 0.921053 0.909091
vt 0.921053 1.000000
vt 0.947368 0.090909
vt 0.947368 0.000000
vt 0.947368 0.181818
vt 0.947368 0.272727
vt 0.947368 0.363636
vt 0.947368 0.454545
vt 0.947368 0.545455
vt 0.947368 0.636364
vt 0.947368 0.727273
vt 0.947368 0.818182
vt 0.947368 0.909091
vt 0.947368 1.000000
vt 0.973684 0.090909
vt 0.973684 0.000000
vt 0.973684 0.181818
vt 0.973684 0.272727
vt 0.973684 0.363636
vt 0.973684 0.454545
vt 0.973684 0.545455
vt 0.973684 0.636364
vt 0.973684 0.727273
vt 0.973684 0.818182
vt 0.973684 0.909091
vt 0.973684 1.000000
vt 0.035714 0.090909
vt 0.035714 0.000000
vt 0.035714 0.181818
vt 0.035714 0.272727
vt 0.035714 0.363636
vt 0.035714 0.454545
vt 0.035714 0.545455
vt 0.035714 0.636364
vt 0.035714 0.727273
vt 0.035714 0.818182
vt 0.035714 0.909091
vt 0.035714 1.000000
vt 0.071429 0.090909
vt 0.071429 0.000000
vt 0.071429 0.181818
vt 0.071429 0.272727
vt 0.071429 0.363636
vt 0.071429 0.454545
vt 0.071429 0.545455
vt 0.071429 0.636364
vt 0.071429 0.727273
vt 0.071429 0.818182
vt 0.071429 0.909091
vt 0.071429 1.000000
vt 0.107143 0.090909
vt 0.107143 0.000000
vt 0.107143 0.181818
vt 0.107143 0.272727
vt 0.107143 0.363636
vt 0.107143 0.454545
vt 0.107143 0.545455
vt 0.107143 0.636364
vt 0.107143 0.727273
vt 0.107143 0.818182
vt 0.107143 0.909091
vt 0.107143 1.000000
vt 0.178571 0.090909
vt 0.178571 0.000000
vt 0.178571 0.181818
vt 0.178571 0.272727
vt 0.178571 0.363636
vt 0.178571 0.454545
vt 0.178571 0.545455
vt 0.178571 0.636364
vt 0.178571 0.727273
vt 0.178571 0.818182
vt 0.178571 0.909091
vt 0.178571 1.000000
vt 0.214286 0.090909
vt 0.214286 0.000000
vt 0.214286 0.181818
vt 0.214286 0.272727
vt 0.214286 0.363636
vt 0.214286 0.454545
vt 0.214286 0.545455
vt 0.214286 0.636364
vt 0.214286 0.727273
vt 0.214286 0.818182
vt 0.214286 0.909091
vt 0.214286 1.000000
vt 0.321429 0.090909
vt 0.321429 0.000000
vt 0.321429 0.181818
vt 0.321429 0.272727
vt 0.321429 0.363636
vt 0.321429 0.454545
vt 0.321429 0.545455
vt 0.321429 0.636364
vt 0.321429 0.727273
vt 0.321429 0.818182
vt 0.321429 0.909091
vt 0.321429 1.000000
vt 0.357143 0.090909
vt 0.357143 0.000000
vt 0.357143 0.181818
vt 0.357143 0.272727
vt 0.357143 0.363636
vt 0.357143 0.454545
vt 0.357143 0.545455
vt 0.357143 0.636364
vt 0.357143 0.727273
vt 0.357143 0.818182
vt 0.357143 0.909091
vt 0.357143 1.000000
vt 0.392857 0.090909
vt 0.392857 0.000000
vt 0.392857 0.181818
vt 0.392857 0.272727
vt 0.392857 0.363636
vt 0.392857 0.454545
vt 0.392857 0.545455
vt 0.392857 0.636364
vt 0.392857 0.727273
vt 0.392857 0.818182
vt 0.392857 0.909091
vt 0.392857 1.000000
vt 0.464286 0.090909
vt 0.464286 0.000000
vt 0.464286 0.181818
vt 0.464286 0.272727
vt 0.464286 0.363636
vt 0.464286 0.454545
vt 0.464286 0.545455
vt 0.464286 0.636364
vt 0.464286 0.727273
vt 0.464286 0.818182
vt 0.464286 0.909091
vt 0.464286 1.000000
vt 0.535714 0.090909
vt 0.535714 0.000000
vt 0.535714 0.181818
vt 0.535714 0.272727
vt 0.535714 0.363636
vt 0.535714 0.454545
vt 0.535714 0.545455
vt 0.535714 0.636364
vt 0.535714 0.727273
vt 0.535714 0.818182
vt 0.535714 0.909091
vt 0.535714 1.000000
vt 0.607143 0.090909
vt 0.607143 0.000000
vt 0.607143 0.181818
vt 0.607143 0.272727
vt 0.607143 0.363636
vt 0.607143 0.454545
vt 0.607143 0.545455
vt 0.607143 0.636364
vt 0.607143 0.727273
vt 0.607143 0.818182
vt 0.607143 0.909091
vt 0.607143 1.000000
vt 0.642857 0.090909
vt 0.642857 0.000000
vt 0.642857 0.181818
vt 0.642857 0.272727
vt 0.642857 0.363636
vt 0.642857 0.454545
vt 0.642857 0.545455
vt 0.642857 0.636364
vt 0.642857 0.727273
vt 0.642857 0.818182
vt 0.642857 0.909091
vt 0.642857 1.000000
vt 0.678571 0.090909
vt 0.678571 0.000000
vt 0.678571 0.181818
vt 0.678571 0.272727
vt 0.678571 0.363636
vt 0.678571 0.454545
vt 0.678571 0.545455
vt 0.678571 0.636364
vt 0.678571 0.727273
vt 0.678571 0.818182
vt 0.678571 0.909091
vt 0.678571 1.000000
vt 0.785714 0.090909
vt 0.785714 0.000000
vt 0.785714 0.181818
vt 0.785714 0.272727
vt 0.785714 0.363636
vt 0.785714 0.454545
vt 0.785714 0.545455
vt 0.785714 0.636364
vt 0.785714 0.727273
vt 0.785714 0.818182
vt 0.785714 0.909091
vt 0.785714 1.000000
vt 0.821429 0.090909
vt 0.821429 0.000000
vt 0.821429 0.181818
vt 0.821429 0.272727
vt 0.821429 0.363636
vt 0.821429 0.454545
vt 0.821429 0.545455
vt 0.821429 0.636364
vt 0.821429 0.727273
vt 0.821429 0.818182
vt 0.821429 0.909091
vt 0.821429 1.000000
vt 0.892857 0.090909
vt 0.892857 0.000000
vt 0.892857 0.181818
vt 0.892857 0.272727
vt 0.892857 0.363636
vt 0.892857 0.454545
vt 0.892857 0.545455
vt 0.892857 0.636364
vt 0.892857 0.727273
vt 0.892857 0.818182
vt 0.892857 0.909091
vt 0.892857 1.000000
vt 0.928571 0.090909
vt 0.928571 0.000000
vt 0.928571 0.181818
vt 0.928571 0.272727
vt 0.928571 0.363636
vt 0.928571 0.454545
vt 0.928571 0.545455
vt 0.928571 0.636364
vt 0.928571 0.727273
vt 0.928571 0.818182
vt 0.928571 0.909091
vt 0.928571 1.000000
vt 0.964286 0.090909
vt 0.964286 0.000000
vt 0.964286 0.181818
vt 0.964286 0.272727
vt 0.964286 0.363636
vt 0.964286 0.454545
vt 0.964286 0.545455
vt 0.964286 0.636364
vt 0.964286 0.727273
vt 0.964286 0.818182
vt 0.964286 0.909091
vt 0.964286 1.000000
s 0
f 26/1/1 28/2/1 27/3/1
f 25/4/1 28/2/1 26/1/1
f 23/5/1 32/6/1 24/7/1
f 32/6/1 25/4/1 24/7/1
f 32/6/1 28/2/1 25/4/1
f 32/6/1 1/8/1 28/2/1
f 32/6/1 31/9/1 1/8/1
f 31/9/1 2/10/1 1/8/1
f 23/5/1 29/11/1 32/6/1
f 30/12/1 2/10/1 31/9/1
f 22/13/1 29/11/1 23/5/1
f 30/12/1 3/14/1 2/10/1
f 22/13/1 30/12/1 29/11/1
f 22/13/1 3/14/1 30/12/1
f 21/15/1 3/14/1 22/13/1
f 21/15/1 4/16/1 3/14/1
f 21/15/1 5/17/1 4/16/1
f 20/18/1 5/17/1 21/15/1
f 20/18/1 6/19/1 5/17/1
f 19/20/1 6/19/1 20/18/1
f 19/20/1 7/21/1 6/19/1
f 18/22/1 7/21/1 19/20/1
f 17/23/1 7/21/1 18/22/1
f 17/23/1 8/24/1 7/21/1
f 17/23/1 9/25/1 8/24/1
f 16/26/1 9/25/1 17/23/1
f 16/26/1 10/27/1 9/25/1
f 15/28/1 10/27/1 16/26/1
f 15/28/1 11/29/1 10/27/1
f 14/30/1 11/29/1 15/28/1
f 14/30/1 12/31/1 11/29/1
f 13/32/1 12/31/1 14/30/1
f 36/6/1 34/33/1 33/8/1
f 36/6/1 35/34/1 34/33/1
f 51/35/1 78/6/1 52/36/1
f 78/6/1 53/37/1 52/36/1
f 78/6/1 77/38/1 53/37/1
f 77/38/1 54/39/1 53/37/1
f 51/35/1 75/40/1 78/6/1
f 76/41/1 54/39/1 77/38/1
f 51/35/1 49/42/1 75/40/1
f 49/42/1 76/41/1 75/40/1
f 49/42/1 54/39/1 76/41/1
f 49/42/1 55/43/1 54/39/1
f 49/42/1 56/44/1 55/43/1
f 49/42/1 57/45/1 56/44/1
f 49/42/1 58/46/1 57/45/1
f 49/42/1 59/47/1 58/46/1
f 49/42/1 60/48/1 59/47/1
f 49/42/1 61/49/1 60/48/1
f 49/42/1 62/50/1 61/49/1
f 49/42/1 63/51/1 62/50/1
f 49/42/1 64/52/1 63/51/1
f 51/35/1 50/53/1 49/42/1
f 48/54/1 64/52/1 49/42/1
f 47/55/1 65/56/1 48/54/1
f 65/56/1 64/52/1 48/54/1
f 47/55/1 66/57/1 65/56/1
f 47/55/1 67/58/1 66/57/1
f 46/59/1 67/58/1 47/55/1
f 46/59/1 68/60/1 67/58/1
f 46/59/1 69/61/1 68/60/1
f 74/62/1 38/63/1 37/8/1
f 46/59/1 70/64/1 69/61/1
f 73/65/1 38/63/1 74/62/1
f 72/66/1 38/63/1 73/65/1
f 71/67/1 38/63/1 72/66/1
f 70/64/1 38/63/1 71/67/1
f 46/59/1 38/63/1 70/64/1
f 45/68/1 38/63/1 46/59/1
f 44/69/1 38/63/1 45/68/1
f 44/69/1 39/70/1 38/63/1
f 43/71/1 39/70/1 44/69/1
f 43/71/1 40/72/1 39/70/1
f 43/71/1 41/73/1 40/72/1
f 43/71/1 42/74/1 41/73/1
f 108/75/1 110/76/1 109/77/1
f 107/78/1 110/76/1 108/75/1
f 107/78/1 111/79/1 110/76/1
f 106/80/1 111/79/1 107/78/1
f 106/80/1 112/81/1 111/79/1
f 105/82/1 112/81/1 106/80/1
f 105/82/1 113/83/1 112/81/1
f 104/84/1 113/83/1 105/82/1
f 103/85/1 113/83/1 104/84/1
f 103/85/1 114/86/1 113/83/1
f 103/85/1 102/87/1 114/86/1
f 102/87/1 101/88/1 114/86/1
f 101/88/1 100/89/1 114/86/1
f 100/89/1 115/90/1 114/86/1
f 100/89/1 99/91/1 115/90/1
f 99/91/1 98/92/1 115/90/1
f 98/92/1 116/93/1 115/90/1
f 97/94/1 116/93/1 98/92/1
f 96/95/1 116/93/1 97/94/1
f 96/95/1 117/96/1 116/93/1
f 95/97/1 117/96/1 96/95/1
f 95/97/1 118/98/1 117/96/1
f 94/99/1 118/98/1 95/97/1
f 93/100/1 118/98/1 94/99/1
f 93/100/1 79/8/1 118/98/1
f 91/101/1 122/6/1 92/102/1
f 122/6/1 93/100/1 92/102/1
f 122/6/1 79/8/1 93/100/1
f 122/6/1 121/103/1 79/8/1
f 121/103/1 80/104/1 79/8/1
f 91/101/1 119/105/1 122/6/1
f 120/106/1 80/104/1 121/103/1
f 91/101/1 120/106/1 119/105/1
f 91/101/1 80/104/1 120/106/1
f 90/107/1 80/104/1 91/101/1
f 89/108/1 80/104/1 90/107/1
f 88/109/1 80/104/1 89/108/1
f 87/110/1 80/104/1 88/109/1
f 86/111/1 80/104/1 87/110/1
f 85/112/1 80/104/1 86/111/1
f 84/113/1 80/104/1 85/112/1
f 83/114/1 80/104/1 84/113/1
f 82/115/1 80/104/1 83/114/1
f 81/116/1 80/104/1 82/115/1
f 123/8/1 125/117/1 124/118/1
f 132/6/1 125/117/1 123/8/1
f 130/119/1 132/6/1 131/120/1
f 130/119/1 126/33/1 132/6/1
f 126/33/1 125/117/1 132/6/1
f 130/119/1 129/34/1 126/33/1
f 129/34/1 127/121/1 126/33/1
f 128/122/1 127/121/1 129/34/1
f 162/123/1 164/124/1 163/125/1
f 162/123/1 165/34/1 164/124/1
f 169/126/1 171/127/1 170/128/1
f 169/126/1 172/129/1 171/127/1
f 161/130/1 165/34/1 162/123/1
f 160/131/1 165/34/1 161/130/1
f 159/132/1 165/34/1 160/131/1
f 158/133/1 165/34/1 159/132/1
f 157/134/1 165/34/1 158/133/1
f 156/135/1 165/34/1 157/134/1
f 155/136/1 165/34/1 156/135/1
f 154/137/1 165/34/1 155/136/1
f 153/138/1 165/34/1 154/137/1
f 152/139/1 165/34/1 153/138/1
f 151/140/1 149/33/1 152/139/1
f 149/33/1 165/34/1 152/139/1
f 149/33/1 166/141/1 165/34/1
f 151/140/1 150/142/1 149/33/1
f 148/143/1 166/141/1 149/33/1
f 148/143/1 167/144/1 166/141/1
f 147/145/1 167/144/1 148/143/1
f 147/145/1 168/146/1 167/144/1
f 146/147/1 168/146/1 147/145/1
f 146/147/1 169/126/1 168/146/1
f 145/148/1 169/126/1 146/147/1
f 145/148/1 172/129/1 169/126/1
f 144/149/1 172/129/1 145/148/1
f 181/6/1 134/150/1 133/8/1
f 180/151/1 134/150/1 181/6/1
f 179/152/1 134/150/1 180/151/1
f 178/153/1 134/150/1 179/152/1
f 143/154/1 172/129/1 144/149/1
f 143/154/1 173/155/1 172/129/1
f 177/156/1 134/150/1 178/153/1
f 143/154/1 174/157/1 173/155/1
f 143/154/1 175/158/1 174/157/1
f 176/159/1 134/150/1 177/156/1
f 143/154/1 176/159/1 175/158/1
f 143/154/1 134/150/1 176/159/1
f 142/160/1 134/150/1 143/154/1
f 141/161/1 134/150/1 142/160/1
f 140/162/1 134/150/1 141/161/1
f 140/162/1 135/163/1 134/150/1
f 140/162/1 136/164/1 135/163/1
f 139/165/1 136/164/1 140/162/1
f 139/165/1 137/166/1 136/164/1
f 139/165/1 138/167/1 137/166/1
f 211/168/1 213/169/1 212/170/1
f 210/171/1 213/169/1 211/168/1
f 208/172/1 214/173/1 209/174/1
f 214/173/1 210/171/1 209/174/1
f 214/173/1 213/169/1 210/171/1
f 208/172/1 215/6/1 214/173/1
f 208/172/1 194/175/1 215/6/1
f 194/175/1 182/8/1 215/6/1
f 194/175/1 183/176/1 182/8/1
f 194/175/1 184/177/1 183/176/1
f 194/175/1 185/178/1 184/177/1
f 194/175/1 186/179/1 185/178/1
f 194/175/1 187/180/1 186/179/1
f 194/175/1 188/181/1 187/180/1
f 194/175/1 189/182/1 188/181/1
f 194/175/1 190/183/1 189/182/1
f 194/175/1 191/184/1 190/183/1
f 194/175/1 192/185/1 191/184/1
f 194/175/1 193/33/1 192/185/1
f 208/172/1 195/186/1 194/175/1
f 207/187/1 195/186/1 208/172/1
f 207/187/1 196/188/1 195/186/1
f 207/187/1 197/189/1 196/188/1
f 206/190/1 197/189/1 207/187/1
f 205/191/1 197/189/1 206/190/1
f 204/34/1 197/189/1 205/191/1
f 203/192/1 197/189/1 204/34/1
f 202/193/1 197/189/1 203/192/1
f 201/194/1 197/189/1 202/193/1
f 200/195/1 197/189/1 201/194/1
f 199/196/1 197/189/1 200/195/1
f 198/197/1 197/189/1 199/196/1
f 224/25/1 226/29/1 225/27/1
f 224/25/1 227/31/1 226/29/1
f 245/12/1 247/6/1 246/9/1
f 245/12/1 216/8/1 247/6/1
f 224/25/1 228/32/1 227/31/1
f 223/24/1 228/32/1 224/25/1
f 245/12/1 217/10/1 216/8/1
f 244/11/1 217/10/1 245/12/1
f 223/24/1 229/30/1 228/32/1
f 222/21/1 229/30/1 223/24/1
f 244/11/1 218/14/1 217/10/1
f 243/2/1 218/14/1 244/11/1
f 221/19/1 229/30/1 222/21/1
f 221/19/1 230/28/1 229/30/1
f 243/2/1 219/16/1 218/14/1
f 242/3/1 219/16/1 243/2/1
f 220/17/1 230/28/1 221/19/1
f 242/3/1 220/17/1 219/16/1
f 220/17/1 231/26/1 230/28/1
f 241/1/1 220/17/1 242/3/1
f 241/1/1 231/26/1 220/17/1
f 241/1/1 232/23/1 231/26/1
f 240/4/1 232/23/1 241/1/1
f 240/4/1 233/22/1 232/23/1
f 239/7/1 233/22/1 240/4/1
f 239/7/1 234/20/1 233/22/1
f 238/5/1 234/20/1 239/7/1
f 238/5/1 235/18/1 234/20/1
f 237/13/1 235/18/1 238/5/1
f 237/13/1 236/15/1 235/18/1
f 277/123/1 279/124/1 278/125/1
f 277/123/1 280/34/1 279/124/1
f 284/126/1 286/127/1 285/128/1
f 284/126/1 287/129/1 286/127/1
f 276/130/1 280/34/1 277/123/1
f 275/131/1 280/34/1 276/130/1
f 274/132/1 280/34/1 275/131/1
f 273/133/1 280/34/1 274/132/1
f 272/134/1 280/34/1 273/133/1
f 271/135/1 280/34/1 272/134/1
f 270/136/1 280/34/1 271/135/1
f 269/137/1 280/34/1 270/136/1
f 268/138/1 280/34/1 269/137/1
f 267/139/1 280/34/1 268/138/1
f 266/140/1 264/33/1 267/139/1
f 264/33/1 280/34/1 267/139/1
f 264/33/1 281/141/1 280/34/1
f 266/140/1 265/142/1 264/33/1
f 263/143/1 281/141/1 264/33/1
f 263/143/1 282/144/1 281/141/1
f 262/145/1 282/144/1 263/143/1
f 262/145/1 283/146/1 282/144/1
f 261/147/1 283/146/1 262/145/1
f 261/147/1 284/126/1 283/146/1
f 260/148/1 284/126/1 261/147/1
f 260/148/1 287/129/1 284/126/1
f 259/149/1 287/129/1 260/148/1
f 296/6/1 249/150/1 248/8/1
f 295/151/1 249/150/1 296/6/1
f 294/152/1 249/150/1 295/151/1
f 293/153/1 249/150/1 294/152/1
f 258/154/1 287/129/1 259/149/1
f 258/154/1 288/155/1 287/129/1
f 292/156/1 249/150/1 293/153/1
f 258/154/1 289/157/1 288/155/1
f 258/154/1 290/158/1 289/157/1
f 291/159/1 249/150/1 292/156/1
f 258/154/1 291/159/1 290/158/1
f 258/154/1 249/150/1 291/159/1
f 257/160/1 249/150/1 258/154/1
f 256/161/1 249/150/1 257/160/1
f 255/162/1 249/150/1 256/161/1
f 255/162/1 250/163/1 249/150/1
f 255/162/1 251/164/1 250/163/1
f 254/165/1 251/164/1 255/162/1
f 254/165/1 252/166/1 251/164/1
f 254/165/1 253/167/1 252/166/1
f 300/6/1 298/33/1 297/8/1
f 300/6/1 299/34/1 298/33/1
f 326/1/2 327/3/2 328/2/2
f 325/4/2 326/1/2 328/2/2
f 323/5/2 324/7/2 332/6/2
f 332/6/2 324/7/2 325/4/2
f 332/6/2 325/4/2 328/2/2
f 332/6/2 328/2/2 301/8/2
f 332/6/2 301/8/2 331/9/2
f 331/9/2 301/8/2 302/10/2
f 323/5/2 332/6/2 329/11/2
f 330/12/2 331/9/2 302/10/2
f 322/13/2 323/5/2 329/11/2
f 330/12/2 302/10/2 303/14/2
f 322/13/2 329/11/2 330/12/2
f 322/13/2 330/12/2 303/14/2
f 321/15/2 322/13/2 303/14/2
f 321/15/2 303/14/2 304/16/2
f 321/15/2 304/16/2 305/17/2
f 320/18/2 321/15/2 305/17/2
f 320/18/2 305/17/2 306/19/2
f 319/20/2 320/18/2 306/19/2
f 319/20/2 306/19/2 307/21/2
f 318/22/2 319/20/2 307/21/2
f 317/23/2 318/22/2 307/21/2
f 317/23/2 307/21/2 308/24/2
f 317/23/2 308/24/2 309/25/2
f 316/26/2 317/23/2 309/25/2
f 316/26/2 309/25/2 310/27/2
f 315/28/2 316/26/2 310/27/2
f 315/28/2 310/27/2 311/29/2
f 314/30/2 315/28/2 311/29/2
f 314/30/2 311/29/2 312/31/2
f 313/32/2 314/30/2 312/31/2
f 336/6/2 333/8/2 334/33/2
f 336/6/2 334/33/2 335/34/2
f 351/35/2 352/36/2 378/6/2
f 378/6/2 352/36/2 353/37/2
f 378/6/2 353/37/2 377/38/2
f 377/38/2 353/37/2 354/39/2
f 351/35/2 378/6/2 375/40/2
f 376/41/2 377/38/2 354/39/2
f 351/35/2 375/40/2 349/42/2
f 349/42/2 375/40/2 376/41/2
f 349/42/2 376/41/2 354/39/2
f 349/42/2 354/39/2 355/43/2
f 349/42/2 355/43/2 356/44/2
f 349/42/2 356/44/2 357/45/2
f 349/42/2 357/45/2 358/46/2
f 349/42/2 358/46/2 359/47/2
f 349/42/2 359/47/2 360/48/2
f 349/42/2 360/48/2 361/49/2
f 349/42/2 361/49/2 362/50/2
f 349/42/2 362/50/2 363/51/2
f 349/42/2 363/51/2 364/52/2
f 351/35/2 349/42/2 350/53/2
f 348/54/1 349/42/1 364/52/1
f 347/55/2 348/54/2 365/56/2
f 365/56/1 348/54/1 364/52/1
f 347/55/2 365/56/2 366/57/2
f 347/55/2 366/57/2 367/58/2
f 346/59/2 347/55/2 367/58/2
f 346/59/2 367/58/2 368/60/2
f 346/59/2 368/60/2 369/61/2
f 374/62/2 337/8/2 338/63/2
f 346/59/2 369/61/2 370/64/2
f 373/65/2 374/62/2 338/63/2
f 372/66/2 373/65/2 338/63/2
f 371/67/2 372/66/2 338/63/2
f 370/64/2 371/67/2 338/63/2
f 346/59/2 370/64/2 338/63/2
f 345/68/2 346/59/2 338/63/2
f 344/69/2 345/68/2 338/63/2
f 344/69/2 338/63/2 339/70/2
f 343/71/2 344/69/2 339/70/2
f 343/71/2 339/70/2 340/72/2
f 343/71/2 340/72/2 341/73/2
f 343/71/2 341/73/2 342/74/2
f 408/75/2 409/77/2 410/76/2
f 407/78/2 408/75/2 410/76/2
f 407/78/2 410/76/2 411/79/2
f 406/80/2 407/78/2 411/79/2
f 406/80/2 411/79/2 412/81/2
f 405/82/2 406/80/2 412/81/2
f 405/82/2 412/81/2 413/83/2
f 404/84/2 405/82/2 413/83/2
f 403/85/2 404/84/2 413/83/2
f 403/85/2 413/83/2 414/86/2
f 403/85/2 414/86/2 402/87/2
f 402/87/2 414/86/2 401/88/2
f 401/88/2 414/86/2 400/89/2
f 400/89/2 414/86/2 415/90/2
f 400/89/2 415/90/2 399/91/2
f 399/91/2 415/90/2 398/92/2
f 398/92/2 415/90/2 416/93/2
f 397/94/2 398/92/2 416/93/2
f 396/95/2 397/94/2 416/93/2
f 396/95/2 416/93/2 417/96/2
f 395/97/2 396/95/2 417/96/2
f 395/97/2 417/96/2 418/98/2
f 394/99/2 395/97/2 418/98/2
f 393/100/2 394/99/2 418/98/2
f 393/100/2 418/98/2 379/8/2
f 391/101/2 392/102/2 422/6/2
f 422/6/2 392/102/2 393/100/2
f 422/6/2 393/100/2 379/8/2
f 422/6/2 379/8/2 421/103/2
f 421/103/2 379/8/2 380/104/2
f 391/101/2 422/6/2 419/105/2
f 420/106/2 421/103/2 380/104/2
f 391/101/2 419/105/2 420/106/2
f 391/101/2 420/106/2 380/104/2
f 390/107/2 391/101/2 380/104/2
f 389/108/2 390/107/2 380/104/2
f 388/109/2 389/108/2 380/104/2
f 387/110/2 388/109/2 380/104/2
f 386/111/2 387/110/2 380/104/2
f 385/112/2 386/111/2 380/104/2
f 384/113/2 385/112/2 380/104/2
f 383/114/2 384/113/2 380/104/2
f 382/115/2 383/114/2 380/104/2
f 381/116/2 382/115/2 380/104/2
f 423/8/2 424/118/2 425/117/2
f 432/6/2 423/8/2 425/117/2
f 430/119/2 431/120/2 432/6/2
f 430/119/2 432/6/2 426/33/2
f 426/33/2 432/6/2 425/117/2
f 430/119/2 426/33/2 429/34/2
f 429/34/2 426/33/2 427/121/2
f 428/122/2 429/34/2 427/121/2
f 462/123/2 463/125/2 464/124/2
f 462/123/2 464/124/2 465/34/2
f 469/126/2 470/128/2 471/127/2
f 469/126/2 471/127/2 472/129/2
f 461/130/2 462/123/2 465/34/2
f 460/131/2 461/130/2 465/34/2
f 459/132/2 460/131/2 465/34/2
f 458/133/2 459/132/2 465/34/2
f 457/134/2 458/133/2 465/34/2
f 456/135/2 457/134/2 465/34/2
f 455/136/2 456/135/2 465/34/2
f 454/137/2 455/136/2 465/34/2
f 453/138/2 454/137/2 465/34/2
f 452/139/2 453/138/2 465/34/2
f 451/140/2 452/139/2 449/33/2
f 449/33/2 452/139/2 465/34/2
f 449/33/2 465/34/2 466/141/2
f 451/140/2 449/33/2 450/142/2
f 448/143/2 449/33/2 466/141/2
f 448/143/2 466/141/2 467/144/2
f 447/145/2 448/143/2 467/144/2
f 447/145/2 467/144/2 468/146/2
f 446/147/2 447/145/2 468/146/2
f 446/147/2 468/146/2 469/126/2
f 445/148/2 446/147/2 469/126/2
f 445/148/2 469/126/2 472/129/2
f 444/149/2 445/148/2 472/129/2
f 481/6/2 433/8/2 434/150/2
f 480/151/2 481/6/2 434/150/2
f 479/152/2 480/151/2 434/150/2
f 478/153/2 479/152/2 434/150/2
f 443/154/2 444/149/2 472/129/2
f 443/154/2 472/129/2 473/155/2
f 477/156/2 478/153/2 434/150/2
f 443/154/2 473/155/2 474/157/2
f 443/154/2 474/157/2 475/158/2
f 476/159/2 477/156/2 434/150/2
f 443/154/2 475/158/2 476/159/2
f 443/154/2 476/159/2 434/150/2
f 442/160/2 443/154/2 434/150/2
f 441/161/2 442/160/2 434/150/2
f 440/162/2 441/161/2 434/150/2
f 440/162/2 434/150/2 435/163/2
f 440/162/2 435/163/2 436/164/2
f 439/165/2 440/162/2 436/164/2
f 439/165/2 436/164/2 437/166/2
f 439/165/2 437/166/2 438/167/2
f 511/168/2 512/170/2 513/169/2
f 510/171/2 511/168/2 513/169/2
f 508/172/2 509/174/2 514/173/2
f 514/173/2 509/174/2 510/171/2
f 514/173/2 510/171/2 513/169/2
f 508/172/2 514/173/2 515/6/2
f 508/172/2 515/6/2 494/175/2
f 494/175/2 515/6/2 482/8/2
f 494/175/2 482/8/2 483/176/2
f 494/175/2 483/176/2 484/177/2
f 494/175/2 484/177/2 485/178/2
f 494/175/2 485/178/2 486/179/2
f 494/175/2 486/179/2 487/180/2
f 494/175/2 487/180/2 488/181/2
f 494/175/2 488/181/2 489/182/2
f 494/175/2 489/182/2 490/183/2
f 494/175/2 490/183/2 491/184/2
f 494/175/2 491/184/2 492/185/2
f 494/175/2 492/185/2 493/33/2
f 508/172/2 494/175/2 495/186/2
f 507/187/2 508/172/2 495/186/2
f 507/187/2 495/186/2 496/188/2
f 507/187/2 496/188/2 497/189/2
f 506/190/2 507/187/2 497/189/2
f 505/191/2 506/190/2 497/189/2
f 504/34/2 505/191/2 497/189/2
f 503/192/2 504/34/2 497/189/2
f 502/193/2 503/192/2 497/189/2
f 501/194/2 502/193/2 497/189/2
f 500/195/2 501/194/2 497/189/2
f 499/196/2 500/195/2 497/189/2
f 498/197/2 499/196/2 497/189/2
f 524/25/2 525/27/2 526/29/2
f 524/25/2 526/29/2 527/31/2
f 545/12/2 546/9/2 547/6/2
f 545/12/2 547/6/2 516/8/2
f 524/25/2 527/31/2 528/32/2
f 523/24/2 524/25/2 528/32/2
f 545/12/2 516/8/2 517/10/2
f 544/11/2 545/12/2 517/10/2
f 523/24/2 528/32/2 529/30/2
f 522/21/2 523/24/2 529/30/2
f 544/11/2 517/10/2 518/14/2
f 543/2/2 544/11/2 518/14/2
f 521/19/2 522/21/2 529/30/2
f 521/19/2 529/30/2 530/28/2
f 543/2/2 518/14/2 519/16/2
f 542/3/2 543/2/2 519/16/2
f 520/17/2 521/19/2 530/28/2
f 542/3/2 519/16/2 520/17/2
f 520/17/2 530/28/2 531/26/2
f 541/1/2 542/3/2 520/17/2
f 541/1/2 520/17/2 531/26/2
f 541/1/2 531/26/2 532/23/2
f 540/4/2 541/1/2 532/23/2
f 540/4/2 532/23/2 533/22/2
f 539/7/2 540/4/2 533/22/2
f 539/7/2 533/22/2 534/20/2
f 538/5/2 539/7/2 534/20/2
f 538/5/2 534/20/2 535/18/2
f 537/13/2 538/5/2 535/18/2
f 537/13/2 535/18/2 536/15/2
f 577/123/2 578/125/2 579/124/2
f 577/123/2 579/124/2 580/34/2
f 584/126/2 585/128/2 586/127/2
f 584/126/2 586/127/2 587/129/2
f 576/130/2 577/123/2 580/34/2
f 575/131/2 576/130/2 580/34/2
f 574/132/2 575/131/2 580/34/2
f 573/133/2 574/132/2 580/34/2
f 572/134/2 573/133/2 580/34/2
f 571/135/2 572/134/2 580/34/2
f 570/136/2 571/135/2 580/34/2
f 569/137/2 570/136/2 580/34/2
f 568/138/2 569/137/2 580/34/2
f 567/139/2 568/138/2 580/34/2
f 566/140/2 567/139/2 564/33/2
f 564/33/2 567/139/2 580/34/2
f 564/33/2 580/34/2 581/141/2
f 566/140/2 564/33/2 565/142/2
f 563/143/2 564/33/2 581/141/2
f 563/143/2 581/141/2 582/144/2
f 562/145/2 563/143/2 582/144/2
f 562/145/2 582/144/2 583/146/2
f 561/147/2 562/145/2 583/146/2
f 561/147/2 583/146/2 584/126/2
f 560/148/2 561/147/2 584/126/2
f 560/148/2 584/126/2 587/129/2
f 559/149/2 560/148/2 587/129/2
f 596/6/2 548/8/2 549/150/2
f 595/151/2 596/6/2 549/150/2
f 594/152/2 595/151/2 549/150/2
f 593/153/2 594/152/2 549/150/2
f 558/154/2 559/149/2 587/129/2
f 558/154/2 587/129/2 588/155/2
f 592/156/2 593/153/2 549/150/2
f 558/154/2 588/155/2 589/157/2
f 558/154/2 589/157/2 590/158/2
f 591/159/2 592/156/2 549/150/2
f 558/154/2 590/158/2 591/159/2
f 558/154/2 591/159/2 549/150/2
f 557/160/2 558/154/2 549/150/2
f 556/161/2 557/160/2 549/150/2
f 555/162/2 556/161/2 549/150/2
f 555/162/2 549/150/2 550/163/2
f 555/162/2 550/163/2 551/164/2
f 554/165/2 555/162/2 551/164/2
f 554/165/2 551/164/2 552/166/2
f 554/165/2 552/166/2 553/167/2
f 600/6/2 597/8/2 598/33/2
f 600/6/2 598/33/2 599/34/2
s 1
f 602/198/3 614/199/4 613/148/5 601/8/6
f 603/200/7 615/201/8 614/199/4 602/198/3
f 604/202/9 616/203/10 615/201/8 603/200/7
f 605/204/11 617/205/12 616/203/10 604/202/9
f 606/206/13 618/207/14 617/205/12 605/204/11
f 607/208/15 619/209/16 618/207/14 606/206/13
f 608/210/17 620/211/18 619/209/16 607/208/15
f 609/212/19 621/213/20 620/211/18 608/210/17
f 610/214/21 622/215/22 621/213/20 609/212/19
f 611/216/23 623/217/24 622/215/22 610/214/21
f 612/218/25 624/219/26 623/217/24 611/216/23
f 614/199/4 626/220/27 625/134/28 613/148/5
f 615/201/8 627/221/29 626/220/27 614/199/4
f 616/203/10 628/222/30 627/221/29 615/201/8
f 617/205/12 629/223/31 628/222/30 616/203/10
f 618/207/14 630/224/32 629/223/31 617/205/12
f 619/209/16 631/225/33 630/224/32 618/207/14
f 620/211/18 632/226/34 631/225/33 619/209/16
f 621/213/20 633/227/35 632/226/34 620/211/18
f 622/215/22 634/228/36 633/227/35 621/213/20
f 623/217/24 635/229/37 634/228/36 622/215/22
f 624/219/26 636/230/38 635/229/37 623/217/24
f 626/220/27 638/231/39 637/126/40 625/134/28
f 627/221/29 639/232/41 638/231/39 626/220/27
f 628/222/30 640/233/42 639/232/41 627/221/29
f 629/223/31 641/234/43 640/233/42 628/222/30
f 630/224/32 642/235/44 641/234/43 629/223/31
f 631/225/33 643/236/45 642/235/44 630/224/32
f 632/226/34 644/237/46 643/236/45 631/225/33
f 633/227/35 645/238/47 644/237/46 632/226/34
f 634/228/36 646/239/48 645/238/47 633/227/35
f 635/229/37 647/240/49 646/239/48 634/228/36
f 636/230/38 648/241/50 647/240/49 635/229/37
f 638/231/39 602/242/3 601/6/6 637/126/40
f 639/232/41 603/243/7 602/242/3 638/231/39
f 640/233/42 604/244/9 603/243/7 639/232/41
f 641/234/43 605/245/11 604/244/9 640/233/42
f 642/235/44 606/246/13 605/245/11 641/234/43
f 643/236/45 607/247/15 606/246/13 642/235/44
f 644/237/46 608/248/17 607/247/15 643/236/45
f 645/238/47 609/249/19 608/248/17 644/237/46
f 646/239/48 610/250/21 609/249/19 645/238/47
f 647/240/49 611/251/23 610/250/21 646/239/48
f 648/241/50 612/252/25 611/251/23 647/240/49
f 650/198/51 662/253/52 661/254/53 649/8/54
f 651/200/55 663/255/56 662/253/52 650/198/51
f 652/202/57 664/256/58 663/255/56 651/200/55
f 653/204/59 665/257/60 664/256/58 652/202/57
f 654/206/61 666/258/62 665/257/60 653/204/59
f 655/208/63 667/259/64 666/258/62 654/206/61
f 656/210/65 668/260/66 667/259/64 655/208/63
f 657/212/67 669/261/68 668/260/66 656/210/65
f 658/214/69 670/262/70 669/261/68 657/212/67
f 659/216/71 671/263/72 670/262/70 658/214/69
f 660/218/73 672/264/74 671/263/72 659/216/71
f 662/253/52 674/265/75 673/266/76 661/254/53
f 663/255/56 675/267/77 674/265/75 662/253/52
f 664/256/58 676/268/78 675/267/77 663/255/56
f 665/257/60 677/269/79 676/268/78 664/256/58
f 666/258/62 678/270/80 677/269/79 665/257/60
f 667/259/64 679/271/81 678/270/80 666/258/62
f 668/260/66 680/272/82 679/271/81 667/259/64
f 669/261/68 681/273/83 680/272/82 668/260/66
f 670/262/70 682/274/84 681/273/83 669/261/68
f 671/263/72 683/275/85 682/274/84 670/262/70
f 672/264/74 684/276/86 683/275/85 671/263/72
f 674/265/75 686/277/87 685/278/88 673/266/76
f 675/267/77 687/279/89 686/277/87 674/265/75
f 676/268/78 688/280/90 687/279/89 675/267/77
f 677/269/79 689/281/91 688/280/90 676/268/78
f 678/270/80 690/282/92 689/281/91 677/269/79
f 679/271/81 691/283/93 690/282/92 678/270/80
f 680/272/82 692/284/94 691/283/93 679/271/81
f 681/273/83 693/285/95 692/284/94 680/272/82
f 682/274/84 694/286/96 693/285/95 681/273/83
f 683/275/85 695/287/97 694/286/96 682/274/84
f 684/276/86 696/288/98 695/287/97 683/275/85
f 686/277/87 698/289/99 697/290/100 685/278/88
f 687/279/89 699/291/101 698/289/99 686/277/87
f 688/280/90 700/292/102 699/291/101 687/279/89
f 689/281/91 701/293/103 700/292/102 688/280/90
f 690/282/92 702/294/104 701/293/103 689/281/91
f 691/283/93 703/295/105 702/294/104 690/282/92
f 692/284/94 704/296/106 703/295/105 691/283/93
f 693/285/95 705/297/107 704/296/106 692/284/94
f 694/286/96 706/298/108 705/297/107 693/285/95
f 695/287/97 707/299/109 706/298/108 694/286/96
f 696/288/98 708/300/110 707/299/109 695/287/97
f 698/289/99 710/301/111 709/302/112 697/290/100
f 699/291/101 711/303/113 710/301/111 698/289/99
f 700/292/102 712/304/114 711/303/113 699/291/101
f 701/293/103 713/305/115 712/304/114 700/292/102
f 702/294/104 714/306/116 713/305/115 701/293/103
f 703/295/105 715/307/117 714/306/116 702/294/104
f 704/296/106 716/308/118 715/307/117 703/295/105
f 705/297/107 717/309/119 716/308/118 704/296/106
f 706/298/108 718/310/120 717/309/119 705/297/107
f 707/299/109 719/311/121 718/310/120 706/298/108
f 708/300/110 720/312/122 719/311/121 707/299/109
f 710/301/111 722/313/123 721/314/124 709/302/112
f 711/303/113 723/315/125 722/313/123 710/301/111
f 712/304/114 724/316/126 723/315/125 711/303/113
f 713/305/115 725/317/127 724/316/126 712/304/114
f 714/306/116 726/318/128 725/317/127 713/305/115
f 715/307/117 727/319/129 726/318/128 714/306/116
f 716/308/118 728/320/130 727/319/129 715/307/117
f 717/309/119 729/321/131 728/320/130 716/308/118
f 718/310/120 730/322/132 729/321/131 717/309/119
f 719/311/121 731/323/133 730/322/132 718/310/120
f 720/312/122 732/324/134 731/323/133 719/311/121
f 722/313/123 734/325/135 733/326/136 721/314/124
f 723/315/125 735/327/137 734/325/135 722/313/123
f 724/316/126 736/328/138 735/327/137 723/315/125
f 725/317/127 737/329/139 736/328/138 724/316/126
f 726/318/128 738/330/140 737/329/139 725/317/127
f 727/319/129 739/331/141 738/330/140 726/318/128
f 728/320/130 740/332/142 739/331/141 727/319/129
f 729/321/131 741/333/143 740/332/142 728/320/130
f 730/322/132 742/334/144 741/333/143 729/321/131
f 731/323/133 743/335/145 742/334/144 730/322/132
f 732/324/134 744/336/146 743/335/145 731/323/133
f 734/325/135 746/337/147 745/338/148 733/326/136
f 735/327/137 747/339/149 746/337/147 734/325/135
f 736/328/138 748/340/150 747/339/149 735/327/137
f 737/329/139 749/341/151 748/340/150 736/328/138
f 738/330/140 750/342/152 749/341/151 737/329/139
f 739/331/141 751/343/153 750/342/152 738/330/140
f 740/332/142 752/344/154 751/343/153 739/331/141
f 741/333/143 753/345/155 752/344/154 740/332/142
f 742/334/144 754/346/156 753/345/155 741/333/143
f 743/335/145 755/347/157 754/346/156 742/334/144
f 744/336/146 756/348/158 755/347/157 743/335/145
f 746/337/147 758/349/159 757/350/160 745/338/148
f 747/339/149 759/351/161 758/349/159 746/337/147
f 748/340/150 760/352/162 759/351/161 747/339/149
f 749/341/151 761/353/163 760/352/162 748/340/150
f 750/342/152 762/354/164 761/353/163 749/341/151
f 751/343/153 763/355/165 762/354/164 750/342/152
f 752/344/154 764/356/166 763/355/165 751/343/153
f 753/345/155 765/357/167 764/356/166 752/344/154
f 754/346/156 766/358/168 765/357/167 753/345/155
f 755/347/157 767/359/169 766/358/168 754/346/156
f 756/348/158 768/360/170 767/359/169 755/347/157
f 758/349/159 770/361/171 769/362/172 757/350/160
f 759/351/161 771/363/173 770/361/171 758/349/159
f 760/352/162 772/364/174 771/363/173 759/351/161
f 761/353/163 773/365/175 772/364/174 760/352/162
f 762/354/164 774/366/176 773/365/175 761/353/163
f 763/355/165 775/367/177 774/366/176 762/354/164
f 764/356/166 776/368/178 775/367/177 763/355/165
f 765/357/167 777/369/179 776/368/178 764/356/166
f 766/358/168 778/370/180 777/369/179 765/357/167
f 767/359/169 779/371/181 778/370/180 766/358/168
f 768/360/170 780/372/182 779/371/181 767/359/169
f 770/361/171 782/373/183 781/374/184 769/362/172
f 771/363/173 783/375/185 782/373/183 770/361/171
f 772/364/174 784/376/186 783/375/185 771/363/173
f 773/365/175 785/377/187 784/376/186 772/364/174
f 774/366/176 786/378/188 785/377/187 773/365/175
f 775/367/177 787/379/189 786/378/188 774/366/176
f 776/368/178 788/380/190 787/379/189 775/367/177
f 777/369/179 789/381/191 788/380/190 776/368/178
f 778/370/180 790/382/192 789/381/191 777/369/179
f 779/371/181 791/383/193 790/382/192 778/370/180
f 780/372/182 792/384/194 791/383/193 779/371/181
f 782/373/183 794/385/195 793/386/196 781/374/184
f 783/375/185 795/387/197 794/385/195 782/373/183
f 784/376/186 796/388/198 795/387/197 783/375/185
f 785/377/187 797/389/199 796/388/198 784/376/186
f 786/378/188 798/390/200 797/389/199 785/377/187
f 787/379/189 799/391/201 798/390/200 786/378/188
f 788/380/190 800/392/202 799/391/201 787/379/189
f 789/381/191 801/393/203 800/392/202 788/380/190
f 790/382/192 802/394/204 801/393/203 789/381/191
f 791/383/193 803/395/205 802/394/204 790/382/192
f 792/384/194 804/396/206 803/395/205 791/383/193
f 794/385/195 806/397/207 805/398/208 793/386/196
f 795/387/197 807/399/209 806/397/207 794/385/195
f 796/388/198 808/400/210 807/399/209 795/387/197
f 797/389/199 809/401/211 808/400/210 796/388/198
f 798/390/200 810/402/212 809/401/211 797/389/199
f 799/391/201 811/403/213 810/402/212 798/390/200
f 800/392/202 812/404/214 811/403/213 799/391/201
f 801/393/203 813/405/215 812/404/214 800/392/202
f 802/394/204 814/406/216 813/405/215 801/393/203
f 803/395/205 815/407/217 814/406/216 802/394/204
f 804/396/206 816/408/218 815/407/217 803/395/205
f 806/397/207 818/409/219 817/410/220 805/398/208
f 807/399/209 819/411/221 818/409/219 806/397/207
f 808/400/210 820/412/222 819/411/221 807/399/209
f 809/401/211 821/413/223 820/412/222 808/400/210
f 810/402/212 822/414/224 821/413/223 809/401/211
f 811/403/213 823/415/225 822/414/224 810/402/212
f 812/404/214 824/416/226 823/415/225 811/403/213
f 813/405/215 825/417/227 824/416/226 812/404/214
f 814/406/216 826/418/228 825/417/227 813/405/215
f 815/407/217 827/419/229 826/418/228 814/406/216
f 816/408/218 828/420/230 827/419/229 815/407/217
f 818/409/219 830/421/231 829/422/232 817/410/220
f 819/411/221 831/423/233 830/421/231 818/409/219
f 820/412/222 832/424/234 831/423/233 819/411/221
f 821/413/223 833/425/235 832/424/234 820/412/222
f 822/414/224 834/426/236 833/425/235 821/413/223
f 823/415/225 835/427/237 834/426/236 822/414/224
f 824/416/226 836/428/238 835/427/237 823/415/225
f 825/417/227 837/429/239 836/428/238 824/416/226
f 826/418/228 838/430/240 837/429/239 825/417/227
f 827/419/229 839/431/241 838/430/240 826/418/228
f 828/420/230 840/432/242 839/431/241 827/419/229
f 830/421/231 842/433/243 841/434/244 829/422/232
f 831/423/233 843/435/245 842/433/243 830/421/231
f 832/424/234 844/436/246 843/435/245 831/423/233
f 833/425/235 845/437/247 844/436/246 832/424/234
f 834/426/236 846/438/248 845/437/247 833/425/235
f 835/427/237 847/439/249 846/438/248 834/426/236
f 836/428/238 848/440/250 847/439/249 835/427/237
f 837/429/239 849/441/251 848/440/250 836/428/238
f 838/430/240 850/442/252 849/441/251 837/429/239
f 839/431/241 851/443/253 850/442/252 838/430/240
f 840/432/242 852/444/254 851/443/253 839/431/241
f 842/433/243 854/445/255 853/446/256 841/434/244
f 843/435/245 855/447/257 854/445/255 842/433/243
f 844/436/246 856/448/258 855/447/257 843/435/245
f 845/437/247 857/449/259 856/448/258 844/436/246
f 846/438/248 858/450/260 857/449/259 845/437/247
f 847/439/249 859/451/261 858/450/260 846/438/248
f 848/440/250 860/452/262 859/451/261 847/439/249
f 849/441/251 861/453/263 860/452/262 848/440/250
f 850/442/252 862/454/264 861/453/263 849/441/251
f 851/443/253 863/455/265 862/454/264 850/442/252
f 852/444/254 864/456/266 863/455/265 851/443/253
f 854/445/255 866/457/267 865/458/268 853/446/256
f 855/447/257 867/459/269 866/457/267 854/445/255
f 856/448/258 868/460/270 867/459/269 855/447/257
f 857/449/259 869/461/271 868/460/270 856/448/258
f 858/450/260 870/462/272 869/461/271 857/449/259
f 859/451/261 871/463/273 870/462/272 858/450/260
f 860/452/262 872/464/274 871/463/273 859/451/261
f 861/453/263 873/465/275 872/464/274 860/452/262
f 862/454/264 874/466/276 873/465/275 861/453/263
f 863/455/265 875/467/277 874/466/276 862/454/264
f 864/456/266 876/468/278 875/467/277 863/455/265
f 866/457/267 878/469/279 877/470/280 865/458/268
f 867/459/269 879/471/281 878/469/279 866/457/267
f 868/460/270 880/472/282 879/471/281 867/459/269
f 869/461/271 881/473/283 880/472/282 868/460/270
f 870/462/272 882/474/284 881/473/283 869/461/271
f 871/463/273 883/475/285 882/474/284 870/462/272
f 872/464/274 884/476/286 883/475/285 871/463/273
f 873/465/275 885/477/287 884/476/286 872/464/274
f 874/466/276 886/478/288 885/477/287 873/465/275
f 875/467/277 887/479/289 886/478/288 874/466/276
f 876/468/278 888/480/290 887/479/289 875/467/277
f 878/469/279 890/481/291 889/482/292 877/470/280
f 879/471/281 891/483/293 890/481/291 878/469/279
f 880/472/282 892/484/294 891/483/293 879/471/281
f 881/473/283 893/485/295 892/484/294 880/472/282
f 882/474/284 894/486/296 893/485/295 881/473/283
f 883/475/285 895/487/297 894/486/296 882/474/284
f 884/476/286 896/488/298 895/487/297 883/475/285
f 885/477/287 897/489/299 896/488/298 884/476/286
f 886/478/288 898/490/300 897/489/299 885/477/287
f 887/479/289 899/491/301 898/490/300 886/478/288
f 888/480/290 900/492/302 899/491/301 887/479/289
f 890/481/291 902/493/291 901/494/292 889/482/292
f 891/483/293 903/495/293 902/493/291 890/481/291
f 892/484/294 904/496/294 903/495/293 891/483/293
f 893/485/295 905/497/295 904/496/294 892/484/294
f 894/486/296 906/498/296 905/497/295 893/485/295
f 895/487/297 907/499/297 906/498/296 894/486/296
f 896/488/298 908/500/298 907/499/297 895/487/297
f 897/489/299 909/501/299 908/500/298 896/488/298
f 898/490/300 910/502/300 909/501/299 897/489/299
f 899/491/301 911/503/301 910/502/300 898/490/300
f 900/492/302 912/504/302 911/503/301 899/491/301
f 902/493/291 914/505/291 913/506/292 901/494/292
f 903/495/293 915/507/293 914/505/291 902/493/291
f 904/496/294 916/508/294 915/507/293 903/495/293
f 905/497/295 917/509/295 916/508/294 904/496/294
f 906/498/296 918/510/296 917/509/295 905/497/295
f 907/499/297 919/511/297 918/510/296 906/498/296
f 908/500/298 920/512/298 919/511/297 907/499/297
f 909/501/299 921/513/299 920/512/298 908/500/298
f 910/502/300 922/514/300 921/513/299 909/501/299
f 911/503/301 923/515/301 922/514/300 910/502/300
f 912/504/302 924/516/302 923/515/301 911/503/301
f 914/505/291 926/517/291 925/518/292 913/506/292
f 915/507/293 927/519/293 926/517/291 914/505/291
f 916/508/294 928/520/294 927/519/293 915/507/293
f 917/509/295 929/521/295 928/520/294 916/508/294
f 918/510/296 930/522/296 929/521/295 917/509/295
f 919/511/297 931/523/297 930/522/296 918/510/296
f 920/512/298 932/524/298 931/523/297 919/511/297
f 921/513/299 933/525/299 932/524/298 920/512/298
f 922/514/300 934/526/300 933/525/299 921/513/299
f 923/515/301 935/527/301 934/526/300 922/514/300
f 924/516/302 936/528/302 935/527/301 923/515/301
f 926/517/291 938/529/303 937/530/304 925/518/292
f 927/519/293 939/531/305 938/529/303 926/517/291
f 928/520/294 940/532/306 939/531/305 927/519/293
f 929/521/295 941/533/307 940/532/306 928/520/294
f 930/522/296 942/534/308 941/533/307 929/521/295
f 931/523/297 943/535/309 942/534/308 930/522/296
f 932/524/298 944/536/310 943/535/309 931/523/297
f 933/525/299 945/537/311 944/536/310 932/524/298
f 934/526/300 946/538/312 945/537/311 933/525/299
f 935/527/301 947/539/313 946/538/312 934/526/300
f 936/528/302 948/540/314 947/539/313 935/527/301
f 938/529/303 950/541/315 949/542/316 937/530/304
f 939/531/305 951/543/317 950/541/315 938/529/303
f 940/532/306 952/544/318 951/543/317 939/531/305
f 941/533/307 953/545/319 952/544/318 940/532/306
f 942/534/308 954/546/320 953/545/319 941/533/307
f 943/535/309 955/547/321 954/546/320 942/534/308
f 944/536/310 956/548/322 955/547/321 943/535/309
f 945/537/311 957/549/323 956/548/322 944/536/310
f 946/538/312 958/550/324 957/549/323 945/537/311
f 947/539/313 959/551/325 958/550/324 946/538/312
f 948/540/314 960/552/326 959/551/325 947/539/313
f 950/541/315 962/553/327 961/554/328 949/542/316
f 951/543/317 963/555/329 962/553/327 950/541/315
f 952/544/318 964/556/330 963/555/329 951/543/317
f 953/545/319 965/557/331 964/556/330 952/544/318
f 954/546/320 966/558/332 965/557/331 953/545/319
f 955/547/321 967/559/333 966/558/332 954/546/320
f 956/548/322 968/560/334 967/559/333 955/547/321
f 957/549/323 969/561/335 968/560/334 956/548/322
f 958/550/324 970/562/336 969/561/335 957/549/323
f 959/551/325 971/563/337 970/562/336 958/550/324
f 960/552/326 972/564/338 971/563/337 959/551/325
f 962/553/327 974/565/339 973/566/340 961/554/328
f 963/555/329 975/567/341 974/565/339 962/553/327
f 964/556/330 976/568/342 975/567/341 963/555/329
f 965/557/331 977/569/343 976/568/342 964/556/330
f 966/558/332 978/570/344 977/569/343 965/557/331
f 967/559/333 979/571/345 978/570/344 966/558/332
f 968/560/334 980/572/346 979/571/345 967/559/333
f 969/561/335 981/573/347 980/572/346 968/560/334
f 970/562/336 982/574/348 981/573/347 969/561/335
f 971/563/337 983/575/349 982/574/348 970/562/336
f 972/564/338 984/576/350 983/575/349 971/563/337
f 974/565/339 986/577/351 985/578/352 973/566/340
f 975/567/341 987/579/353 986/577/351 974/565/339
f 976/568/342 988/580/354 987/579/353 975/567/341
f 977/569/343 989/581/355 988/580/354 976/568/342
f 978/570/344 990/582/356 989/581/355 977/569/343
f 979/571/345 991/583/357 990/582/356 978/570/344
f 980/572/346 992/584/358 991/583/357 979/571/345
f 981/573/347 993/585/359 992/584/358 980/572/346
f 982/574/348 994/586/360 993/585/359 981/573/347
f 983/575/349 995/587/361 994/586/360 982/574/348
f 984/576/350 996/588/362 995/587/361 983/575/349
f 986/577/351 998/589/363 997/590/364 985/578/352
f 987/579/353 999/591/365 998/589/363 986/577/351
f 988/580/354 1000/592/366 999/591/365 987/579/353
f 989/581/355 1001/593/367 1000/592/366 988/580/354
f 990/582/356 1002/594/368 1001/593/367 989/581/355
f 991/583/357 1003/595/369 1002/594/368 990/582/356
f 992/584/358 1004/596/370 1003/595/369 991/583/357
f 993/585/359 1005/597/371 1004/596/370 992/584/358
f 994/586/360 1006/598/372 1005/597/371 993/585/359
f 995/587/361 1007/599/373 1006/598/372 994/586/360
f 996/588/362 1008/600/374 1007/599/373 995/587/361
f 998/589/363 1010/601/3 1009/602/6 997/590/364
f 999/591/365 1011/603/7 1010/601/3 998/589/363
f 1000/592/366 1012/604/9 1011/603/7 999/591/365
f 1001/593/367 1013/605/11 1012/604/9 1000/592/366
f 1002/594/368 1014/606/13 1013/605/11 1001/593/367
f 1003/595/369 1015/607/15 1014/606/13 1002/594/368
f 1004/596/370 1016/608/17 1015/607/15 1003/595/369
f 1005/597/371 1017/609/19 1016/608/17 1004/596/370
f 1006/598/372 1018/610/21 1017/609/19 1005/597/371
f 1007/599/373 1019/611/23 1018/610/21 1006/598/372
f 1008/600/374 1020/612/25 1019/611/23 1007/599/373
f 1010/601/3 1022/613/375 1021/614/376 1009/602/6
f 1011/603/7 1023/615/377 1022/613/375 1010/601/3
f 1012/604/9 1024/616/378 1023/615/377 1011/603/7
f 1013/605/11 1025/617/379 1024/616/378 1012/604/9
f 1014/606/13 1026/618/380 1025/617/379 1013/605/11
f 1015/607/15 1027/619/381 1026/618/380 1014/606/13
f 1016/608/17 1028/620/382 1027/619/381 1015/607/15
f 1017/609/19 1029/621/383 1028/620/382 1016/608/17
f 1018/610/21 1030/622/384 1029/621/383 1017/609/19
f 1019/611/23 1031/623/385 1030/622/384 1018/610/21
f 1020/612/25 1032/624/386 1031/623/385 1019/611/23
f 1022/613/375 1034/625/387 1033/626/388 1021/614/376
f 1023/615/377 1035/627/389 1034/625/387 1022/613/375
f 1024/616/378 1036/628/390 1035/627/389 1023/615/377
f 1025/617/379 1037/629/391 1036/628/390 1024/616/378
f 1026/618/380 1038/630/392 1037/629/391 1025/617/379
f 1027/619/381 1039/631/393 1038/630/392 1026/618/380
f 1028/620/382 1040/632/394 1039/631/393 1027/619/381
f 1029/621/383 1041/633/395 1040/632/394 1028/620/382
f 1030/622/384 1042/634/396 1041/633/395 1029/621/383
f 1031/623/385 1043/635/397 1042/634/396 1030/622/384
f 1032/624/386 1044/636/398 1043/635/397 1031/623/385
f 1034/625/387 1046/637/399 1045/638/400 1033/626/388
f 1035/627/389 1047/639/401 1046/637/399 1034/625/387
f 1036/628/390 1048/640/402 1047/639/401 1035/627/389
f 1037/629/391 1049/641/403 1048/640/402 1036/628/390
f 1038/630/392 1050/642/404 1049/641/403 1037/629/391
f 1039/631/393 1051/643/405 1050/642/404 1038/630/392
f 1040/632/394 1052/644/406 1051/643/405 1039/631/393
f 1041/633/395 1053/645/407 1052/644/406 1040/632/394
f 1042/634/396 1054/646/408 1053/645/407 1041/633/395
f 1043/635/397 1055/647/409 1054/646/408 1042/634/396
f 1044/636/398 1056/648/410 1055/647/409 1043/635/397
f 1046/637/399 1058/649/411 1057/650/412 1045/638/400
f 1047/639/401 1059/651/413 1058/649/411 1046/637/399
f 1048/640/402 1060/652/414 1059/651/413 1047/639/401
f 1049/641/403 1061/653/415 1060/652/414 1048/640/402
f 1050/642/404 1062/654/416 1061/653/415 1049/641/403
f 1051/643/405 1063/655/417 1062/654/416 1050/642/404
f 1052/644/406 1064/656/418 1063/655/417 1051/643/405
f 1053/645/407 1065/657/419 1064/656/418 1052/644/406
f 1054/646/408 1066/658/420 1065/657/419 1053/645/407
f 1055/647/409 1067/659/421 1066/658/420 1054/646/408
f 1056/648/410 1068/660/422 1067/659/421 1055/647/409
f 1058/649/411 1070/661/423 1069/662/424 1057/650/412
f 1059/651/413 1071/663/425 1070/661/423 1058/649/411
f 1060/652/414 1072/664/426 1071/663/425 1059/651/413
f 1061/653/415 1073/665/427 1072/664/426 1060/652/414
f 1062/654/416 1074/666/428 1073/665/427 1061/653/415
f 1063/655/417 1075/667/429 1074/666/428 1062/654/416
f 1064/656/418 1076/668/430 1075/667/429 1063/655/417
f 1065/657/419 1077/669/431 1076/668/430 1064/656/418
f 1066/658/420 1078/670/432 1077/669/431 1065/657/419
f 1067/659/421 1079/671/433 1078/670/432 1066/658/420
f 1068/660/422 1080/672/434 1079/671/433 1067/659/421
f 1070/661/423 1082/673/435 1081/674/436 1069/662/424
f 1071/663/425 1083/675/437 1082/673/435 1070/661/423
f 1072/664/426 1084/676/438 1083/675/437 1071/663/425
f 1073/665/427 1085/677/439 1084/676/438 1072/664/426
f 1074/666/428 1086/678/440 1085/677/439 1073/665/427
f 1075/667/429 1087/679/441 1086/678/440 1074/666/428
f 1076/668/430 1088/680/442 1087/679/441 1075/667/429
f 1077/669/431 1089/681/443 1088/680/442 1076/668/430
f 1078/670/432 1090/682/444 1089/681/443 1077/669/431
f 1079/671/433 1091/683/445 1090/682/444 1078/670/432
f 1080/672/434 1092/684/446 1091/683/445 1079/671/433
f 1082/673/435 1094/685/3 1093/686/6 1081/674/436
f 1083/675/437 1095/687/7 1094/685/3 1082/673/435
f 1084/676/438 1096/688/9 1095/687/7 1083/675/437
f 1085/677/439 1097/689/11 1096/688/9 1084/676/438
f 1086/678/440 1098/690/13 1097/689/11 1085/677/439
f 1087/679/441 1099/691/15 1098/690/13 1086/678/440
f 1088/680/442 1100/692/17 1099/691/15 1087/679/441
f 1089/681/443 1101/693/19 1100/692/17 1088/680/442
f 1090/682/444 1102/694/21 1101/693/19 1089/681/443
f 1091/683/445 1103/695/23 1102/694/21 1090/682/444
f 1092/684/446 1104/696/25 1103/695/23 1091/683/445
f 1094/685/3 1106/697/447 1105/698/448 1093/686/6
f 1095/687/7 1107/699/449 1106/697/447 1094/685/3
f 1096/688/9 1108/700/450 1107/699/449 1095/687/7
f 1097/689/11 1109/701/451 1108/700/450 1096/688/9
f 1098/690/13 1110/702/452 1109/701/451 1097/689/11
f 1099/691/15 1111/703/453 1110/702/452 1098/690/13
f 1100/692/17 1112/704/454 1111/703/453 1099/691/15
f 1101/693/19 1113/705/455 1112/704/454 1100/692/17
f 1102/694/21 1114/706/456 1113/705/455 1101/693/19
f 1103/695/23 1115/707/457 1114/706/456 1102/694/21
f 1104/696/25 1116/708/458 1115/707/457 1103/695/23
f 1106/697/447 1118/709/459 1117/710/460 1105/698/448
f 1107/699/449 1119/711/461 1118/709/459 1106/697/447
f 1108/700/450 1120/712/462 1119/711/461 1107/699/449
f 1109/701/451 1121/713/463 1120/712/462 1108/700/450
f 1110/702/452 1122/714/464 1121/713/463 1109/701/451
f 1111/703/453 1123/715/465 1122/714/464 1110/702/452
f 1112/704/454 1124/716/466 1123/715/465 1111/703/453
f 1113/705/455 1125/717/467 1124/716/466 1112/704/454
f 1114/706/456 1126/718/468 1125/717/467 1113/705/455
f 1115/707/457 1127/719/469 1126/718/468 1114/706/456
f 1116/708/458 1128/720/470 1127/719/469 1115/707/457
f 1118/709/459 1130/721/471 1129/722/472 1117/710/460
f 1119/711/461 1131/723/473 1130/721/471 1118/709/459
f 1120/712/462 1132/724/474 1131/723/473 1119/711/461
f 1121/713/463 1133/725/475 1132/724/474 1120/712/462
f 1122/714/464 1134/726/476 1133/725/475 1121/713/463
f 1123/715/465 1135/727/477 1134/726/476 1122/714/464
f 1124/716/466 1136/728/478 1135/727/477 1123/715/465
f 1125/717/467 1137/729/479 1136/728/478 1124/716/466
f 1126/718/468 1138/730/480 1137/729/479 1125/717/467
f 1127/719/469 1139/731/481 1138/730/480 1126/718/468
f 1128/720/470 1140/732/482 1139/731/481 1127/719/469
f 1130/721/471 1142/733/483 1141/734/484 1129/722/472
f 1131/723/473 1143/735/485 1142/733/483 1130/721/471
f 1132/724/474 1144/736/486 1143/735/485 1131/723/473
f 1133/725/475 1145/737/487 1144/736/486 1132/724/474
f 1134/726/476 1146/738/488 1145/737/487 1133/725/475
f 1135/727/477 1147/739/489 1146/738/488 1134/726/476
f 1136/728/478 1148/740/490 1147/739/489 1135/727/477
f 1137/729/479 1149/741/491 1148/740/490 1136/728/478
f 1138/730/480 1150/742/492 1149/741/491 1137/729/479
f 1139/731/481 1151/743/493 1150/742/492 1138/730/480
f 1140/732/482 1152/744/494 1151/743/493 1139/731/481
f 1142/733/483 1154/745/495 1153/746/496 1141/734/484
f 1143/735/485 1155/747/497 1154/745/495 1142/733/483
f 1144/736/486 1156/748/498 1155/747/497 1143/735/485
f 1145/737/487 1157/749/499 1156/748/498 1144/736/486
f 1146/738/488 1158/750/500 1157/749/499 1145/737/487
f 1147/739/489 1159/751/501 1158/750/500 1146/738/488
f 1148/740/490 1160/752/502 1159/751/501 1147/739/489
f 1149/741/491 1161/753/503 1160/752/502 1148/740/490
f 1150/742/492 1162/754/504 1161/753/503 1149/741/491
f 1151/743/493 1163/755/505 1162/754/504 1150/742/492
f 1152/744/494 1164/756/506 1163/755/505 1151/743/493
f 1154/745/495 1166/757/507 1165/758/508 1153/746/496
f 1155/747/497 1167/759/509 1166/757/507 1154/745/495
f 1156/748/498 1168/760/510 1167/759/509 1155/747/497
f 1157/749/499 1169/761/511 1168/760/510 1156/748/498
f 1158/750/500 1170/762/512 1169/761/511 1157/749/499
f 1159/751/501 1171/763/513 1170/762/512 1158/750/500
f 1160/752/502 1172/764/514 1171/763/513 1159/751/501
f 1161/753/503 1173/765/515 1172/764/514 1160/752/502
f 1162/754/504 1174/766/516 1173/765/515 1161/753/503
f 1163/755/505 1175/767/517 1174/766/516 1162/754/504
f 1164/756/506 1176/768/518 1175/767/517 1163/755/505
f 1166/757/507 1178/769/519 1177/770/520 1165/758/508
f 1167/759/509 1179/771/521 1178/769/519 1166/757/507
f 1168/760/510 1180/772/522 1179/771/521 1167/759/509
f 1169/761/511 1181/773/523 1180/772/522 1168/760/510
f 1170/762/512 1182/774/524 1181/773/523 1169/761/511
f 1171/763/513 1183/775/525 1182/774/524 1170/762/512
f 1172/764/514 1184/776/526 1183/775/525 1171/763/513
f 1173/765/515 1185/777/527 1184/776/526 1172/764/514
f 1174/766/516 1186/778/528 1185/777/527 1173/765/515
f 1175/767/517 1187/779/529 1186/778/528 1174/766/516
f 1176/768/518 1188/780/530 1187/779/529 1175/767/517
f 1178/769/519 1190/781/531 1189/782/532 1177/770/520
f 1179/771/521 1191/783/533 1190/781/531 1178/769/519
f 1180/772/522 1192/784/534 1191/783/533 1179/771/521
f 1181/773/523 1193/785/535 1192/784/534 1180/772/522
f 1182/774/524 1194/786/536 1193/785/535 1181/773/523
f 1183/775/525 1195/787/537 1194/786/536 1182/774/524
f 1184/776/526 1196/788/538 1195/787/537 1183/775/525
f 1185/777/527 1197/789/539 1196/788/538 1184/776/526
f 1186/778/528 1198/790/540 1197/789/539 1185/777/527
f 1187/779/529 1199/791/541 1198/790/540 1186/778/528
f 1188/780/530 1200/792/542 1199/791/541 1187/779/529
f 1190/781/531 1202/793/543 1201/794/544 1189/782/532
f 1191/783/533 1203/795/545 1202/793/543 1190/781/531
f 1192/784/534 1204/796/546 1203/795/545 1191/783/533
f 1193/785/535 1205/797/547 1204/796/546 1192/784/534
f 1194/786/536 1206/798/548 1205/797/547 1193/785/535
f 1195/787/537 1207/799/549 1206/798/548 1194/786/536
f 1196/788/538 1208/800/550 1207/799/549 1195/787/537
f 1197/789/539 1209/801/551 1208/800/550 1196/788/538
f 1198/790/540 1210/802/552 1209/801/551 1197/789/539
f 1199/791/541 1211/803/553 1210/802/552 1198/790/540
f 1200/792/542 1212/804/554 1211/803/553 1199/791/541
f 1202/793/543 1214/805/555 1213/806/556 1201/794/544
f 1203/795/545 1215/807/557 1214/805/555 1202/793/543
f 1204/796/546 1216/808/558 1215/807/557 1203/795/545
f 1205/797/547 1217/809/559 1216/808/558 1204/796/546
f 1206/798/548 1218/810/560 1217/809/559 1205/797/547
f 1207/799/549 1219/811/561 1218/810/560 1206/798/548
f 1208/800/550 1220/812/562 1219/811/561 1207/799/549
f 1209/801/551 1221/813/563 1220/812/562 1208/800/550
f 1210/802/552 1222/814/564 1221/813/563 1209/801/551
f 1211/803/553 1223/815/565 1222/814/564 1210/802/552
f 1212/804/554 1224/816/566 1223/815/565 1211/803/553
f 1214/805/555 1226/817/567 1225/818/568 1213/806/556
f 1215/807/557 1227/819/569 1226/817/567 1214/805/555
f 1216/808/558 1228/820/570 1227/819/569 1215/807/557
f 1217/809/559 1229/821/571 1228/820/570 1216/808/558
f 1218/810/560 1230/822/572 1229/821/571 1217/809/559
f 1219/811/561 1231/823/573 1230/822/572 1218/810/560
f 1220/812/562 1232/824/574 1231/823/573 1219/811/561
f 1221/813/563 1233/825/575 1232/824/574 1220/812/562
f 1222/814/564 1234/826/576 1233/825/575 1221/813/563
f 1223/815/565 1235/827/577 1234/826/576 1222/814/564
f 1224/816/566 1236/828/578 1235/827/577 1223/815/565
f 1226/817/567 650/242/51 649/6/54 1225/818/568
f 1227/819/569 651/243/55 650/242/51 1226/817/567
f 1228/820/570 652/244/57 651/243/55 1227/819/569
f 1229/821/571 653/245/59 652/244/57 1228/820/570
f 1230/822/572 654/246/61 653/245/59 1229/821/571
f 1231/823/573 655/247/63 654/246/61 1230/822/572
f 1232/824/574 656/248/65 655/247/63 1231/823/573
f 1233/825/575 657/249/67 656/248/65 1232/824/574
f 1234/826/576 658/250/69 657/249/67 1233/825/575
f 1235/827/577 659/251/71 658/250/69 1234/826/576
f 1236/828/578 660/252/73 659/251/71 1235/827/577
f 1238/198/579 1250/829/580 1249/830/581 1237/8/582
f 1239/200/583 1251/831/584 1250/829/580 1238/198/579
f 1240/202/585 1252/832/586 1251/831/584 1239/200/583
f 1241/204/587 1253/833/588 1252/832/586 1240/202/585
f 1242/206/589 1254/834/590 1253/833/588 1241/204/587
f 1243/208/591 1255/835/592 1254/834/590 1242/206/589
f 1244/210/593 1256/836/594 1255/835/592 1243/208/591
f 1245/212/595 1257/837/596 1256/836/594 1244/210/593
f 1246/214/597 1258/838/598 1257/837/596 1245/212/595
f 1247/216/599 1259/839/600 1258/838/598 1246/214/597
f 1248/218/601 1260/840/602 1259/839/600 1247/216/599
f 1250/829/580 1262/841/603 1261/164/604 1249/830/581
f 1251/831/584 1263/842/605 1262/841/603 1250/829/580
f 1252/832/586 1264/843/606 1263/842/605 1251/831/584
f 1253/833/588 1265/844/607 1264/843/606 1252/832/586
f 1254/834/590 1266/845/608 1265/844/607 1253/833/588
f 1255/835/592 1267/846/609 1266/845/608 1254/834/590
f 1256/836/594 1268/847/610 1267/846/609 1255/835/592
f 1257/837/596 1269/848/611 1268/847/610 1256/836/594
f 1258/838/598 1270/849/612 1269/848/611 1257/837/596
f 1259/839/600 1271/850/613 1270/849/612 1258/838/598
f 1260/840/602 1272/851/614 1271/850/613 1259/839/600
f 1262/841/603 1274/852/615 1273/853/616 1261/164/604
f 1263/842/605 1275/854/617 1274/852/615 1262/841/603
f 1264/843/606 1276/855/618 1275/854/617 1263/842/605
f 1265/844/607 1277/856/619 1276/855/618 1264/843/606
f 1266/845/608 1278/857/620 1277/856/619 1265/844/607
f 1267/846/609 1279/858/621 1278/857/620 1266/845/608
f 1268/847/610 1280/859/622 1279/858/621 1267/846/609
f 1269/848/611 1281/860/623 1280/859/622 1268/847/610
f 1270/849/612 1282/861/624 1281/860/623 1269/848/611
f 1271/850/613 1283/862/625 1282/861/624 1270/849/612
f 1272/851/614 1284/863/626 1283/862/625 1271/850/613
f 1274/852/615 1286/864/627 1285/165/628 1273/853/616
f 1275/854/617 1287/865/629 1286/864/627 1274/852/615
f 1276/855/618 1288/866/630 1287/865/629 1275/854/617
f 1277/856/619 1289/867/631 1288/866/630 1276/855/618
f 1278/857/620 1290/868/632 1289/867/631 1277/856/619
f 1279/858/621 1291/869/633 1290/868/632 1278/857/620
f 1280/859/622 1292/870/634 1291/869/633 1279/858/621
f 1281/860/623 1293/871/635 1292/870/634 1280/859/622
f 1282/861/624 1294/872/636 1293/871/635 1281/860/623
f 1283/862/625 1295/873/637 1294/872/636 1282/861/624
f 1284/863/626 1296/874/638 1295/873/637 1283/862/625
f 1286/864/627 1298/875/639 1297/876/640 1285/165/628
f 1287/865/629 1299/877/641 1298/875/639 1286/864/627
f 1288/866/630 1300/878/642 1299/877/641 1287/865/629
f 1289/867/631 1301/879/643 1300/878/642 1288/866/630
f 1290/868/632 1302/880/644 1301/879/643 1289/867/631
f 1291/869/633 1303/881/645 1302/880/644 1290/868/632
f 1292/870/634 1304/882/646 1303/881/645 1291/869/633
f 1293/871/635 1305/883/647 1304/882/646 1292/870/634
f 1294/872/636 1306/884/648 1305/883/647 1293/871/635
f 1295/873/637 1307/885/649 1306/884/648 1294/872/636
f 1296/874/638 1308/886/650 1307/885/649 1295/873/637
f 1298/875/639 1310/887/651 1309/160/652 1297/876/640
f 1299/877/641 1311/888/653 1310/887/651 1298/875/639
f 1300/878/642 1312/889/654 1311/888/653 1299/877/641
f 1301/879/643 1313/890/655 1312/889/654 1300/878/642
f 1302/880/644 1314/891/656 1313/890/655 1301/879/643
f 1303/881/645 1315/892/657 1314/891/656 1302/880/644
f 1304/882/646 1316/893/658 1315/892/657 1303/881/645
f 1305/883/647 1317/894/659 1316/893/658 1304/882/646
f 1306/884/648 1318/895/660 1317/894/659 1305/883/647
f 1307/885/649 1319/896/661 1318/895/660 1306/884/648
f 1308/886/650 1320/897/662 1319/896/661 1307/885/649
f 1310/887/651 1322/898/663 1321/899/664 1309/160/652
f 1311/888/653 1323/900/665 1322/898/663 1310/887/651
f 1312/889/654 1324/901/666 1323/900/665 1311/888/653
f 1313/890/655 1325/902/667 1324/901/666 1312/889/654
f 1314/891/656 1326/903/668 1325/902/667 1313/890/655
f 1315/892/657 1327/904/669 1326/903/668 1314/891/656
f 1316/893/658 1328/905/670 1327/904/669 1315/892/657
f 1317/894/659 1329/906/671 1328/905/670 1316/893/658
f 1318/895/660 1330/907/672 1329/906/671 1317/894/659
f 1319/896/661 1331/908/673 1330/907/672 1318/895/660
f 1320/897/662 1332/909/674 1331/908/673 1319/896/661
f 1322/898/663 1334/199/675 1333/148/676 1321/899/664
f 1323/900/665 1335/201/677 1334/199/675 1322/898/663
f 1324/901/666 1336/203/678 1335/201/677 1323/900/665
f 1325/902/667 1337/205/679 1336/203/678 1324/901/666
f 1326/903/668 1338/207/680 1337/205/679 1325/902/667
f 1327/904/669 1339/209/681 1338/207/680 1326/903/668
f 1328/905/670 1340/211/682 1339/209/681 1327/904/669
f 1329/906/671 1341/213/683 1340/211/682 1328/905/670
f 1330/907/672 1342/215/684 1341/213/683 1329/906/671
f 1331/908/673 1343/217/685 1342/215/684 1330/907/672
f 1332/909/674 1344/219/686 1343/217/685 1331/908/673
f 1334/199/675 1346/910/687 1345/911/688 1333/148/676
f 1335/201/677 1347/912/689 1346/910/687 1334/199/675
f 1336/203/678 1348/913/690 1347/912/689 1335/201/677
f 1337/205/679 1349/914/691 1348/913/690 1336/203/678
f 1338/207/680 1350/915/692 1349/914/691 1337/205/679
f 1339/209/681 1351/916/693 1350/915/692 1338/207/680
f 1340/211/682 1352/917/694 1351/916/693 1339/209/681
f 1341/213/683 1353/918/695 1352/917/694 1340/211/682
f 1342/215/684 1354/919/696 1353/918/695 1341/213/683
f 1343/217/685 1355/920/697 1354/919/696 1342/215/684
f 1344/219/686 1356/921/698 1355/920/697 1343/217/685
f 1346/910/687 1358/922/699 1357/143/700 1345/911/688
f 1347/912/689 1359/923/701 1358/922/699 1346/910/687
f 1348/913/690 1360/924/702 1359/923/701 1347/912/689
f 1349/914/691 1361/925/703 1360/924/702 1348/913/690
f 1350/915/692 1362/926/704 1361/925/703 1349/914/691
f 1351/916/693 1363/927/705 1362/926/704 1350/915/692
f 1352/917/694 1364/928/706 1363/927/705 1351/916/693
f 1353/918/695 1365/929/707 1364/928/706 1352/917/694
f 1354/919/696 1366/930/708 1365/929/707 1353/918/695
f 1355/920/697 1367/931/709 1366/930/708 1354/919/696
f 1356/921/698 1368/932/710 1367/931/709 1355/920/697
f 1358/922/699 1370/933/711 1369/934/712 1357/143/700
f 1359/923/701 1371/935/713 1370/933/711 1358/922/699
f 1360/924/702 1372/936/714 1371/935/713 1359/923/701
f 1361/925/703 1373/937/715 1372/936/714 1360/924/702
f 1362/926/704 1374/938/716 1373/937/715 1361/925/703
f 1363/927/705 1375/939/717 1374/938/716 1362/926/704
f 1364/928/706 1376/940/718 1375/939/717 1363/927/705
f 1365/929/707 1377/941/719 1376/940/718 1364/928/706
f 1366/930/708 1378/942/720 1377/941/719 1365/929/707
f 1367/931/709 1379/943/721 1378/942/720 1366/930/708
f 1368/932/710 1380/944/722 1379/943/721 1367/931/709
f 1370/933/711 1382/945/723 1381/140/724 1369/934/712
f 1371/935/713 1383/946/725 1382/945/723 1370/933/711
f 1372/936/714 1384/947/726 1383/946/725 1371/935/713
f 1373/937/715 1385/948/727 1384/947/726 1372/936/714
f 1374/938/716 1386/949/728 1385/948/727 1373/937/715
f 1375/939/717 1387/950/729 1386/949/728 1374/938/716
f 1376/940/718 1388/951/730 1387/950/729 1375/939/717
f 1377/941/719 1389/952/731 1388/951/730 1376/940/718
f 1378/942/720 1390/953/732 1389/952/731 1377/941/719
f 1379/943/721 1391/954/733 1390/953/732 1378/942/720
f 1380/944/722 1392/955/734 1391/954/733 1379/943/721
f 1382/945/723 1394/956/735 1393/957/736 1381/140/724
f 1383/946/725 1395/958/737 1394/956/735 1382/945/723
f 1384/947/726 1396/959/738 1395/958/737 1383/946/725
f 1385/948/727 1397/960/739 1396/959/738 1384/947/726
f 1386/949/728 1398/961/740 1397/960/739 1385/948/727
f 1387/950/729 1399/962/741 1398/961/740 1386/949/728
f 1388/951/730 1400/963/742 1399/962/741 1387/950/729
f 1389/952/731 1401/964/743 1400/963/742 1388/951/730
f 1390/953/732 1402/965/744 1401/964/743 1389/952/731
f 1391/954/733 1403/966/745 1402/965/744 1390/953/732
f 1392/955/734 1404/967/746 1403/966/745 1391/954/733
f 1394/956/735 1406/968/747 1405/137/748 1393/957/736
f 1395/958/737 1407/969/749 1406/968/747 1394/956/735
f 1396/959/738 1408/970/750 1407/969/749 1395/958/737
f 1397/960/739 1409/971/751 1408/970/750 1396/959/738
f 1398/961/740 1410/972/752 1409/971/751 1397/960/739
f 1399/962/741 1411/973/753 1410/972/752 1398/961/740
f 1400/963/742 1412/974/754 1411/973/753 1399/962/741
f 1401/964/743 1413/975/755 1412/974/754 1400/963/742
f 1402/965/744 1414/976/756 1413/975/755 1401/964/743
f 1403/966/745 1415/977/757 1414/976/756 1402/965/744
f 1404/967/746 1416/978/758 1415/977/757 1403/966/745
f 1406/968/747 1418/979/759 1417/980/760 1405/137/748
f 1407/969/749 1419/981/761 1418/979/759 1406/968/747
f 1408/970/750 1420/982/762 1419/981/761 1407/969/749
f 1409/971/751 1421/983/763 1420/982/762 1408/970/750
f 1410/972/752 1422/984/764 1421/983/763 1409/971/751
f 1411/973/753 1423/985/765 1422/984/764 1410/972/752
f 1412/974/754 1424/986/766 1423/985/765 1411/973/753
f 1413/975/755 1425/987/767 1424/986/766 1412/974/754
f 1414/976/756 1426/988/768 1425/987/767 1413/975/755
f 1415/977/757 1427/989/769 1426/988/768 1414/976/756
f 1416/978/758 1428/990/770 1427/989/769 1415/977/757
f 1418/979/759 1430/220/771 1429/134/772 1417/980/760
f 1419/981/761 1431/221/773 1430/220/771 1418/979/759
f 1420/982/762 1432/222/774 1431/221/773 1419/981/761
f 1421/983/763 1433/223/775 1432/222/774 1420/982/762
f 1422/984/764 1434/224/776 1433/223/775 1421/983/763
f 1423/985/765 1435/225/777 1434/224/776 1422/984/764
f 1424/986/766 1436/226/778 1435/225/777 1423/985/765
f 1425/987/767 1437/227/779 1436/226/778 1424/986/766
f 1426/988/768 1438/228/780 1437/227/779 1425/987/767
f 1427/989/769 1439/229/781 1438/228/780 1426/988/768
f 1428/990/770 1440/230/782 1439/229/781 1427/989/769
f 1430/220/771 1442/991/783 1441/992/784 1429/134/772
f 1431/221/773 1443/993/785 1442/991/783 1430/220/771
f 1432/222/774 1444/994/786 1443/993/785 1431/221/773
f 1433/223/775 1445/995/787 1444/994/786 1432/222/774
f 1434/224/776 1446/996/788 1445/995/787 1433/223/775
f 1435/225/777 1447/997/789 1446/996/788 1434/224/776
f 1436/226/778 1448/998/790 1447/997/789 1435/225/777
f 1437/227/779 1449/999/791 1448/998/790 1436/226/778
f 1438/228/780 1450/1000/792 1449/999/791 1437/227/779
f 1439/229/781 1451/1001/793 1450/1000/792 1438/228/780
f 1440/230/782 1452/1002/794 1451/1001/793 1439/229/781
f 1442/991/783 1454/1003/795 1453/131/796 1441/992/784
f 1443/993/785 1455/1004/797 1454/1003/795 1442/991/783
f 1444/994/786 1456/1005/798 1455/1004/797 1443/993/785
f 1445/995/787 1457/1006/799 1456/1005/798 1444/994/786
f 1446/996/788 1458/1007/800 1457/1006/799 1445/995/787
f 1447/997/789 1459/1008/801 1458/1007/800 1446/996/788
f 1448/998/790 1460/1009/802 1459/1008/801 1447/997/789
f 1449/999/791 1461/1010/803 1460/1009/802 1448/998/790
f 1450/1000/792 1462/1011/804 1461/1010/803 1449/999/791
f 1451/1001/793 1463/1012/805 1462/1011/804 1450/1000/792
f 1452/1002/794 1464/1013/806 1463/1012/805 1451/1001/793
f 1454/1003/795 1466/1014/807 1465/1015/808 1453/131/796
f 1455/1004/797 1467/1016/809 1466/1014/807 1454/1003/795
f 1456/1005/798 1468/1017/810 1467/1016/809 1455/1004/797
f 1457/1006/799 1469/1018/811 1468/1017/810 1456/1005/798
f 1458/1007/800 1470/1019/812 1469/1018/811 1457/1006/799
f 1459/1008/801 1471/1020/813 1470/1019/812 1458/1007/800
f 1460/1009/802 1472/1021/814 1471/1020/813 1459/1008/801
f 1461/1010/803 1473/1022/815 1472/1021/814 1460/1009/802
f 1462/1011/804 1474/1023/816 1473/1022/815 1461/1010/803
f 1463/1012/805 1475/1024/817 1474/1023/816 1462/1011/804
f 1464/1013/806 1476/1025/818 1475/1024/817 1463/1012/805
f 1466/1014/807 1478/1026/819 1477/125/820 1465/1015/808
f 1467/1016/809 1479/1027/821 1478/1026/819 1466/1014/807
f 1468/1017/810 1480/1028/822 1479/1027/821 1467/1016/809
f 1469/1018/811 1481/1029/823 1480/1028/822 1468/1017/810
f 1470/1019/812 1482/1030/824 1481/1029/823 1469/1018/811
f 1471/1020/813 1483/1031/825 1482/1030/824 1470/1019/812
f 1472/1021/814 1484/1032/826 1483/1031/825 1471/1020/813
f 1473/1022/815 1485/1033/827 1484/1032/826 1472/1021/814
f 1474/1023/816 1486/1034/828 1485/1033/827 1473/1022/815
f 1475/1024/817 1487/1035/829 1486/1034/828 1474/1023/816
f 1476/1025/818 1488/1036/830 1487/1035/829 1475/1024/817
f 1478/1026/819 1490/1037/831 1489/1038/832 1477/125/820
f 1479/1027/821 1491/1039/833 1490/1037/831 1478/1026/819
f 1480/1028/822 1492/1040/834 1491/1039/833 1479/1027/821
f 1481/1029/823 1493/1041/835 1492/1040/834 1480/1028/822
f 1482/1030/824 1494/1042/836 1493/1041/835 1481/1029/823
f 1483/1031/825 1495/1043/837 1494/1042/836 1482/1030/824
f 1484/1032/826 1496/1044/838 1495/1043/837 1483/1031/825
f 1485/1033/827 1497/1045/839 1496/1044/838 1484/1032/826
f 1486/1034/828 1498/1046/840 1497/1045/839 1485/1033/827
f 1487/1035/829 1499/1047/841 1498/1046/840 1486/1034/828
f 1488/1036/830 1500/1048/842 1499/1047/841 1487/1035/829
f 1490/1037/831 1502/1049/843 1501/141/844 1489/1038/832
f 1491/1039/833 1503/1050/845 1502/1049/843 1490/1037/831
f 1492/1040/834 1504/1051/846 1503/1050/845 1491/1039/833
f 1493/1041/835 1505/1052/847 1504/1051/846 1492/1040/834
f 1494/1042/836 1506/1053/848 1505/1052/847 1493/1041/835
f 1495/1043/837 1507/1054/849 1506/1053/848 1494/1042/836
f 1496/1044/838 1508/1055/850 1507/1054/849 1495/1043/837
f 1497/1045/839 1509/1056/851 1508/1055/850 1496/1044/838
f 1498/1046/840 1510/1057/852 1509/1056/851 1497/1045/839
f 1499/1047/841 1511/1058/853 1510/1057/852 1498/1046/840
f 1500/1048/842 1512/1059/854 1511/1058/853 1499/1047/841
f 1502/1049/843 1514/1060/855 1513/1061/856 1501/141/844
f 1503/1050/845 1515/1062/857 1514/1060/855 1502/1049/843
f 1504/1051/846 1516/1063/858 1515/1062/857 1503/1050/845
f 1505/1052/847 1517/1064/859 1516/1063/858 1504/1051/846
f 1506/1053/848 1518/1065/860 1517/1064/859 1505/1052/847
f 1507/1054/849 1519/1066/861 1518/1065/860 1506/1053/848
f 1508/1055/850 1520/1067/862 1519/1066/861 1507/1054/849
f 1509/1056/851 1521/1068/863 1520/1067/862 1508/1055/850
f 1510/1057/852 1522/1069/864 1521/1068/863 1509/1056/851
f 1511/1058/853 1523/1070/865 1522/1069/864 1510/1057/852
f 1512/1059/854 1524/1071/866 1523/1070/865 1511/1058/853
f 1514/1060/855 1526/231/867 1525/126/868 1513/1061/856
f 1515/1062/857 1527/232/869 1526/231/867 1514/1060/855
f 1516/1063/858 1528/233/870 1527/232/869 1515/1062/857
f 1517/1064/859 1529/234/871 1528/233/870 1516/1063/858
f 1518/1065/860 1530/235/872 1529/234/871 1517/1064/859
f 1519/1066/861 1531/236/873 1530/235/872 1518/1065/860
f 1520/1067/862 1532/237/874 1531/236/873 1519/1066/861
f 1521/1068/863 1533/238/875 1532/237/874 1520/1067/862
f 1522/1069/864 1534/239/876 1533/238/875 1521/1068/863
f 1523/1070/865 1535/240/877 1534/239/876 1522/1069/864
f 1524/1071/866 1536/241/878 1535/240/877 1523/1070/865
f 1526/231/867 1538/1072/879 1537/1073/880 1525/126/868
f 1527/232/869 1539/1074/881 1538/1072/879 1526/231/867
f 1528/233/870 1540/1075/882 1539/1074/881 1527/232/869
f 1529/234/871 1541/1076/883 1540/1075/882 1528/233/870
f 1530/235/872 1542/1077/884 1541/1076/883 1529/234/871
f 1531/236/873 1543/1078/885 1542/1077/884 1530/235/872
f 1532/237/874 1544/1079/886 1543/1078/885 1531/236/873
f 1533/238/875 1545/1080/887 1544/1079/886 1532/237/874
f 1534/239/876 1546/1081/888 1545/1080/887 1533/238/875
f 1535/240/877 1547/1082/889 1546/1081/888 1534/239/876
f 1536/241/878 1548/1083/890 1547/1082/889 1535/240/877
f 1538/1072/879 1550/1084/891 1549/129/892 1537/1073/880
f 1539/1074/881 1551/1085/893 1550/1084/891 1538/1072/879
f 1540/1075/882 1552/1086/894 1551/1085/893 1539/1074/881
f 1541/1076/883 1553/1087/895 1552/1086/894 1540/1075/882
f 1542/1077/884 1554/1088/896 1553/1087/895 1541/1076/883
f 1543/1078/885 1555/1089/897 1554/1088/896 1542/1077/884
f 1544/1079/886 1556/1090/898 1555/1089/897 1543/1078/885
f 1545/1080/887 1557/1091/899 1556/1090/898 1544/1079/886
f 1546/1081/888 1558/1092/900 1557/1091/899 1545/1080/887
f 1547/1082/889 1559/1093/901 1558/1092/900 1546/1081/888
f 1548/1083/890 1560/1094/902 1559/1093/901 1547/1082/889
f 1550/1084/891 1562/1095/903 1561/1096/904 1549/129/892
f 1551/1085/893 1563/1097/905 1562/1095/903 1550/1084/891
f 1552/1086/894 1564/1098/906 1563/1097/905 1551/1085/893
f 1553/1087/895 1565/1099/907 1564/1098/906 1552/1086/894
f 1554/1088/896 1566/1100/908 1565/1099/907 1553/1087/895
f 1555/1089/897 1567/1101/909 1566/1100/908 1554/1088/896
f 1556/1090/898 1568/1102/910 1567/1101/909 1555/1089/897
f 1557/1091/899 1569/1103/911 1568/1102/910 1556/1090/898
f 1558/1092/900 1570/1104/912 1569/1103/911 1557/1091/899
f 1559/1093/901 1571/1105/913 1570/1104/912 1558/1092/900
f 1560/1094/902 1572/1106/914 1571/1105/913 1559/1093/901
f 1562/1095/903 1574/1107/915 1573/158/916 1561/1096/904
f 1563/1097/905 1575/1108/917 1574/1107/915 1562/1095/903
f 1564/1098/906 1576/1109/918 1575/1108/917 1563/1097/905
f 1565/1099/907 1577/1110/919 1576/1109/918 1564/1098/906
f 1566/1100/908 1578/1111/920 1577/1110/919 1565/1099/907
f 1567/1101/909 1579/1112/921 1578/1111/920 1566/1100/908
f 1568/1102/910 1580/1113/922 1579/1112/921 1567/1101/909
f 1569/1103/911 1581/1114/923 1580/1113/922 1568/1102/910
f 1570/1104/912 1582/1115/924 1581/1114/923 1569/1103/911
f 1571/1105/913 1583/1116/925 1582/1115/924 1570/1104/912
f 1572/1106/914 1584/1117/926 1583/1116/925 1571/1105/913
f 1574/1107/915 1586/1118/927 1585/1119/928 1573/158/916
f 1575/1108/917 1587/1120/929 1586/1118/927 1574/1107/915
f 1576/1109/918 1588/1121/930 1587/1120/929 1575/1108/917
f 1577/1110/919 1589/1122/931 1588/1121/930 1576/1109/918
f 1578/1111/920 1590/1123/932 1589/1122/931 1577/1110/919
f 1579/1112/921 1591/1124/933 1590/1123/932 1578/1111/920
f 1580/1113/922 1592/1125/934 1591/1124/933 1579/1112/921
f 1581/1114/923 1593/1126/935 1592/1125/934 1580/1113/922
f 1582/1115/924 1594/1127/936 1593/1126/935 1581/1114/923
f 1583/1116/925 1595/1128/937 1594/1127/936 1582/1115/924
f 1584/1117/926 1596/1129/938 1595/1128/937 1583/1116/925
f 1586/1118/927 1598/1130/939 1597/153/940 1585/1119/928
f 1587/1120/929 1599/1131/941 1598/1130/939 1586/1118/927
f 1588/1121/930 1600/1132/942 1599/1131/941 1587/1120/929
f 1589/1122/931 1601/1133/943 1600/1132/942 1588/1121/930
f 1590/1123/932 1602/1134/944 1601/1133/943 1589/1122/931
f 1591/1124/933 1603/1135/945 1602/1134/944 1590/1123/932
f 1592/1125/934 1604/1136/946 1603/1135/945 1591/1124/933
f 1593/1126/935 1605/1137/947 1604/1136/946 1592/1125/934
f 1594/1127/936 1606/1138/948 1605/1137/947 1593/1126/935
f 1595/1128/937 1607/1139/949 1606/1138/948 1594/1127/936
f 1596/1129/938 1608/1140/950 1607/1139/949 1595/1128/937
f 1598/1130/939 1610/1141/951 1609/1142/952 1597/153/940
f 1599/1131/941 1611/1143/953 1610/1141/951 1598/1130/939
f 1600/1132/942 1612/1144/954 1611/1143/953 1599/1131/941
f 1601/1133/943 1613/1145/955 1612/1144/954 1600/1132/942
f 1602/1134/944 1614/1146/956 1613/1145/955 1601/1133/943
f 1603/1135/945 1615/1147/957 1614/1146/956 1602/1134/944
f 1604/1136/946 1616/1148/958 1615/1147/957 1603/1135/945
f 1605/1137/947 1617/1149/959 1616/1148/958 1604/1136/946
f 1606/1138/948 1618/1150/960 1617/1149/959 1605/1137/947
f 1607/1139/949 1619/1151/961 1618/1150/960 1606/1138/948
f 1608/1140/950 1620/1152/962 1619/1151/961 1607/1139/949
f 1610/1141/951 1238/242/579 1237/6/582 1609/1142/952
f 1611/1143/953 1239/243/583 1238/242/579 1610/1141/951
f 1612/1144/954 1240/244/585 1239/243/583 1611/1143/953
f 1613/1145/955 1241/245/587 1240/244/585 1612/1144/954
f 1614/1146/956 1242/246/589 1241/245/587 1613/1145/955
f 1615/1147/957 1243/247/591 1242/246/589 1614/1146/956
f 1616/1148/958 1244/248/593 1243/247/591 1615/1147/957
f 1617/1149/959 1245/249/595 1244/248/593 1616/1148/958
f 1618/1150/960 1246/250/597 1245/249/595 1617/1149/959
f 1619/1151/961 1247/251/599 1246/250/597 1618/1150/960
f 1620/1152/962 1248/252/601 1247/251/599 1619/1151/961
f 1622/198/447 1634/1153/963 1633/1154/964 1621/8/448
f 1623/200/449 1635/1155/965 1634/1153/963 1622/198/447
f 1624/202/450 1636/1156/966 1635/1155/965 1623/200/449
f 1625/204/967 1637/1157/968 1636/1156/966 1624/202/450
f 1626/206/452 1638/1158/969 1637/1157/968 1625/204/967
f 1627/208/453 1639/1159/970 1638/1158/969 1626/206/452
f 1628/210/971 1640/1160/972 1639/1159/970 1627/208/453
f 1629/212/455 1641/1161/973 1640/1160/972 1628/210/971
f 1630/214/456 1642/1162/974 1641/1161/973 1629/212/455
f 1631/216/457 1643/1163/975 1642/1162/974 1630/214/456
f 1632/218/458 1644/1164/976 1643/1163/975 1631/216/457
f 1634/1153/963 1646/1165/977 1645/1166/978 1633/1154/964
f 1635/1155/965 1647/1167/979 1646/1165/977 1634/1153/963
f 1636/1156/966 1648/1168/980 1647/1167/979 1635/1155/965
f 1637/1157/968 1649/1169/981 1648/1168/980 1636/1156/966
f 1638/1158/969 1650/1170/982 1649/1169/981 1637/1157/968
f 1639/1159/970 1651/1171/983 1650/1170/982 1638/1158/969
f 1640/1160/972 1652/1172/984 1651/1171/983 1639/1159/970
f 1641/1161/973 1653/1173/985 1652/1172/984 1640/1160/972
f 1642/1162/974 1654/1174/986 1653/1173/985 1641/1161/973
f 1643/1163/975 1655/1175/987 1654/1174/986 1642/1162/974
f 1644/1164/976 1656/1176/988 1655/1175/987 1643/1163/975
f 1646/1165/977 1658/1177/989 1657/1178/990 1645/1166/978
f 1647/1167/979 1659/1179/991 1658/1177/989 1646/1165/977
f 1648/1168/980 1660/1180/992 1659/1179/991 1647/1167/979
f 1649/1169/981 1661/1181/993 1660/1180/992 1648/1168/980
f 1650/1170/982 1662/1182/994 1661/1181/993 1649/1169/981
f 1651/1171/983 1663/1183/995 1662/1182/994 1650/1170/982
f 1652/1172/984 1664/1184/996 1663/1183/995 1651/1171/983
f 1653/1173/985 1665/1185/997 1664/1184/996 1652/1172/984
f 1654/1174/986 1666/1186/998 1665/1185/997 1653/1173/985
f 1655/1175/987 1667/1187/999 1666/1186/998 1654/1174/986
f 1656/1176/988 1668/1188/1000 1667/1187/999 1655/1175/987
f 1658/1177/989 1670/1189/1001 1669/1190/1002 1657/1178/990
f 1659/1179/991 1671/1191/1003 1670/1189/1001 1658/1177/989
f 1660/1180/992 1672/1192/1004 1671/1191/1003 1659/1179/991
f 1661/1181/993 1673/1193/1005 1672/1192/1004 1660/1180/992
f 1662/1182/994 1674/1194/1006 1673/1193/1005 1661/1181/993
f 1663/1183/995 1675/1195/1007 1674/1194/1006 1662/1182/994
f 1664/1184/996 1676/1196/1008 1675/1195/1007 1663/1183/995
f 1665/1185/997 1677/1197/1009 1676/1196/1008 1664/1184/996
f 1666/1186/998 1678/1198/1010 1677/1197/1009 1665/1185/997
f 1667/1187/999 1679/1199/1011 1678/1198/1010 1666/1186/998
f 1668/1188/1000 1680/1200/1012 1679/1199/1011 1667/1187/999
f 1670/1189/1001 1682/1201/1013 1681/1202/1014 1669/1190/1002
f 1671/1191/1003 1683/1203/1015 1682/1201/1013 1670/1189/1001
f 1672/1192/1004 1684/1204/1016 1683/1203/1015 1671/1191/1003
f 1673/1193/1005 1685/1205/1017 1684/1204/1016 1672/1192/1004
f 1674/1194/1006 1686/1206/1018 1685/1205/1017 1673/1193/1005
f 1675/1195/1007 1687/1207/1019 1686/1206/1018 1674/1194/1006
f 1676/1196/1008 1688/1208/1020 1687/1207/1019 1675/1195/1007
f 1677/1197/1009 1689/1209/1021 1688/1208/1020 1676/1196/1008
f 1678/1198/1010 1690/1210/1022 1689/1209/1021 1677/1197/1009
f 1679/1199/1011 1691/1211/1023 1690/1210/1022 1678/1198/1010
f 1680/1200/1012 1692/1212/1024 1691/1211/1023 1679/1199/1011
f 1682/1201/1013 1694/1213/1025 1693/1214/1026 1681/1202/1014
f 1683/1203/1015 1695/1215/1027 1694/1213/1025 1682/1201/1013
f 1684/1204/1016 1696/1216/1028 1695/1215/1027 1683/1203/1015
f 1685/1205/1017 1697/1217/1029 1696/1216/1028 1684/1204/1016
f 1686/1206/1018 1698/1218/1030 1697/1217/1029 1685/1205/1017
f 1687/1207/1019 1699/1219/1031 1698/1218/1030 1686/1206/1018
f 1688/1208/1020 1700/1220/1032 1699/1219/1031 1687/1207/1019
f 1689/1209/1021 1701/1221/1033 1700/1220/1032 1688/1208/1020
f 1690/1210/1022 1702/1222/1034 1701/1221/1033 1689/1209/1021
f 1691/1211/1023 1703/1223/1035 1702/1222/1034 1690/1210/1022
f 1692/1212/1024 1704/1224/1036 1703/1223/1035 1691/1211/1023
f 1694/1213/1025 1706/1225/1037 1705/1226/1038 1693/1214/1026
f 1695/1215/1027 1707/1227/1039 1706/1225/1037 1694/1213/1025
f 1696/1216/1028 1708/1228/1040 1707/1227/1039 1695/1215/1027
f 1697/1217/1029 1709/1229/1041 1708/1228/1040 1696/1216/1028
f 1698/1218/1030 1710/1230/1042 1709/1229/1041 1697/1217/1029
f 1699/1219/1031 1711/1231/1043 1710/1230/1042 1698/1218/1030
f 1700/1220/1032 1712/1232/1044 1711/1231/1043 1699/1219/1031
f 1701/1221/1033 1713/1233/1045 1712/1232/1044 1700/1220/1032
f 1702/1222/1034 1714/1234/1046 1713/1233/1045 1701/1221/1033
f 1703/1223/1035 1715/1235/1047 1714/1234/1046 1702/1222/1034
f 1704/1224/1036 1716/1236/1048 1715/1235/1047 1703/1223/1035
f 1706/1225/1037 1718/1237/1049 1717/1238/1050 1705/1226/1038
f 1707/1227/1039 1719/1239/1051 1718/1237/1049 1706/1225/1037
f 1708/1228/1040 1720/1240/1052 1719/1239/1051 1707/1227/1039
f 1709/1229/1041 1721/1241/1053 1720/1240/1052 1708/1228/1040
f 1710/1230/1042 1722/1242/1054 1721/1241/1053 1709/1229/1041
f 1711/1231/1043 1723/1243/1055 1722/1242/1054 1710/1230/1042
f 1712/1232/1044 1724/1244/1056 1723/1243/1055 1711/1231/1043
f 1713/1233/1045 1725/1245/1057 1724/1244/1056 1712/1232/1044
f 1714/1234/1046 1726/1246/1058 1725/1245/1057 1713/1233/1045
f 1715/1235/1047 1727/1247/1059 1726/1246/1058 1714/1234/1046
f 1716/1236/1048 1728/1248/1060 1727/1247/1059 1715/1235/1047
f 1718/1237/1049 1730/1249/1061 1729/1250/1062 1717/1238/1050
f 1719/1239/1051 1731/1251/1063 1730/1249/1061 1718/1237/1049
f 1720/1240/1052 1732/1252/1064 1731/1251/1063 1719/1239/1051
f 1721/1241/1053 1733/1253/1065 1732/1252/1064 1720/1240/1052
f 1722/1242/1054 1734/1254/1066 1733/1253/1065 1721/1241/1053
f 1723/1243/1055 1735/1255/1067 1734/1254/1066 1722/1242/1054
f 1724/1244/1056 1736/1256/1068 1735/1255/1067 1723/1243/1055
f 1725/1245/1057 1737/1257/1069 1736/1256/1068 1724/1244/1056
f 1726/1246/1058 1738/1258/1070 1737/1257/1069 1725/1245/1057
f 1727/1247/1059 1739/1259/1071 1738/1258/1070 1726/1246/1058
f 1728/1248/1060 1740/1260/1072 1739/1259/1071 1727/1247/1059
f 1730/1249/1061 1742/1261/1073 1741/1262/1074 1729/1250/1062
f 1731/1251/1063 1743/1263/1075 1742/1261/1073 1730/1249/1061
f 1732/1252/1064 1744/1264/1076 1743/1263/1075 1731/1251/1063
f 1733/1253/1065 1745/1265/1077 1744/1264/1076 1732/1252/1064
f 1734/1254/1066 1746/1266/1078 1745/1265/1077 1733/1253/1065
f 1735/1255/1067 1747/1267/1079 1746/1266/1078 1734/1254/1066
f 1736/1256/1068 1748/1268/1080 1747/1267/1079 1735/1255/1067
f 1737/1257/1069 1749/1269/1081 1748/1268/1080 1736/1256/1068
f 1738/1258/1070 1750/1270/1082 1749/1269/1081 1737/1257/1069
f 1739/1259/1071 1751/1271/1083 1750/1270/1082 1738/1258/1070
f 1740/1260/1072 1752/1272/1084 1751/1271/1083 1739/1259/1071
f 1742/1261/1073 1754/1273/1085 1753/1274/1086 1741/1262/1074
f 1743/1263/1075 1755/1275/1087 1754/1273/1085 1742/1261/1073
f 1744/1264/1076 1756/1276/1088 1755/1275/1087 1743/1263/1075
f 1745/1265/1077 1757/1277/1089 1756/1276/1088 1744/1264/1076
f 1746/1266/1078 1758/1278/1090 1757/1277/1089 1745/1265/1077
f 1747/1267/1079 1759/1279/1091 1758/1278/1090 1746/1266/1078
f 1748/1268/1080 1760/1280/1092 1759/1279/1091 1747/1267/1079
f 1749/1269/1081 1761/1281/1093 1760/1280/1092 1748/1268/1080
f 1750/1270/1082 1762/1282/1094 1761/1281/1093 1749/1269/1081
f 1751/1271/1083 1763/1283/1095 1762/1282/1094 1750/1270/1082
f 1752/1272/1084 1764/1284/1096 1763/1283/1095 1751/1271/1083
f 1754/1273/1085 1766/1285/1097 1765/1286/1098 1753/1274/1086
f 1755/1275/1087 1767/1287/1099 1766/1285/1097 1754/1273/1085
f 1756/1276/1088 1768/1288/1100 1767/1287/1099 1755/1275/1087
f 1757/1277/1089 1769/1289/1101 1768/1288/1100 1756/1276/1088
f 1758/1278/1090 1770/1290/1102 1769/1289/1101 1757/1277/1089
f 1759/1279/1091 1771/1291/1103 1770/1290/1102 1758/1278/1090
f 1760/1280/1092 1772/1292/1104 1771/1291/1103 1759/1279/1091
f 1761/1281/1093 1773/1293/1105 1772/1292/1104 1760/1280/1092
f 1762/1282/1094 1774/1294/1106 1773/1293/1105 1761/1281/1093
f 1763/1283/1095 1775/1295/1107 1774/1294/1106 1762/1282/1094
f 1764/1284/1096 1776/1296/1108 1775/1295/1107 1763/1283/1095
f 1766/1285/1097 1778/1297/1109 1777/1298/448 1765/1286/1098
f 1767/1287/1099 1779/1299/1110 1778/1297/1109 1766/1285/1097
f 1768/1288/1100 1780/1300/1111 1779/1299/1110 1767/1287/1099
f 1769/1289/1101 1781/1301/1112 1780/1300/1111 1768/1288/1100
f 1770/1290/1102 1782/1302/1113 1781/1301/1112 1769/1289/1101
f 1771/1291/1103 1783/1303/1114 1782/1302/1113 1770/1290/1102
f 1772/1292/1104 1784/1304/1115 1783/1303/1114 1771/1291/1103
f 1773/1293/1105 1785/1305/1116 1784/1304/1115 1772/1292/1104
f 1774/1294/1106 1786/1306/1117 1785/1305/1116 1773/1293/1105
f 1775/1295/1107 1787/1307/1118 1786/1306/1117 1774/1294/1106
f 1776/1296/1108 1788/1308/458 1787/1307/1118 1775/1295/1107
f 1778/1297/1109 1790/1309/1119 1789/1310/1120 1777/1298/448
f 1779/1299/1110 1791/1311/1121 1790/1309/1119 1778/1297/1109
f 1780/1300/1111 1792/1312/1122 1791/1311/1121 1779/1299/1110
f 1781/1301/1112 1793/1313/1123 1792/1312/1122 1780/1300/1111
f 1782/1302/1113 1794/1314/1124 1793/1313/1123 1781/1301/1112
f 1783/1303/1114 1795/1315/1125 1794/1314/1124 1782/1302/1113
f 1784/1304/1115 1796/1316/1126 1795/1315/1125 1783/1303/1114
f 1785/1305/1116 1797/1317/1127 1796/1316/1126 1784/1304/1115
f 1786/1306/1117 1798/1318/1128 1797/1317/1127 1785/1305/1116
f 1787/1307/1118 1799/1319/1129 1798/1318/1128 1786/1306/1117
f 1788/1308/458 1800/1320/1130 1799/1319/1129 1787/1307/1118
f 1790/1309/1119 1802/1321/1131 1801/1322/1132 1789/1310/1120
f 1791/1311/1121 1803/1323/1133 1802/1321/1131 1790/1309/1119
f 1792/1312/1122 1804/1324/1134 1803/1323/1133 1791/1311/1121
f 1793/1313/1123 1805/1325/1135 1804/1324/1134 1792/1312/1122
f 1794/1314/1124 1806/1326/1136 1805/1325/1135 1793/1313/1123
f 1795/1315/1125 1807/1327/1137 1806/1326/1136 1794/1314/1124
f 1796/1316/1126 1808/1328/1138 1807/1327/1137 1795/1315/1125
f 1797/1317/1127 1809/1329/1139 1808/1328/1138 1796/1316/1126
f 1798/1318/1128 1810/1330/1140 1809/1329/1139 1797/1317/1127
f 1799/1319/1129 1811/1331/1141 1810/1330/1140 1798/1318/1128
f 1800/1320/1130 1812/1332/1142 1811/1331/1141 1799/1319/1129
f 1802/1321/1131 1814/1333/1143 1813/1334/1144 1801/1322/1132
f 1803/1323/1133 1815/1335/1145 1814/1333/1143 1802/1321/1131
f 1804/1324/1134 1816/1336/1146 1815/1335/1145 1803/1323/1133
f 1805/1325/1135 1817/1337/1147 1816/1336/1146 1804/1324/1134
f 1806/1326/1136 1818/1338/1148 1817/1337/1147 1805/1325/1135
f 1807/1327/1137 1819/1339/1149 1818/1338/1148 1806/1326/1136
f 1808/1328/1138 1820/1340/1150 1819/1339/1149 1807/1327/1137
f 1809/1329/1139 1821/1341/1151 1820/1340/1150 1808/1328/1138
f 1810/1330/1140 1822/1342/1152 1821/1341/1151 1809/1329/1139
f 1811/1331/1141 1823/1343/1153 1822/1342/1152 1810/1330/1140
f 1812/1332/1142 1824/1344/1154 1823/1343/1153 1811/1331/1141
f 1814/1333/1143 1826/220/1155 1825/134/1156 1813/1334/1144
f 1815/1335/1145 1827/221/1157 1826/220/1155 1814/1333/1143
f 1816/1336/1146 1828/222/1158 1827/221/1157 1815/1335/1145
f 1817/1337/1147 1829/223/1159 1828/222/1158 1816/1336/1146
f 1818/1338/1148 1830/224/1160 1829/223/1159 1817/1337/1147
f 1819/1339/1149 1831/225/1161 1830/224/1160 1818/1338/1148
f 1820/1340/1150 1832/226/1162 1831/225/1161 1819/1339/1149
f 1821/1341/1151 1833/227/1163 1832/226/1162 1820/1340/1150
f 1822/1342/1152 1834/228/1164 1833/227/1163 1821/1341/1151
f 1823/1343/1153 1835/229/1165 1834/228/1164 1822/1342/1152
f 1824/1344/1154 1836/230/1166 1835/229/1165 1823/1343/1153
f 1826/220/1155 1838/1345/1167 1837/1346/1168 1825/134/1156
f 1827/221/1157 1839/1347/1169 1838/1345/1167 1826/220/1155
f 1828/222/1158 1840/1348/1170 1839/1347/1169 1827/221/1157
f 1829/223/1159 1841/1349/1171 1840/1348/1170 1828/222/1158
f 1830/224/1160 1842/1350/1172 1841/1349/1171 1829/223/1159
f 1831/225/1161 1843/1351/1173 1842/1350/1172 1830/224/1160
f 1832/226/1162 1844/1352/1174 1843/1351/1173 1831/225/1161
f 1833/227/1163 1845/1353/1175 1844/1352/1174 1832/226/1162
f 1834/228/1164 1846/1354/1176 1845/1353/1175 1833/227/1163
f 1835/229/1165 1847/1355/1177 1846/1354/1176 1834/228/1164
f 1836/230/1166 1848/1356/1178 1847/1355/1177 1835/229/1165
f 1838/1345/1167 1850/1357/1179 1849/1358/1180 1837/1346/1168
f 1839/1347/1169 1851/1359/1181 1850/1357/1179 1838/1345/1167
f 1840/1348/1170 1852/1360/1182 1851/1359/1181 1839/1347/1169
f 1841/1349/1171 1853/1361/1183 1852/1360/1182 1840/1348/1170
f 1842/1350/1172 1854/1362/1184 1853/1361/1183 1841/1349/1171
f 1843/1351/1173 1855/1363/1185 1854/1362/1184 1842/1350/1172
f 1844/1352/1174 1856/1364/1186 1855/1363/1185 1843/1351/1173
f 1845/1353/1175 1857/1365/1187 1856/1364/1186 1844/1352/1174
f 1846/1354/1176 1858/1366/1188 1857/1365/1187 1845/1353/1175
f 1847/1355/1177 1859/1367/1189 1858/1366/1188 1846/1354/1176
f 1848/1356/1178 1860/1368/1190 1859/1367/1189 1847/1355/1177
f 1850/1357/1179 1862/1369/1191 1861/1370/1192 1849/1358/1180
f 1851/1359/1181 1863/1371/1193 1862/1369/1191 1850/1357/1179
f 1852/1360/1182 1864/1372/1194 1863/1371/1193 1851/1359/1181
f 1853/1361/1183 1865/1373/1195 1864/1372/1194 1852/1360/1182
f 1854/1362/1184 1866/1374/1196 1865/1373/1195 1853/1361/1183
f 1855/1363/1185 1867/1375/1197 1866/1374/1196 1854/1362/1184
f 1856/1364/1186 1868/1376/1198 1867/1375/1197 1855/1363/1185
f 1857/1365/1187 1869/1377/1199 1868/1376/1198 1856/1364/1186
f 1858/1366/1188 1870/1378/1200 1869/1377/1199 1857/1365/1187
f 1859/1367/1189 1871/1379/1201 1870/1378/1200 1858/1366/1188
f 1860/1368/1190 1872/1380/1202 1871/1379/1201 1859/1367/1189
f 1862/1369/1191 1874/1381/1203 1873/1382/1204 1861/1370/1192
f 1863/1371/1193 1875/1383/1205 1874/1381/1203 1862/1369/1191
f 1864/1372/1194 1876/1384/1206 1875/1383/1205 1863/1371/1193
f 1865/1373/1195 1877/1385/1207 1876/1384/1206 1864/1372/1194
f 1866/1374/1196 1878/1386/848 1877/1385/1207 1865/1373/1195
f 1867/1375/1197 1879/1387/849 1878/1386/848 1866/1374/1196
f 1868/1376/1198 1880/1388/1208 1879/1387/849 1867/1375/1197
f 1869/1377/1199 1881/1389/1209 1880/1388/1208 1868/1376/1198
f 1870/1378/1200 1882/1390/1210 1881/1389/1209 1869/1377/1199
f 1871/1379/1201 1883/1391/1211 1882/1390/1210 1870/1378/1200
f 1872/1380/1202 1884/1392/1212 1883/1391/1211 1871/1379/1201
f 1874/1381/1203 1886/1393/1213 1885/1394/1214 1873/1382/1204
f 1875/1383/1205 1887/1395/1215 1886/1393/1213 1874/1381/1203
f 1876/1384/1206 1888/1396/1216 1887/1395/1215 1875/1383/1205
f 1877/1385/1207 1889/1397/1217 1888/1396/1216 1876/1384/1206
f 1878/1386/848 1890/1398/1218 1889/1397/1217 1877/1385/1207
f 1879/1387/849 1891/1399/1219 1890/1398/1218 1878/1386/848
f 1880/1388/1208 1892/1400/1220 1891/1399/1219 1879/1387/849
f 1881/1389/1209 1893/1401/1221 1892/1400/1220 1880/1388/1208
f 1882/1390/1210 1894/1402/1222 1893/1401/1221 1881/1389/1209
f 1883/1391/1211 1895/1403/1223 1894/1402/1222 1882/1390/1210
f 1884/1392/1212 1896/1404/1224 1895/1403/1223 1883/1391/1211
f 1886/1393/1213 1898/1405/1225 1897/1406/1226 1885/1394/1214
f 1887/1395/1215 1899/1407/1227 1898/1405/1225 1886/1393/1213
f 1888/1396/1216 1900/1408/1228 1899/1407/1227 1887/1395/1215
f 1889/1397/1217 1901/1409/1229 1900/1408/1228 1888/1396/1216
f 1890/1398/1218 1902/1410/1230 1901/1409/1229 1889/1397/1217
f 1891/1399/1219 1903/1411/1231 1902/1410/1230 1890/1398/1218
f 1892/1400/1220 1904/1412/1232 1903/1411/1231 1891/1399/1219
f 1893/1401/1221 1905/1413/1233 1904/1412/1232 1892/1400/1220
f 1894/1402/1222 1906/1414/1234 1905/1413/1233 1893/1401/1221
f 1895/1403/1223 1907/1415/1235 1906/1414/1234 1894/1402/1222
f 1896/1404/1224 1908/1416/1236 1907/1415/1235 1895/1403/1223
f 1898/1405/1225 1910/1417/1237 1909/1418/1238 1897/1406/1226
f 1899/1407/1227 1911/1419/1239 1910/1417/1237 1898/1405/1225
f 1900/1408/1228 1912/1420/1240 1911/1419/1239 1899/1407/1227
f 1901/1409/1229 1913/1421/1241 1912/1420/1240 1900/1408/1228
f 1902/1410/1230 1914/1422/1242 1913/1421/1241 1901/1409/1229
f 1903/1411/1231 1915/1423/1243 1914/1422/1242 1902/1410/1230
f 1904/1412/1232 1916/1424/1244 1915/1423/1243 1903/1411/1231
f 1905/1413/1233 1917/1425/1245 1916/1424/1244 1904/1412/1232
f 1906/1414/1234 1918/1426/1246 1917/1425/1245 1905/1413/1233
f 1907/1415/1235 1919/1427/1247 1918/1426/1246 1906/1414/1234
f 1908/1416/1236 1920/1428/1248 1919/1427/1247 1907/1415/1235
f 1910/1417/1237 1922/1429/1249 1921/1430/1250 1909/1418/1238
f 1911/1419/1239 1923/1431/1251 1922/1429/1249 1910/1417/1237
f 1912/1420/1240 1924/1432/1252 1923/1431/1251 1911/1419/1239
f 1913/1421/1241 1925/1433/1253 1924/1432/1252 1912/1420/1240
f 1914/1422/1242 1926/1434/1254 1925/1433/1253 1913/1421/1241
f 1915/1423/1243 1927/1435/1255 1926/1434/1254 1914/1422/1242
f 1916/1424/1244 1928/1436/1256 1927/1435/1255 1915/1423/1243
f 1917/1425/1245 1929/1437/1257 1928/1436/1256 1916/1424/1244
f 1918/1426/1246 1930/1438/1258 1929/1437/1257 1917/1425/1245
f 1919/1427/1247 1931/1439/1259 1930/1438/1258 1918/1426/1246
f 1920/1428/1248 1932/1440/1260 1931/1439/1259 1919/1427/1247
f 1922/1429/1249 1934/1441/1261 1933/1442/1262 1921/1430/1250
f 1923/1431/1251 1935/1443/1263 1934/1441/1261 1922/1429/1249
f 1924/1432/1252 1936/1444/1264 1935/1443/1263 1923/1431/1251
f 1925/1433/1253 1937/1445/1265 1936/1444/1264 1924/1432/1252
f 1926/1434/1254 1938/1446/1266 1937/1445/1265 1925/1433/1253
f 1927/1435/1255 1939/1447/1267 1938/1446/1266 1926/1434/1254
f 1928/1436/1256 1940/1448/1268 1939/1447/1267 1927/1435/1255
f 1929/1437/1257 1941/1449/1269 1940/1448/1268 1928/1436/1256
f 1930/1438/1258 1942/1450/1270 1941/1449/1269 1929/1437/1257
f 1931/1439/1259 1943/1451/1271 1942/1450/1270 1930/1438/1258
f 1932/1440/1260 1944/1452/1272 1943/1451/1271 1931/1439/1259
f 1934/1441/1261 1946/1453/3 1945/1454/6 1933/1442/1262
f 1935/1443/1263 1947/1455/7 1946/1453/3 1934/1441/1261
f 1936/1444/1264 1948/1456/9 1947/1455/7 1935/1443/1263
f 1937/1445/1265 1949/1457/1273 1948/1456/9 1936/1444/1264
f 1938/1446/1266 1950/1458/13 1949/1457/1273 1937/1445/1265
f 1939/1447/1267 1951/1459/15 1950/1458/13 1938/1446/1266
f 1940/1448/1268 1952/1460/1274 1951/1459/15 1939/1447/1267
f 1941/1449/1269 1953/1461/19 1952/1460/1274 1940/1448/1268
f 1942/1450/1270 1954/1462/21 1953/1461/19 1941/1449/1269
f 1943/1451/1271 1955/1463/23 1954/1462/21 1942/1450/1270
f 1944/1452/1272 1956/1464/25 1955/1463/23 1943/1451/1271
f 1946/1453/3 1958/1465/1275 1957/1466/6 1945/1454/6
f 1947/1455/7 1959/1467/1276 1958/1465/1275 1946/1453/3
f 1948/1456/9 1960/1468/1277 1959/1467/1276 1947/1455/7
f 1949/1457/1273 1961/1469/1278 1960/1468/1277 1948/1456/9
f 1950/1458/13 1962/1470/1279 1961/1469/1278 1949/1457/1273
f 1951/1459/15 1963/1471/1280 1962/1470/1279 1950/1458/13
f 1952/1460/1274 1964/1472/1281 1963/1471/1280 1951/1459/15
f 1953/1461/19 1965/1473/1282 1964/1472/1281 1952/1460/1274
f 1954/1462/21 1966/1474/1283 1965/1473/1282 1953/1461/19
f 1955/1463/23 1967/1475/1284 1966/1474/1283 1954/1462/21
f 1956/1464/25 1968/1476/25 1967/1475/1284 1955/1463/23
f 1958/1465/1275 1970/1477/1285 1969/1478/1286 1957/1466/6
f 1959/1467/1276 1971/1479/1287 1970/1477/1285 1958/1465/1275
f 1960/1468/1277 1972/1480/1288 1971/1479/1287 1959/1467/1276
f 1961/1469/1278 1973/1481/1289 1972/1480/1288 1960/1468/1277
f 1962/1470/1279 1974/1482/1290 1973/1481/1289 1961/1469/1278
f 1963/1471/1280 1975/1483/1291 1974/1482/1290 1962/1470/1279
f 1964/1472/1281 1976/1484/1292 1975/1483/1291 1963/1471/1280
f 1965/1473/1282 1977/1485/1293 1976/1484/1292 1964/1472/1281
f 1966/1474/1283 1978/1486/1294 1977/1485/1293 1965/1473/1282
f 1967/1475/1284 1979/1487/1295 1978/1486/1294 1966/1474/1283
f 1968/1476/25 1980/1488/1296 1979/1487/1295 1967/1475/1284
f 1970/1477/1285 1982/1489/1297 1981/1490/1298 1969/1478/1286
f 1971/1479/1287 1983/1491/1299 1982/1489/1297 1970/1477/1285
f 1972/1480/1288 1984/1492/1300 1983/1491/1299 1971/1479/1287
f 1973/1481/1289 1985/1493/1301 1984/1492/1300 1972/1480/1288
f 1974/1482/1290 1986/1494/1302 1985/1493/1301 1973/1481/1289
f 1975/1483/1291 1987/1495/1303 1986/1494/1302 1974/1482/1290
f 1976/1484/1292 1988/1496/1304 1987/1495/1303 1975/1483/1291
f 1977/1485/1293 1989/1497/1305 1988/1496/1304 1976/1484/1292
f 1978/1486/1294 1990/1498/1306 1989/1497/1305 1977/1485/1293
f 1979/1487/1295 1991/1499/1307 1990/1498/1306 1978/1486/1294
f 1980/1488/1296 1992/1500/1308 1991/1499/1307 1979/1487/1295
f 1982/1489/1297 1994/1501/1309 1993/1502/1310 1981/1490/1298
f 1983/1491/1299 1995/1503/1311 1994/1501/1309 1982/1489/1297
f 1984/1492/1300 1996/1504/1312 1995/1503/1311 1983/1491/1299
f 1985/1493/1301 1997/1505/1313 1996/1504/1312 1984/1492/1300
f 1986/1494/1302 1998/1506/1314 1997/1505/1313 1985/1493/1301
f 1987/1495/1303 1999/1507/1315 1998/1506/1314 1986/1494/1302
f 1988/1496/1304 2000/1508/1316 1999/1507/1315 1987/1495/1303
f 1989/1497/1305 2001/1509/1317 2000/1508/1316 1988/1496/1304
f 1990/1498/1306 2002/1510/1318 2001/1509/1317 1989/1497/1305
f 1991/1499/1307 2003/1511/1319 2002/1510/1318 1990/1498/1306
f 1992/1500/1308 2004/1512/1320 2003/1511/1319 1991/1499/1307
f 1994/1501/1309 2006/1513/1321 2005/1514/1310 1993/1502/1310
f 1995/1503/1311 2007/1515/1322 2006/1513/1321 1994/1501/1309
f 1996/1504/1312 2008/1516/1323 2007/1515/1322 1995/1503/1311
f 1997/1505/1313 2009/1517/1324 2008/1516/1323 1996/1504/1312
f 1998/1506/1314 2010/1518/1325 2009/1517/1324 1997/1505/1313
f 1999/1507/1315 2011/1519/1326 2010/1518/1325 1998/1506/1314
f 2000/1508/1316 2012/1520/1327 2011/1519/1326 1999/1507/1315
f 2001/1509/1317 2013/1521/1328 2012/1520/1327 2000/1508/1316
f 2002/1510/1318 2014/1522/1329 2013/1521/1328 2001/1509/1317
f 2003/1511/1319 2015/1523/1330 2014/1522/1329 2002/1510/1318
f 2004/1512/1320 2016/1524/1320 2015/1523/1330 2003/1511/1319
f 2006/1513/1321 2018/1525/1109 2017/1526/448 2005/1514/1310
f 2007/1515/1322 2019/1527/1110 2018/1525/1109 2006/1513/1321
f 2008/1516/1323 2020/1528/1111 2019/1527/1110 2007/1515/1322
f 2009/1517/1324 2021/1529/1112 2020/1528/1111 2008/1516/1323
f 2010/1518/1325 2022/1530/1113 2021/1529/1112 2009/1517/1324
f 2011/1519/1326 2023/1531/1114 2022/1530/1113 2010/1518/1325
f 2012/1520/1327 2024/1532/1115 2023/1531/1114 2011/1519/1326
f 2013/1521/1328 2025/1533/1116 2024/1532/1115 2012/1520/1327
f 2014/1522/1329 2026/1534/1117 2025/1533/1116 2013/1521/1328
f 2015/1523/1330 2027/1535/1118 2026/1534/1117 2014/1522/1329
f 2016/1524/1320 2028/1536/458 2027/1535/1118 2015/1523/1330
f 2018/1525/1109 1622/242/447 1621/6/448 2017/1526/448
f 2019/1527/1110 1623/243/449 1622/242/447 2018/1525/1109
f 2020/1528/1111 1624/244/450 1623/243/449 2019/1527/1110
f 2021/1529/1112 1625/245/967 1624/244/450 2020/1528/1111
f 2022/1530/1113 1626/246/452 1625/245/967 2021/1529/1112
f 2023/1531/1114 1627/247/453 1626/246/452 2022/1530/1113
f 2024/1532/1115 1628/248/971 1627/247/453 2023/1531/1114
f 2025/1533/1116 1629/249/455 1628/248/971 2024/1532/1115
f 2026/1534/1117 1630/250/456 1629/249/455 2025/1533/1116
f 2027/1535/1118 1631/251/457 1630/250/456 2026/1534/1117
f 2028/1536/458 1632/252/458 1631/251/457 2027/1535/1118
f 2030/198/51 2042/253/52 2041/254/53 2029/8/54
f 2031/200/55 2043/255/56 2042/253/52 2030/198/51
f 2032/202/57 2044/256/1331 2043/255/56 2031/200/55
f 2033/204/59 2045/257/1332 2044/256/1331 2032/202/57
f 2034/206/1333 2046/258/1334 2045/257/1332 2033/204/59
f 2035/208/1335 2047/259/1336 2046/258/1334 2034/206/1333
f 2036/210/65 2048/260/1337 2047/259/1336 2035/208/1335
f 2037/212/67 2049/261/1338 2048/260/1337 2036/210/65
f 2038/214/69 2050/262/70 2049/261/1338 2037/212/67
f 2039/216/71 2051/263/72 2050/262/70 2038/214/69
f 2040/218/73 2052/264/74 2051/263/72 2039/216/71
f 2042/253/52 2054/265/75 2053/266/76 2041/254/53
f 2043/255/56 2055/267/77 2054/265/75 2042/253/52
f 2044/256/1331 2056/268/78 2055/267/77 2043/255/56
f 2045/257/1332 2057/269/79 2056/268/78 2044/256/1331
f 2046/258/1334 2058/270/80 2057/269/79 2045/257/1332
f 2047/259/1336 2059/271/81 2058/270/80 2046/258/1334
f 2048/260/1337 2060/272/82 2059/271/81 2047/259/1336
f 2049/261/1338 2061/273/83 2060/272/82 2048/260/1337
f 2050/262/70 2062/274/84 2061/273/83 2049/261/1338
f 2051/263/72 2063/275/85 2062/274/84 2050/262/70
f 2052/264/74 2064/276/86 2063/275/85 2051/263/72
f 2054/265/75 2066/277/87 2065/278/88 2053/266/76
f 2055/267/77 2067/279/89 2066/277/87 2054/265/75
f 2056/268/78 2068/280/90 2067/279/89 2055/267/77
f 2057/269/79 2069/281/91 2068/280/90 2056/268/78
f 2058/270/80 2070/282/92 2069/281/91 2057/269/79
f 2059/271/81 2071/283/93 2070/282/92 2058/270/80
f 2060/272/82 2072/284/94 2071/283/93 2059/271/81
f 2061/273/83 2073/285/95 2072/284/94 2060/272/82
f 2062/274/84 2074/286/96 2073/285/95 2061/273/83
f 2063/275/85 2075/287/97 2074/286/96 2062/274/84
f 2064/276/86 2076/288/98 2075/287/97 2063/275/85
f 2066/277/87 2078/289/99 2077/290/100 2065/278/88
f 2067/279/89 2079/291/101 2078/289/99 2066/277/87
f 2068/280/90 2080/292/102 2079/291/101 2067/279/89
f 2069/281/91 2081/293/103 2080/292/102 2068/280/90
f 2070/282/92 2082/294/104 2081/293/103 2069/281/91
f 2071/283/93 2083/295/105 2082/294/104 2070/282/92
f 2072/284/94 2084/296/106 2083/295/105 2071/283/93
f 2073/285/95 2085/297/107 2084/296/106 2072/284/94
f 2074/286/96 2086/298/108 2085/297/107 2073/285/95
f 2075/287/97 2087/299/109 2086/298/108 2074/286/96
f 2076/288/98 2088/300/110 2087/299/109 2075/287/97
f 2078/289/99 2090/301/111 2089/302/112 2077/290/100
f 2079/291/101 2091/303/113 2090/301/111 2078/289/99
f 2080/292/102 2092/304/114 2091/303/113 2079/291/101
f 2081/293/103 2093/305/115 2092/304/114 2080/292/102
f 2082/294/104 2094/306/116 2093/305/115 2081/293/103
f 2083/295/105 2095/307/117 2094/306/116 2082/294/104
f 2084/296/106 2096/308/118 2095/307/117 2083/295/105
f 2085/297/107 2097/309/119 2096/308/118 2084/296/106
f 2086/298/108 2098/310/120 2097/309/119 2085/297/107
f 2087/299/109 2099/311/121 2098/310/120 2086/298/108
f 2088/300/110 2100/312/122 2099/311/121 2087/299/109
f 2090/301/111 2102/313/123 2101/314/124 2089/302/112
f 2091/303/113 2103/315/125 2102/313/123 2090/301/111
f 2092/304/114 2104/316/126 2103/315/125 2091/303/113
f 2093/305/115 2105/317/127 2104/316/126 2092/304/114
f 2094/306/116 2106/318/128 2105/317/127 2093/305/115
f 2095/307/117 2107/319/129 2106/318/128 2094/306/116
f 2096/308/118 2108/320/130 2107/319/129 2095/307/117
f 2097/309/119 2109/321/131 2108/320/130 2096/308/118
f 2098/310/120 2110/322/132 2109/321/131 2097/309/119
f 2099/311/121 2111/323/133 2110/322/132 2098/310/120
f 2100/312/122 2112/324/134 2111/323/133 2099/311/121
f 2102/313/123 2114/325/135 2113/326/136 2101/314/124
f 2103/315/125 2115/327/137 2114/325/135 2102/313/123
f 2104/316/126 2116/328/138 2115/327/137 2103/315/125
f 2105/317/127 2117/329/139 2116/328/138 2104/316/126
f 2106/318/128 2118/330/140 2117/329/139 2105/317/127
f 2107/319/129 2119/331/141 2118/330/140 2106/318/128
f 2108/320/130 2120/332/142 2119/331/141 2107/319/129
f 2109/321/131 2121/333/143 2120/332/142 2108/320/130
f 2110/322/132 2122/334/144 2121/333/143 2109/321/131
f 2111/323/133 2123/335/145 2122/334/144 2110/322/132
f 2112/324/134 2124/336/146 2123/335/145 2111/323/133
f 2114/325/135 2126/337/147 2125/338/148 2113/326/136
f 2115/327/137 2127/339/149 2126/337/147 2114/325/135
f 2116/328/138 2128/340/150 2127/339/149 2115/327/137
f 2117/329/139 2129/341/151 2128/340/150 2116/328/138
f 2118/330/140 2130/342/152 2129/341/151 2117/329/139
f 2119/331/141 2131/343/153 2130/342/152 2118/330/140
f 2120/332/142 2132/344/154 2131/343/153 2119/331/141
f 2121/333/143 2133/345/155 2132/344/154 2120/332/142
f 2122/334/144 2134/346/156 2133/345/155 2121/333/143
f 2123/335/145 2135/347/157 2134/346/156 2122/334/144
f 2124/336/146 2136/348/158 2135/347/157 2123/335/145
f 2126/337/147 2138/349/159 2137/350/160 2125/338/148
f 2127/339/149 2139/351/161 2138/349/159 2126/337/147
f 2128/340/150 2140/352/162 2139/351/161 2127/339/149
f 2129/341/151 2141/353/163 2140/352/162 2128/340/150
f 2130/342/152 2142/354/164 2141/353/163 2129/341/151
f 2131/343/153 2143/355/165 2142/354/164 2130/342/152
f 2132/344/154 2144/356/166 2143/355/165 2131/343/153
f 2133/345/155 2145/357/167 2144/356/166 2132/344/154
f 2134/346/156 2146/358/168 2145/357/167 2133/345/155
f 2135/347/157 2147/359/169 2146/358/168 2134/346/156
f 2136/348/158 2148/360/170 2147/359/169 2135/347/157
f 2138/349/159 2150/361/171 2149/362/172 2137/350/160
f 2139/351/161 2151/363/173 2150/361/171 2138/349/159
f 2140/352/162 2152/364/174 2151/363/173 2139/351/161
f 2141/353/163 2153/365/175 2152/364/174 2140/352/162
f 2142/354/164 2154/366/176 2153/365/175 2141/353/163
f 2143/355/165 2155/367/177 2154/366/176 2142/354/164
f 2144/356/166 2156/368/178 2155/367/177 2143/355/165
f 2145/357/167 2157/369/179 2156/368/178 2144/356/166
f 2146/358/168 2158/370/180 2157/369/179 2145/357/167
f 2147/359/169 2159/371/181 2158/370/180 2146/358/168
f 2148/360/170 2160/372/182 2159/371/181 2147/359/169
f 2150/361/171 2162/373/183 2161/374/184 2149/362/172
f 2151/363/173 2163/375/185 2162/373/183 2150/361/171
f 2152/364/174 2164/376/186 2163/375/185 2151/363/173
f 2153/365/175 2165/377/187 2164/376/186 2152/364/174
f 2154/366/176 2166/378/188 2165/377/187 2153/365/175
f 2155/367/177 2167/379/189 2166/378/188 2154/366/176
f 2156/368/178 2168/380/190 2167/379/189 2155/367/177
f 2157/369/179 2169/381/191 2168/380/190 2156/368/178
f 2158/370/180 2170/382/192 2169/381/191 2157/369/179
f 2159/371/181 2171/383/193 2170/382/192 2158/370/180
f 2160/372/182 2172/384/194 2171/383/193 2159/371/181
f 2162/373/183 2174/385/195 2173/386/196 2161/374/184
f 2163/375/185 2175/387/197 2174/385/195 2162/373/183
f 2164/376/186 2176/388/198 2175/387/197 2163/375/185
f 2165/377/187 2177/389/199 2176/388/198 2164/376/186
f 2166/378/188 2178/390/1339 2177/389/199 2165/377/187
f 2167/379/189 2179/391/1340 2178/390/1339 2166/378/188
f 2168/380/190 2180/392/202 2179/391/1340 2167/379/189
f 2169/381/191 2181/393/203 2180/392/202 2168/380/190
f 2170/382/192 2182/394/204 2181/393/203 2169/381/191
f 2171/383/193 2183/395/205 2182/394/204 2170/382/192
f 2172/384/194 2184/396/206 2183/395/205 2171/383/193
f 2174/385/195 2186/397/207 2185/398/208 2173/386/196
f 2175/387/197 2187/399/209 2186/397/207 2174/385/195
f 2176/388/198 2188/400/210 2187/399/209 2175/387/197
f 2177/389/199 2189/401/211 2188/400/210 2176/388/198
f 2178/390/1339 2190/402/212 2189/401/211 2177/389/199
f 2179/391/1340 2191/403/213 2190/402/212 2178/390/1339
f 2180/392/202 2192/404/214 2191/403/213 2179/391/1340
f 2181/393/203 2193/405/215 2192/404/214 2180/392/202
f 2182/394/204 2194/406/216 2193/405/215 2181/393/203
f 2183/395/205 2195/407/217 2194/406/216 2182/394/204
f 2184/396/206 2196/408/218 2195/407/217 2183/395/205
f 2186/397/207 2198/409/219 2197/410/220 2185/398/208
f 2187/399/209 2199/411/221 2198/409/219 2186/397/207
f 2188/400/210 2200/412/222 2199/411/221 2187/399/209
f 2189/401/211 2201/413/223 2200/412/222 2188/400/210
f 2190/402/212 2202/414/224 2201/413/223 2189/401/211
f 2191/403/213 2203/415/225 2202/414/224 2190/402/212
f 2192/404/214 2204/416/226 2203/415/225 2191/403/213
f 2193/405/215 2205/417/227 2204/416/226 2192/404/214
f 2194/406/216 2206/418/228 2205/417/227 2193/405/215
f 2195/407/217 2207/419/229 2206/418/228 2194/406/216
f 2196/408/218 2208/420/230 2207/419/229 2195/407/217
f 2198/409/219 2210/421/231 2209/422/232 2197/410/220
f 2199/411/221 2211/423/233 2210/421/231 2198/409/219
f 2200/412/222 2212/424/234 2211/423/233 2199/411/221
f 2201/413/223 2213/425/235 2212/424/234 2200/412/222
f 2202/414/224 2214/426/236 2213/425/235 2201/413/223
f 2203/415/225 2215/427/237 2214/426/236 2202/414/224
f 2204/416/226 2216/428/238 2215/427/237 2203/415/225
f 2205/417/227 2217/429/239 2216/428/238 2204/416/226
f 2206/418/228 2218/430/240 2217/429/239 2205/417/227
f 2207/419/229 2219/431/241 2218/430/240 2206/418/228
f 2208/420/230 2220/432/242 2219/431/241 2207/419/229
f 2210/421/231 2222/433/243 2221/434/244 2209/422/232
f 2211/423/233 2223/435/245 2222/433/243 2210/421/231
f 2212/424/234 2224/436/246 2223/435/245 2211/423/233
f 2213/425/235 2225/437/247 2224/436/246 2212/424/234
f 2214/426/236 2226/438/248 2225/437/247 2213/425/235
f 2215/427/237 2227/439/249 2226/438/248 2214/426/236
f 2216/428/238 2228/440/250 2227/439/249 2215/427/237
f 2217/429/239 2229/441/251 2228/440/250 2216/428/238
f 2218/430/240 2230/442/252 2229/441/251 2217/429/239
f 2219/431/241 2231/443/253 2230/442/252 2218/430/240
f 2220/432/242 2232/444/254 2231/443/253 2219/431/241
f 2222/433/243 2234/445/255 2233/446/256 2221/434/244
f 2223/435/245 2235/447/257 2234/445/255 2222/433/243
f 2224/436/246 2236/448/258 2235/447/257 2223/435/245
f 2225/437/247 2237/449/259 2236/448/258 2224/436/246
f 2226/438/248 2238/450/260 2237/449/259 2225/437/247
f 2227/439/249 2239/451/261 2238/450/260 2226/438/248
f 2228/440/250 2240/452/262 2239/451/261 2227/439/249
f 2229/441/251 2241/453/263 2240/452/262 2228/440/250
f 2230/442/252 2242/454/264 2241/453/263 2229/441/251
f 2231/443/253 2243/455/265 2242/454/264 2230/442/252
f 2232/444/254 2244/456/266 2243/455/265 2231/443/253
f 2234/445/255 2246/457/267 2245/458/268 2233/446/256
f 2235/447/257 2247/459/269 2246/457/267 2234/445/255
f 2236/448/258 2248/460/270 2247/459/269 2235/447/257
f 2237/449/259 2249/461/271 2248/460/270 2236/448/258
f 2238/450/260 2250/462/272 2249/461/271 2237/449/259
f 2239/451/261 2251/463/273 2250/462/272 2238/450/260
f 2240/452/262 2252/464/274 2251/463/273 2239/451/261
f 2241/453/263 2253/465/275 2252/464/274 2240/452/262
f 2242/454/264 2254/466/276 2253/465/275 2241/453/263
f 2243/455/265 2255/467/277 2254/466/276 2242/454/264
f 2244/456/266 2256/468/278 2255/467/277 2243/455/265
f 2246/457/267 2258/469/279 2257/470/280 2245/458/268
f 2247/459/269 2259/471/281 2258/469/279 2246/457/267
f 2248/460/270 2260/472/282 2259/471/281 2247/459/269
f 2249/461/271 2261/473/283 2260/472/282 2248/460/270
f 2250/462/272 2262/474/284 2261/473/283 2249/461/271
f 2251/463/273 2263/475/285 2262/474/284 2250/462/272
f 2252/464/274 2264/476/286 2263/475/285 2251/463/273
f 2253/465/275 2265/477/287 2264/476/286 2252/464/274
f 2254/466/276 2266/478/288 2265/477/287 2253/465/275
f 2255/467/277 2267/479/289 2266/478/288 2254/466/276
f 2256/468/278 2268/480/290 2267/479/289 2255/467/277
f 2258/469/279 2270/481/291 2269/482/292 2257/470/280
f 2259/471/281 2271/483/293 2270/481/291 2258/469/279
f 2260/472/282 2272/484/294 2271/483/293 2259/471/281
f 2261/473/283 2273/485/295 2272/484/294 2260/472/282
f 2262/474/284 2274/486/296 2273/485/295 2261/473/283
f 2263/475/285 2275/487/297 2274/486/296 2262/474/284
f 2264/476/286 2276/488/298 2275/487/297 2263/475/285
f 2265/477/287 2277/489/299 2276/488/298 2264/476/286
f 2266/478/288 2278/490/300 2277/489/299 2265/477/287
f 2267/479/289 2279/491/301 2278/490/300 2266/478/288
f 2268/480/290 2280/492/302 2279/491/301 2267/479/289
f 2270/481/291 2282/493/291 2281/494/292 2269/482/292
f 2271/483/293 2283/495/293 2282/493/291 2270/481/291
f 2272/484/294 2284/496/294 2283/495/293 2271/483/293
f 2273/485/295 2285/497/295 2284/496/294 2272/484/294
f 2274/486/296 2286/498/296 2285/497/295 2273/485/295
f 2275/487/297 2287/499/297 2286/498/296 2274/486/296
f 2276/488/298 2288/500/298 2287/499/297 2275/487/297
f 2277/489/299 2289/501/299 2288/500/298 2276/488/298
f 2278/490/300 2290/502/300 2289/501/299 2277/489/299
f 2279/491/301 2291/503/301 2290/502/300 2278/490/300
f 2280/492/302 2292/504/302 2291/503/301 2279/491/301
f 2282/493/291 2294/505/291 2293/506/292 2281/494/292
f 2283/495/293 2295/507/293 2294/505/291 2282/493/291
f 2284/496/294 2296/508/294 2295/507/293 2283/495/293
f 2285/497/295 2297/509/295 2296/508/294 2284/496/294
f 2286/498/296 2298/510/296 2297/509/295 2285/497/295
f 2287/499/297 2299/511/297 2298/510/296 2286/498/296
f 2288/500/298 2300/512/298 2299/511/297 2287/499/297
f 2289/501/299 2301/513/299 2300/512/298 2288/500/298
f 2290/502/300 2302/514/300 2301/513/299 2289/501/299
f 2291/503/301 2303/515/301 2302/514/300 2290/502/300
f 2292/504/302 2304/516/302 2303/515/301 2291/503/301
f 2294/505/291 2306/517/291 2305/518/292 2293/506/292
f 2295/507/293 2307/519/293 2306/517/291 2294/505/291
f 2296/508/294 2308/520/294 2307/519/293 2295/507/293
f 2297/509/295 2309/521/295 2308/520/294 2296/508/294
f 2298/510/296 2310/522/296 2309/521/295 2297/509/295
f 2299/511/297 2311/523/297 2310/522/296 2298/510/296
f 2300/512/298 2312/524/298 2311/523/297 2299/511/297
f 2301/513/299 2313/525/299 2312/524/298 2300/512/298
f 2302/514/300 2314/526/300 2313/525/299 2301/513/299
f 2303/515/301 2315/527/301 2314/526/300 2302/514/300
f 2304/516/302 2316/528/302 2315/527/301 2303/515/301
f 2306/517/291 2318/529/303 2317/530/304 2305/518/292
f 2307/519/293 2319/531/305 2318/529/303 2306/517/291
f 2308/520/294 2320/532/306 2319/531/305 2307/519/293
f 2309/521/295 2321/533/307 2320/532/306 2308/520/294
f 2310/522/296 2322/534/308 2321/533/307 2309/521/295
f 2311/523/297 2323/535/309 2322/534/308 2310/522/296
f 2312/524/298 2324/536/310 2323/535/309 2311/523/297
f 2313/525/299 2325/537/311 2324/536/310 2312/524/298
f 2314/526/300 2326/538/312 2325/537/311 2313/525/299
f 2315/527/301 2327/539/313 2326/538/312 2314/526/300
f 2316/528/302 2328/540/314 2327/539/313 2315/527/301
f 2318/529/303 2330/541/315 2329/542/316 2317/530/304
f 2319/531/305 2331/543/317 2330/541/315 2318/529/303
f 2320/532/306 2332/544/318 2331/543/317 2319/531/305
f 2321/533/307 2333/545/319 2332/544/318 2320/532/306
f 2322/534/308 2334/546/320 2333/545/319 2321/533/307
f 2323/535/309 2335/547/321 2334/546/320 2322/534/308
f 2324/536/310 2336/548/322 2335/547/321 2323/535/309
f 2325/537/311 2337/549/323 2336/548/322 2324/536/310
f 2326/538/312 2338/550/324 2337/549/323 2325/537/311
f 2327/539/313 2339/551/325 2338/550/324 2326/538/312
f 2328/540/314 2340/552/326 2339/551/325 2327/539/313
f 2330/541/315 2342/553/327 2341/554/328 2329/542/316
f 2331/543/317 2343/555/329 2342/553/327 2330/541/315
f 2332/544/318 2344/556/330 2343/555/329 2331/543/317
f 2333/545/319 2345/557/331 2344/556/330 2332/544/318
f 2334/546/320 2346/558/332 2345/557/331 2333/545/319
f 2335/547/321 2347/559/333 2346/558/332 2334/546/320
f 2336/548/322 2348/560/334 2347/559/333 2335/547/321
f 2337/549/323 2349/561/335 2348/560/334 2336/548/322
f 2338/550/324 2350/562/336 2349/561/335 2337/549/323
f 2339/551/325 2351/563/337 2350/562/336 2338/550/324
f 2340/552/326 2352/564/338 2351/563/337 2339/551/325
f 2342/553/327 2354/565/339 2353/566/340 2341/554/328
f 2343/555/329 2355/567/341 2354/565/339 2342/553/327
f 2344/556/330 2356/568/342 2355/567/341 2343/555/329
f 2345/557/331 2357/569/343 2356/568/342 2344/556/330
f 2346/558/332 2358/570/344 2357/569/343 2345/557/331
f 2347/559/333 2359/571/345 2358/570/344 2346/558/332
f 2348/560/334 2360/572/346 2359/571/345 2347/559/333
f 2349/561/335 2361/573/347 2360/572/346 2348/560/334
f 2350/562/336 2362/574/348 2361/573/347 2349/561/335
f 2351/563/337 2363/575/349 2362/574/348 2350/562/336
f 2352/564/338 2364/576/350 2363/575/349 2351/563/337
f 2354/565/339 2366/577/351 2365/578/352 2353/566/340
f 2355/567/341 2367/579/353 2366/577/351 2354/565/339
f 2356/568/342 2368/580/354 2367/579/353 2355/567/341
f 2357/569/343 2369/581/355 2368/580/354 2356/568/342
f 2358/570/344 2370/582/356 2369/581/355 2357/569/343
f 2359/571/345 2371/583/357 2370/582/356 2358/570/344
f 2360/572/346 2372/584/358 2371/583/357 2359/571/345
f 2361/573/347 2373/585/359 2372/584/358 2360/572/346
f 2362/574/348 2374/586/360 2373/585/359 2361/573/347
f 2363/575/349 2375/587/361 2374/586/360 2362/574/348
f 2364/576/350 2376/588/362 2375/587/361 2363/575/349
f 2366/577/351 2378/589/363 2377/590/364 2365/578/352
f 2367/579/353 2379/591/365 2378/589/363 2366/577/351
f 2368/580/354 2380/592/366 2379/591/365 2367/579/353
f 2369/581/355 2381/593/367 2380/592/366 2368/580/354
f 2370/582/356 2382/594/368 2381/593/367 2369/581/355
f 2371/583/357 2383/595/369 2382/594/368 2370/582/356
f 2372/584/358 2384/596/370 2383/595/369 2371/583/357
f 2373/585/359 2385/597/371 2384/596/370 2372/584/358
f 2374/586/360 2386/598/372 2385/597/371 2373/585/359
f 2375/587/361 2387/599/373 2386/598/372 2374/586/360
f 2376/588/362 2388/600/374 2387/599/373 2375/587/361
f 2378/589/363 2390/601/3 2389/602/6 2377/590/364
f 2379/591/365 2391/603/7 2390/601/3 2378/589/363
f 2380/592/366 2392/604/9 2391/603/7 2379/591/365
f 2381/593/367 2393/605/1273 2392/604/9 2380/592/366
f 2382/594/368 2394/606/13 2393/605/1273 2381/593/367
f 2383/595/369 2395/607/15 2394/606/13 2382/594/368
f 2384/596/370 2396/608/1274 2395/607/15 2383/595/369
f 2385/597/371 2397/609/19 2396/608/1274 2384/596/370
f 2386/598/372 2398/610/21 2397/609/19 2385/597/371
f 2387/599/373 2399/611/23 2398/610/21 2386/598/372
f 2388/600/374 2400/612/25 2399/611/23 2387/599/373
f 2390/601/3 2402/613/375 2401/614/376 2389/602/6
f 2391/603/7 2403/615/377 2402/613/375 2390/601/3
f 2392/604/9 2404/616/378 2403/615/377 2391/603/7
f 2393/605/1273 2405/617/379 2404/616/378 2392/604/9
f 2394/606/13 2406/618/380 2405/617/379 2393/605/1273
f 2395/607/15 2407/619/381 2406/618/380 2394/606/13
f 2396/608/1274 2408/620/382 2407/619/381 2395/607/15
f 2397/609/19 2409/621/383 2408/620/382 2396/608/1274
f 2398/610/21 2410/622/384 2409/621/383 2397/609/19
f 2399/611/23 2411/623/385 2410/622/384 2398/610/21
f 2400/612/25 2412/624/386 2411/623/385 2399/611/23
f 2402/613/375 2414/625/387 2413/626/388 2401/614/376
f 2403/615/377 2415/627/389 2414/625/387 2402/613/375
f 2404/616/378 2416/628/390 2415/627/389 2403/615/377
f 2405/617/379 2417/629/391 2416/628/390 2404/616/378
f 2406/618/380 2418/630/1341 2417/629/391 2405/617/379
f 2407/619/381 2419/631/1342 2418/630/1341 2406/618/380
f 2408/620/382 2420/632/394 2419/631/1342 2407/619/381
f 2409/621/383 2421/633/395 2420/632/394 2408/620/382
f 2410/622/384 2422/634/396 2421/633/395 2409/621/383
f 2411/623/385 2423/635/397 2422/634/396 2410/622/384
f 2412/624/386 2424/636/398 2423/635/397 2411/623/385
f 2414/625/387 2426/637/399 2425/638/400 2413/626/388
f 2415/627/389 2427/639/401 2426/637/399 2414/625/387
f 2416/628/390 2428/640/402 2427/639/401 2415/627/389
f 2417/629/391 2429/641/403 2428/640/402 2416/628/390
f 2418/630/1341 2430/642/404 2429/641/403 2417/629/391
f 2419/631/1342 2431/643/405 2430/642/404 2418/630/1341
f 2420/632/394 2432/644/406 2431/643/405 2419/631/1342
f 2421/633/395 2433/645/407 2432/644/406 2420/632/394
f 2422/634/396 2434/646/408 2433/645/407 2421/633/395
f 2423/635/397 2435/647/409 2434/646/408 2422/634/396
f 2424/636/398 2436/648/410 2435/647/409 2423/635/397
f 2426/637/399 2438/649/411 2437/650/412 2425/638/400
f 2427/639/401 2439/651/413 2438/649/411 2426/637/399
f 2428/640/402 2440/652/414 2439/651/413 2427/639/401
f 2429/641/403 2441/653/415 2440/652/414 2428/640/402
f 2430/642/404 2442/654/416 2441/653/415 2429/641/403
f 2431/643/405 2443/655/417 2442/654/416 2430/642/404
f 2432/644/406 2444/656/418 2443/655/417 2431/643/405
f 2433/645/407 2445/657/419 2444/656/418 2432/644/406
f 2434/646/408 2446/658/420 2445/657/419 2433/645/407
f 2435/647/409 2447/659/421 2446/658/420 2434/646/408
f 2436/648/410 2448/660/422 2447/659/421 2435/647/409
f 2438/649/411 2450/661/423 2449/662/424 2437/650/412
f 2439/651/413 2451/663/425 2450/661/423 2438/649/411
f 2440/652/414 2452/664/1343 2451/663/425 2439/651/413
f 2441/653/415 2453/665/427 2452/664/1343 2440/652/414
f 2442/654/416 2454/666/1344 2453/665/427 2441/653/415
f 2443/655/417 2455/667/1345 2454/666/1344 2442/654/416
f 2444/656/418 2456/668/430 2455/667/1345 2443/655/417
f 2445/657/419 2457/669/1346 2456/668/430 2444/656/418
f 2446/658/420 2458/670/432 2457/669/1346 2445/657/419
f 2447/659/421 2459/671/433 2458/670/432 2446/658/420
f 2448/660/422 2460/672/434 2459/671/433 2447/659/421
f 2450/661/423 2462/673/435 2461/674/436 2449/662/424
f 2451/663/425 2463/675/437 2462/673/435 2450/661/423
f 2452/664/1343 2464/676/438 2463/675/437 2451/663/425
f 2453/665/427 2465/677/1347 2464/676/438 2452/664/1343
f 2454/666/1344 2466/678/440 2465/677/1347 2453/665/427
f 2455/667/1345 2467/679/441 2466/678/440 2454/666/1344
f 2456/668/430 2468/680/1348 2467/679/441 2455/667/1345
f 2457/669/1346 2469/681/443 2468/680/1348 2456/668/430
f 2458/670/432 2470/682/444 2469/681/443 2457/669/1346
f 2459/671/433 2471/683/445 2470/682/444 2458/670/432
f 2460/672/434 2472/684/446 2471/683/445 2459/671/433
f 2462/673/435 2474/685/3 2473/686/6 2461/674/436
f 2463/675/437 2475/687/7 2474/685/3 2462/673/435
f 2464/676/438 2476/688/9 2475/687/7 2463/675/437
f 2465/677/1347 2477/689/11 2476/688/9 2464/676/438
f 2466/678/440 2478/690/13 2477/689/11 2465/677/1347
f 2467/679/441 2479/691/15 2478/690/13 2466/678/440
f 2468/680/1348 2480/692/17 2479/691/15 2467/679/441
f 2469/681/443 2481/693/19 2480/692/17 2468/680/1348
f 2470/682/444 2482/694/21 2481/693/19 2469/681/443
f 2471/683/445 2483/695/23 2482/694/21 2470/682/444
f 2472/684/446 2484/696/25 2483/695/23 2471/683/445
f 2474/685/3 2486/697/447 2485/698/448 2473/686/6
f 2475/687/7 2487/699/449 2486/697/447 2474/685/3
f 2476/688/9 2488/700/450 2487/699/449 2475/687/7
f 2477/689/11 2489/701/451 2488/700/450 2476/688/9
f 2478/690/13 2490/702/452 2489/701/451 2477/689/11
f 2479/691/15 2491/703/453 2490/702/452 2478/690/13
f 2480/692/17 2492/704/454 2491/703/453 2479/691/15
f 2481/693/19 2493/705/455 2492/704/454 2480/692/17
f 2482/694/21 2494/706/456 2493/705/455 2481/693/19
f 2483/695/23 2495/707/457 2494/706/456 2482/694/21
f 2484/696/25 2496/708/458 2495/707/457 2483/695/23
f 2486/697/447 2498/709/459 2497/710/460 2485/698/448
f 2487/699/449 2499/711/461 2498/709/459 2486/697/447
f 2488/700/450 2500/712/462 2499/711/461 2487/699/449
f 2489/701/451 2501/713/463 2500/712/462 2488/700/450
f 2490/702/452 2502/714/464 2501/713/463 2489/701/451
f 2491/703/453 2503/715/465 2502/714/464 2490/702/452
f 2492/704/454 2504/716/466 2503/715/465 2491/703/453
f 2493/705/455 2505/717/467 2504/716/466 2492/704/454
f 2494/706/456 2506/718/468 2505/717/467 2493/705/455
f 2495/707/457 2507/719/469 2506/718/468 2494/706/456
f 2496/708/458 2508/720/470 2507/719/469 2495/707/457
f 2498/709/459 2510/721/471 2509/722/472 2497/710/460
f 2499/711/461 2511/723/473 2510/721/471 2498/709/459
f 2500/712/462 2512/724/1349 2511/723/473 2499/711/461
f 2501/713/463 2513/725/1350 2512/724/1349 2500/712/462
f 2502/714/464 2514/726/476 2513/725/1350 2501/713/463
f 2503/715/465 2515/727/477 2514/726/476 2502/714/464
f 2504/716/466 2516/728/1351 2515/727/477 2503/715/465
f 2505/717/467 2517/729/1352 2516/728/1351 2504/716/466
f 2506/718/468 2518/730/480 2517/729/1352 2505/717/467
f 2507/719/469 2519/731/481 2518/730/480 2506/718/468
f 2508/720/470 2520/732/482 2519/731/481 2507/719/469
f 2510/721/471 2522/733/483 2521/734/484 2509/722/472
f 2511/723/473 2523/735/485 2522/733/483 2510/721/471
f 2512/724/1349 2524/736/486 2523/735/485 2511/723/473
f 2513/725/1350 2525/737/487 2524/736/486 2512/724/1349
f 2514/726/476 2526/738/488 2525/737/487 2513/725/1350
f 2515/727/477 2527/739/489 2526/738/488 2514/726/476
f 2516/728/1351 2528/740/490 2527/739/489 2515/727/477
f 2517/729/1352 2529/741/491 2528/740/490 2516/728/1351
f 2518/730/480 2530/742/492 2529/741/491 2517/729/1352
f 2519/731/481 2531/743/493 2530/742/492 2518/730/480
f 2520/732/482 2532/744/494 2531/743/493 2519/731/481
f 2522/733/483 2534/745/495 2533/746/496 2521/734/484
f 2523/735/485 2535/747/497 2534/745/495 2522/733/483
f 2524/736/486 2536/748/498 2535/747/497 2523/735/485
f 2525/737/487 2537/749/499 2536/748/498 2524/736/486
f 2526/738/488 2538/750/500 2537/749/499 2525/737/487
f 2527/739/489 2539/751/501 2538/750/500 2526/738/488
f 2528/740/490 2540/752/502 2539/751/501 2527/739/489
f 2529/741/491 2541/753/503 2540/752/502 2528/740/490
f 2530/742/492 2542/754/504 2541/753/503 2529/741/491
f 2531/743/493 2543/755/505 2542/754/504 2530/742/492
f 2532/744/494 2544/756/506 2543/755/505 2531/743/493
f 2534/745/495 2546/757/507 2545/758/508 2533/746/496
f 2535/747/497 2547/759/1353 2546/757/507 2534/745/495
f 2536/748/498 2548/760/1354 2547/759/1353 2535/747/497
f 2537/749/499 2549/761/1355 2548/760/1354 2536/748/498
f 2538/750/500 2550/762/1356 2549/761/1355 2537/749/499
f 2539/751/501 2551/763/1357 2550/762/1356 2538/750/500
f 2540/752/502 2552/764/1358 2551/763/1357 2539/751/501
f 2541/753/503 2553/765/1359 2552/764/1358 2540/752/502
f 2542/754/504 2554/766/1360 2553/765/1359 2541/753/503
f 2543/755/505 2555/767/517 2554/766/1360 2542/754/504
f 2544/756/506 2556/768/518 2555/767/517 2543/755/505
f 2546/757/507 2558/769/519 2557/770/520 2545/758/508
f 2547/759/1353 2559/771/521 2558/769/519 2546/757/507
f 2548/760/1354 2560/772/1361 2559/771/521 2547/759/1353
f 2549/761/1355 2561/773/1362 2560/772/1361 2548/760/1354
f 2550/762/1356 2562/774/1363 2561/773/1362 2549/761/1355
f 2551/763/1357 2563/775/1364 2562/774/1363 2550/762/1356
f 2552/764/1358 2564/776/1365 2563/775/1364 2551/763/1357
f 2553/765/1359 2565/777/1366 2564/776/1365 2552/764/1358
f 2554/766/1360 2566/778/528 2565/777/1366 2553/765/1359
f 2555/767/517 2567/779/529 2566/778/528 2554/766/1360
f 2556/768/518 2568/780/530 2567/779/529 2555/767/517
f 2558/769/519 2570/781/531 2569/782/532 2557/770/520
f 2559/771/521 2571/783/1367 2570/781/531 2558/769/519
f 2560/772/1361 2572/784/534 2571/783/1367 2559/771/521
f 2561/773/1362 2573/785/535 2572/784/534 2560/772/1361
f 2562/774/1363 2574/786/536 2573/785/535 2561/773/1362
f 2563/775/1364 2575/787/537 2574/786/536 2562/774/1363
f 2564/776/1365 2576/788/538 2575/787/537 2563/775/1364
f 2565/777/1366 2577/789/539 2576/788/538 2564/776/1365
f 2566/778/528 2578/790/1368 2577/789/539 2565/777/1366
f 2567/779/529 2579/791/541 2578/790/1368 2566/778/528
f 2568/780/530 2580/792/542 2579/791/541 2567/779/529
f 2570/781/531 2582/793/543 2581/794/544 2569/782/532
f 2571/783/1367 2583/795/545 2582/793/543 2570/781/531
f 2572/784/534 2584/796/546 2583/795/545 2571/783/1367
f 2573/785/535 2585/797/547 2584/796/546 2572/784/534
f 2574/786/536 2586/798/548 2585/797/547 2573/785/535
f 2575/787/537 2587/799/549 2586/798/548 2574/786/536
f 2576/788/538 2588/800/550 2587/799/549 2575/787/537
f 2577/789/539 2589/801/551 2588/800/550 2576/788/538
f 2578/790/1368 2590/802/552 2589/801/551 2577/789/539
f 2579/791/541 2591/803/553 2590/802/552 2578/790/1368
f 2580/792/542 2592/804/554 2591/803/553 2579/791/541
f 2582/793/543 2594/805/1369 2593/806/556 2581/794/544
f 2583/795/545 2595/807/557 2594/805/1369 2582/793/543
f 2584/796/546 2596/808/558 2595/807/557 2583/795/545
f 2585/797/547 2597/809/1370 2596/808/558 2584/796/546
f 2586/798/548 2598/810/560 2597/809/1370 2585/797/547
f 2587/799/549 2599/811/561 2598/810/560 2586/798/548
f 2588/800/550 2600/812/1371 2599/811/561 2587/799/549
f 2589/801/551 2601/813/563 2600/812/1371 2588/800/550
f 2590/802/552 2602/814/564 2601/813/563 2589/801/551
f 2591/803/553 2603/815/1372 2602/814/564 2590/802/552
f 2592/804/554 2604/816/566 2603/815/1372 2591/803/553
f 2594/805/1369 2606/817/567 2605/818/568 2593/806/556
f 2595/807/557 2607/819/569 2606/817/567 2594/805/1369
f 2596/808/558 2608/820/570 2607/819/569 2595/807/557
f 2597/809/1370 2609/821/571 2608/820/570 2596/808/558
f 2598/810/560 2610/822/572 2609/821/571 2597/809/1370
f 2599/811/561 2611/823/573 2610/822/572 2598/810/560
f 2600/812/1371 2612/824/574 2611/823/573 2599/811/561
f 2601/813/563 2613/825/575 2612/824/574 2600/812/1371
f 2602/814/564 2614/826/576 2613/825/575 2601/813/563
f 2603/815/1372 2615/827/577 2614/826/576 2602/814/564
f 2604/816/566 2616/828/578 2615/827/577 2603/815/1372
f 2606/817/567 2030/242/51 2029/6/54 2605/818/568
f 2607/819/569 2031/243/55 2030/242/51 2606/817/567
f 2608/820/570 2032/244/57 2031/243/55 2607/819/569
f 2609/821/571 2033/245/59 2032/244/57 2608/820/570
f 2610/822/572 2034/246/1333 2033/245/59 2609/821/571
f 2611/823/573 2035/247/1335 2034/246/1333 2610/822/572
f 2612/824/574 2036/248/65 2035/247/1335 2611/823/573
f 2613/825/575 2037/249/67 2036/248/65 2612/824/574
f 2614/826/576 2038/250/69 2037/249/67 2613/825/575
f 2615/827/577 2039/251/71 2038/250/69 2614/826/576
f 2616/828/578 2040/252/73 2039/251/71 2615/827/577
f 2618/198/1285 2630/1537/1297 2629/1538/1298 2617/8/1286
f 2619/200/1287 2631/1539/1299 2630/1537/1297 2618/198/1285
f 2620/202/1373 2632/1540/1300 2631/1539/1299 2619/200/1287
f 2621/204/1289 2633/1541/1301 2632/1540/1300 2620/202/1373
f 2622/206/1290 2634/1542/1302 2633/1541/1301 2621/204/1289
f 2623/208/1291 2635/1543/1303 2634/1542/1302 2622/206/1290
f 2624/210/1292 2636/1544/1304 2635/1543/1303 2623/208/1291
f 2625/212/1374 2637/1545/1305 2636/1544/1304 2624/210/1292
f 2626/214/1294 2638/1546/1306 2637/1545/1305 2625/212/1374
f 2627/216/1295 2639/1547/1307 2638/1546/1306 2626/214/1294
f 2628/218/1296 2640/1548/1308 2639/1547/1307 2627/216/1295
f 2630/1537/1297 2642/1549/1375 2641/1550/1098 2629/1538/1298
f 2631/1539/1299 2643/1551/1376 2642/1549/1375 2630/1537/1297
f 2632/1540/1300 2644/1552/1377 2643/1551/1376 2631/1539/1299
f 2633/1541/1301 2645/1553/1378 2644/1552/1377 2632/1540/1300
f 2634/1542/1302 2646/1554/1379 2645/1553/1378 2633/1541/1301
f 2635/1543/1303 2647/1555/1380 2646/1554/1379 2634/1542/1302
f 2636/1544/1304 2648/1556/1381 2647/1555/1380 2635/1543/1303
f 2637/1545/1305 2649/1557/1382 2648/1556/1381 2636/1544/1304
f 2638/1546/1306 2650/1558/1383 2649/1557/1382 2637/1545/1305
f 2639/1547/1307 2651/1559/1384 2650/1558/1383 2638/1546/1306
f 2640/1548/1308 2652/1560/1108 2651/1559/1384 2639/1547/1307
f 2642/1549/1375 2654/1561/1097 2653/1562/1098 2641/1550/1098
f 2643/1551/1376 2655/1563/1099 2654/1561/1097 2642/1549/1375
f 2644/1552/1377 2656/1564/1100 2655/1563/1099 2643/1551/1376
f 2645/1553/1378 2657/1565/1101 2656/1564/1100 2644/1552/1377
f 2646/1554/1379 2658/1566/1102 2657/1565/1101 2645/1553/1378
f 2647/1555/1380 2659/1567/1103 2658/1566/1102 2646/1554/1379
f 2648/1556/1381 2660/1568/1104 2659/1567/1103 2647/1555/1380
f 2649/1557/1382 2661/1569/1105 2660/1568/1104 2648/1556/1381
f 2650/1558/1383 2662/1570/1106 2661/1569/1105 2649/1557/1382
f 2651/1559/1384 2663/1571/1107 2662/1570/1106 2650/1558/1383
f 2652/1560/1108 2664/1572/1108 2663/1571/1107 2651/1559/1384
f 2654/1561/1097 2666/1573/1375 2665/1574/1098 2653/1562/1098
f 2655/1563/1099 2667/1575/1376 2666/1573/1375 2654/1561/1097
f 2656/1564/1100 2668/1576/1377 2667/1575/1376 2655/1563/1099
f 2657/1565/1101 2669/1577/1378 2668/1576/1377 2656/1564/1100
f 2658/1566/1102 2670/1578/1379 2669/1577/1378 2657/1565/1101
f 2659/1567/1103 2671/1579/1380 2670/1578/1379 2658/1566/1102
f 2660/1568/1104 2672/1580/1381 2671/1579/1380 2659/1567/1103
f 2661/1569/1105 2673/1581/1382 2672/1580/1381 2660/1568/1104
f 2662/1570/1106 2674/1582/1383 2673/1581/1382 2661/1569/1105
f 2663/1571/1107 2675/1583/1384 2674/1582/1383 2662/1570/1106
f 2664/1572/1108 2676/1584/1108 2675/1583/1384 2663/1571/1107
f 2666/1573/1375 2678/220/39 2677/134/40 2665/1574/1098
f 2667/1575/1376 2679/221/41 2678/220/39 2666/1573/1375
f 2668/1576/1377 2680/222/42 2679/221/41 2667/1575/1376
f 2669/1577/1378 2681/223/1385 2680/222/42 2668/1576/1377
f 2670/1578/1379 2682/224/44 2681/223/1385 2669/1577/1378
f 2671/1579/1380 2683/225/45 2682/224/44 2670/1578/1379
f 2672/1580/1381 2684/226/1386 2683/225/45 2671/1579/1380
f 2673/1581/1382 2685/227/47 2684/226/1386 2672/1580/1381
f 2674/1582/1383 2686/228/48 2685/227/47 2673/1581/1382
f 2675/1583/1384 2687/229/49 2686/228/48 2674/1582/1383
f 2676/1584/1108 2688/230/50 2687/229/49 2675/1583/1384
f 2678/220/39 2690/1585/1387 2689/1586/40 2677/134/40
f 2679/221/41 2691/1587/1388 2690/1585/1387 2678/220/39
f 2680/222/42 2692/1588/1389 2691/1587/1388 2679/221/41
f 2681/223/1385 2693/1589/1390 2692/1588/1389 2680/222/42
f 2682/224/44 2694/1590/1391 2693/1589/1390 2681/223/1385
f 2683/225/45 2695/1591/1392 2694/1590/1391 2682/224/44
f 2684/226/1386 2696/1592/1393 2695/1591/1392 2683/225/45
f 2685/227/47 2697/1593/1394 2696/1592/1393 2684/226/1386
f 2686/228/48 2698/1594/1395 2697/1593/1394 2685/227/47
f 2687/229/49 2699/1595/1396 2698/1594/1395 2686/228/48
f 2688/230/50 2700/1596/50 2699/1595/1396 2687/229/49
f 2690/1585/1387 2702/1597/1397 2701/1598/1398 2689/1586/40
f 2691/1587/1388 2703/1599/1399 2702/1597/1397 2690/1585/1387
f 2692/1588/1389 2704/1600/1400 2703/1599/1399 2691/1587/1388
f 2693/1589/1390 2705/1601/1401 2704/1600/1400 2692/1588/1389
f 2694/1590/1391 2706/1602/1402 2705/1601/1401 2693/1589/1390
f 2695/1591/1392 2707/1603/1403 2706/1602/1402 2694/1590/1391
f 2696/1592/1393 2708/1604/1404 2707/1603/1403 2695/1591/1392
f 2697/1593/1394 2709/1605/1405 2708/1604/1404 2696/1592/1393
f 2698/1594/1395 2710/1606/1406 2709/1605/1405 2697/1593/1394
f 2699/1595/1396 2711/1607/1407 2710/1606/1406 2698/1594/1395
f 2700/1596/50 2712/1608/1408 2711/1607/1407 2699/1595/1396
f 2702/1597/1397 2714/1609/1409 2713/1610/1410 2701/1598/1398
f 2703/1599/1399 2715/1611/1411 2714/1609/1409 2702/1597/1397
f 2704/1600/1400 2716/1612/1412 2715/1611/1411 2703/1599/1399
f 2705/1601/1401 2717/1613/1413 2716/1612/1412 2704/1600/1400
f 2706/1602/1402 2718/1614/1414 2717/1613/1413 2705/1601/1401
f 2707/1603/1403 2719/1615/1415 2718/1614/1414 2706/1602/1402
f 2708/1604/1404 2720/1616/1416 2719/1615/1415 2707/1603/1403
f 2709/1605/1405 2721/1617/1417 2720/1616/1416 2708/1604/1404
f 2710/1606/1406 2722/1618/1418 2721/1617/1417 2709/1605/1405
f 2711/1607/1407 2723/1619/1419 2722/1618/1418 2710/1606/1406
f 2712/1608/1408 2724/1620/1420 2723/1619/1419 2711/1607/1407
f 2714/1609/1409 2726/1621/1275 2725/1622/6 2713/1610/1410
f 2715/1611/1411 2727/1623/1276 2726/1621/1275 2714/1609/1409
f 2716/1612/1412 2728/1624/1277 2727/1623/1276 2715/1611/1411
f 2717/1613/1413 2729/1625/1278 2728/1624/1277 2716/1612/1412
f 2718/1614/1414 2730/1626/1279 2729/1625/1278 2717/1613/1413
f 2719/1615/1415 2731/1627/1280 2730/1626/1279 2718/1614/1414
f 2720/1616/1416 2732/1628/1281 2731/1627/1280 2719/1615/1415
f 2721/1617/1417 2733/1629/1282 2732/1628/1281 2720/1616/1416
f 2722/1618/1418 2734/1630/1283 2733/1629/1282 2721/1617/1417
f 2723/1619/1419 2735/1631/1284 2734/1630/1283 2722/1618/1418
f 2724/1620/1420 2736/1632/25 2735/1631/1284 2723/1619/1419
f 2726/1621/1275 2618/242/1285 2617/6/1286 2725/1622/6
f 2727/1623/1276 2619/243/1287 2618/242/1285 2726/1621/1275
f 2728/1624/1277 2620/244/1373 2619/243/1287 2727/1623/1276
f 2729/1625/1278 2621/245/1289 2620/244/1373 2728/1624/1277
f 2730/1626/1279 2622/246/1290 2621/245/1289 2729/1625/1278
f 2731/1627/1280 2623/247/1291 2622/246/1290 2730/1626/1279
f 2732/1628/1281 2624/248/1292 2623/247/1291 2731/1627/1280
f 2733/1629/1282 2625/249/1374 2624/248/1292 2732/1628/1281
f 2734/1630/1283 2626/250/1294 2625/249/1374 2733/1629/1282
f 2735/1631/1284 2627/251/1295 2626/250/1294 2734/1630/1283
f 2736/1632/25 2628/252/1296 2627/251/1295 2735/1631/1284
f 2738/198/1421 2750/1633/1422 2749/1634/1423 2737/8/1424
f 2739/200/1425 2751/1635/1426 2750/1633/1422 2738/198/1421
f 2740/202/1427 2752/1636/1428 2751/1635/1426 2739/200/1425
f 2741/204/1429 2753/1637/1430 2752/1636/1428 2740/202/1427
f 2742/206/1431 2754/1638/1432 2753/1637/1430 2741/204/1429
f 2743/208/1433 2755/1639/1434 2754/1638/1432 2742/206/1431
f 2744/210/1435 2756/1640/1436 2755/1639/1434 2743/208/1433
f 2745/212/1437 2757/1641/1438 2756/1640/1436 2744/210/1435
f 2746/214/1439 2758/1642/1440 2757/1641/1438 2745/212/1437
f 2747/216/1441 2759/1643/1442 2758/1642/1440 2746/214/1439
f 2748/218/1443 2760/1644/1444 2759/1643/1442 2747/216/1441
f 2750/1633/1422 2762/1645/1445 2761/1646/1446 2749/1634/1423
f 2751/1635/1426 2763/1647/1447 2762/1645/1445 2750/1633/1422
f 2752/1636/1428 2764/1648/1448 2763/1647/1447 2751/1635/1426
f 2753/1637/1430 2765/1649/1449 2764/1648/1448 2752/1636/1428
f 2754/1638/1432 2766/1650/1450 2765/1649/1449 2753/1637/1430
f 2755/1639/1434 2767/1651/1451 2766/1650/1450 2754/1638/1432
f 2756/1640/1436 2768/1652/1452 2767/1651/1451 2755/1639/1434
f 2757/1641/1438 2769/1653/1453 2768/1652/1452 2756/1640/1436
f 2758/1642/1440 2770/1654/1454 2769/1653/1453 2757/1641/1438
f 2759/1643/1442 2771/1655/1455 2770/1654/1454 2758/1642/1440
f 2760/1644/1444 2772/1656/1456 2771/1655/1455 2759/1643/1442
f 2762/1645/1445 2774/1657/1155 2773/1658/1156 2761/1646/1446
f 2763/1647/1447 2775/1659/1157 2774/1657/1155 2762/1645/1445
f 2764/1648/1448 2776/1660/1158 2775/1659/1157 2763/1647/1447
f 2765/1649/1449 2777/1661/1159 2776/1660/1158 2764/1648/1448
f 2766/1650/1450 2778/1662/1160 2777/1661/1159 2765/1649/1449
f 2767/1651/1451 2779/1663/1161 2778/1662/1160 2766/1650/1450
f 2768/1652/1452 2780/1664/1162 2779/1663/1161 2767/1651/1451
f 2769/1653/1453 2781/1665/1163 2780/1664/1162 2768/1652/1452
f 2770/1654/1454 2782/1666/1164 2781/1665/1163 2769/1653/1453
f 2771/1655/1455 2783/1667/1165 2782/1666/1164 2770/1654/1454
f 2772/1656/1456 2784/1668/1166 2783/1667/1165 2771/1655/1455
f 2774/1657/1155 2786/1537/1167 2785/1538/1168 2773/1658/1156
f 2775/1659/1157 2787/1539/1169 2786/1537/1167 2774/1657/1155
f 2776/1660/1158 2788/1540/1170 2787/1539/1169 2775/1659/1157
f 2777/1661/1159 2789/1541/1171 2788/1540/1170 2776/1660/1158
f 2778/1662/1160 2790/1542/1172 2789/1541/1171 2777/1661/1159
f 2779/1663/1161 2791/1543/1173 2790/1542/1172 2778/1662/1160
f 2780/1664/1162 2792/1544/1174 2791/1543/1173 2779/1663/1161
f 2781/1665/1163 2793/1545/1175 2792/1544/1174 2780/1664/1162
f 2782/1666/1164 2794/1546/1176 2793/1545/1175 2781/1665/1163
f 2783/1667/1165 2795/1547/1177 2794/1546/1176 2782/1666/1164
f 2784/1668/1166 2796/1548/1178 2795/1547/1177 2783/1667/1165
f 2786/1537/1167 2798/864/1179 2797/165/1180 2785/1538/1168
f 2787/1539/1169 2799/865/1457 2798/864/1179 2786/1537/1167
f 2788/1540/1170 2800/866/1458 2799/865/1457 2787/1539/1169
f 2789/1541/1171 2801/867/1183 2800/866/1458 2788/1540/1170
f 2790/1542/1172 2802/868/1184 2801/867/1183 2789/1541/1171
f 2791/1543/1173 2803/869/1185 2802/868/1184 2790/1542/1172
f 2792/1544/1174 2804/870/1186 2803/869/1185 2791/1543/1173
f 2793/1545/1175 2805/871/1459 2804/870/1186 2792/1544/1174
f 2794/1546/1176 2806/872/1460 2805/871/1459 2793/1545/1175
f 2795/1547/1177 2807/873/1189 2806/872/1460 2794/1546/1176
f 2796/1548/1178 2808/874/1190 2807/873/1189 2795/1547/1177
f 2798/864/1179 2810/1669/1191 2809/1670/1192 2797/165/1180
f 2799/865/1457 2811/1671/1193 2810/1669/1191 2798/864/1179
f 2800/866/1458 2812/1672/1194 2811/1671/1193 2799/865/1457
f 2801/867/1183 2813/1673/1195 2812/1672/1194 2800/866/1458
f 2802/868/1184 2814/1674/1196 2813/1673/1195 2801/867/1183
f 2803/869/1185 2815/1675/1197 2814/1674/1196 2802/868/1184
f 2804/870/1186 2816/1676/1198 2815/1675/1197 2803/869/1185
f 2805/871/1459 2817/1677/1199 2816/1676/1198 2804/870/1186
f 2806/872/1460 2818/1678/1200 2817/1677/1199 2805/871/1459
f 2807/873/1189 2819/1679/1201 2818/1678/1200 2806/872/1460
f 2808/874/1190 2820/1680/1202 2819/1679/1201 2807/873/1189
f 2810/1669/1191 2822/1681/1461 2821/1682/1462 2809/1670/1192
f 2811/1671/1193 2823/1683/1463 2822/1681/1461 2810/1669/1191
f 2812/1672/1194 2824/1684/1464 2823/1683/1463 2811/1671/1193
f 2813/1673/1195 2825/1685/1465 2824/1684/1464 2812/1672/1194
f 2814/1674/1196 2826/1686/1466 2825/1685/1465 2813/1673/1195
f 2815/1675/1197 2827/1687/1467 2826/1686/1466 2814/1674/1196
f 2816/1676/1198 2828/1688/1468 2827/1687/1467 2815/1675/1197
f 2817/1677/1199 2829/1689/1469 2828/1688/1468 2816/1676/1198
f 2818/1678/1200 2830/1690/1470 2829/1689/1469 2817/1677/1199
f 2819/1679/1201 2831/1691/1471 2830/1690/1470 2818/1678/1200
f 2820/1680/1202 2832/1692/1472 2831/1691/1471 2819/1679/1201
f 2822/1681/1461 2834/1549/1473 2833/1550/1474 2821/1682/1462
f 2823/1683/1463 2835/1551/1475 2834/1549/1473 2822/1681/1461
f 2824/1684/1464 2836/1552/1476 2835/1551/1475 2823/1683/1463
f 2825/1685/1465 2837/1553/1477 2836/1552/1476 2824/1684/1464
f 2826/1686/1466 2838/1554/1478 2837/1553/1477 2825/1685/1465
f 2827/1687/1467 2839/1555/1479 2838/1554/1478 2826/1686/1466
f 2828/1688/1468 2840/1556/1480 2839/1555/1479 2827/1687/1467
f 2829/1689/1469 2841/1557/1481 2840/1556/1480 2828/1688/1468
f 2830/1690/1470 2842/1558/1482 2841/1557/1481 2829/1689/1469
f 2831/1691/1471 2843/1559/1483 2842/1558/1482 2830/1690/1470
f 2832/1692/1472 2844/1560/1484 2843/1559/1483 2831/1691/1471
f 2834/1549/1473 2846/1693/1485 2845/1694/1486 2833/1550/1474
f 2835/1551/1475 2847/1695/1487 2846/1693/1485 2834/1549/1473
f 2836/1552/1476 2848/1696/1488 2847/1695/1487 2835/1551/1475
f 2837/1553/1477 2849/1697/1489 2848/1696/1488 2836/1552/1476
f 2838/1554/1478 2850/1698/1490 2849/1697/1489 2837/1553/1477
f 2839/1555/1479 2851/1699/1491 2850/1698/1490 2838/1554/1478
f 2840/1556/1480 2852/1700/1492 2851/1699/1491 2839/1555/1479
f 2841/1557/1481 2853/1701/1493 2852/1700/1492 2840/1556/1480
f 2842/1558/1482 2854/1702/1494 2853/1701/1493 2841/1557/1481
f 2843/1559/1483 2855/1703/1495 2854/1702/1494 2842/1558/1482
f 2844/1560/1484 2856/1704/1496 2855/1703/1495 2843/1559/1483
f 2846/1693/1485 2858/199/1497 2857/148/1498 2845/1694/1486
f 2847/1695/1487 2859/201/1499 2858/199/1497 2846/1693/1485
f 2848/1696/1488 2860/203/1500 2859/201/1499 2847/1695/1487
f 2849/1697/1489 2861/205/1501 2860/203/1500 2848/1696/1488
f 2850/1698/1490 2862/207/1502 2861/205/1501 2849/1697/1489
f 2851/1699/1491 2863/209/1503 2862/207/1502 2850/1698/1490
f 2852/1700/1492 2864/211/1504 2863/209/1503 2851/1699/1491
f 2853/1701/1493 2865/213/1505 2864/211/1504 2852/1700/1492
f 2854/1702/1494 2866/215/1506 2865/213/1505 2853/1701/1493
f 2855/1703/1495 2867/217/1507 2866/215/1506 2854/1702/1494
f 2856/1704/1496 2868/219/1508 2867/217/1507 2855/1703/1495
f 2858/199/1497 2870/1705/1509 2869/1706/1510 2857/148/1498
f 2859/201/1499 2871/1707/1511 2870/1705/1509 2858/199/1497
f 2860/203/1500 2872/1708/1512 2871/1707/1511 2859/201/1499
f 2861/205/1501 2873/1709/1513 2872/1708/1512 2860/203/1500
f 2862/207/1502 2874/1710/1514 2873/1709/1513 2861/205/1501
f 2863/209/1503 2875/1711/1515 2874/1710/1514 2862/207/1502
f 2864/211/1504 2876/1712/1516 2875/1711/1515 2863/209/1503
f 2865/213/1505 2877/1713/1517 2876/1712/1516 2864/211/1504
f 2866/215/1506 2878/1714/1518 2877/1713/1517 2865/213/1505
f 2867/217/1507 2879/1715/1519 2878/1714/1518 2866/215/1506
f 2868/219/1508 2880/1716/1520 2879/1715/1519 2867/217/1507
f 2870/1705/1509 2882/1561/1521 2881/1562/1522 2869/1706/1510
f 2871/1707/1511 2883/1563/1523 2882/1561/1521 2870/1705/1509
f 2872/1708/1512 2884/1564/1524 2883/1563/1523 2871/1707/1511
f 2873/1709/1513 2885/1565/1525 2884/1564/1524 2872/1708/1512
f 2874/1710/1514 2886/1566/1526 2885/1565/1525 2873/1709/1513
f 2875/1711/1515 2887/1567/1527 2886/1566/1526 2874/1710/1514
f 2876/1712/1516 2888/1568/1528 2887/1567/1527 2875/1711/1515
f 2877/1713/1517 2889/1569/1529 2888/1568/1528 2876/1712/1516
f 2878/1714/1518 2890/1570/1530 2889/1569/1529 2877/1713/1517
f 2879/1715/1519 2891/1571/1531 2890/1570/1530 2878/1714/1518
f 2880/1716/1520 2892/1572/1532 2891/1571/1531 2879/1715/1519
f 2882/1561/1521 2894/1717/1533 2893/1718/1534 2881/1562/1522
f 2883/1563/1523 2895/1719/1535 2894/1717/1533 2882/1561/1521
f 2884/1564/1524 2896/1720/1536 2895/1719/1535 2883/1563/1523
f 2885/1565/1525 2897/1721/1537 2896/1720/1536 2884/1564/1524
f 2886/1566/1526 2898/1722/1538 2897/1721/1537 2885/1565/1525
f 2887/1567/1527 2899/1723/1539 2898/1722/1538 2886/1566/1526
f 2888/1568/1528 2900/1724/1540 2899/1723/1539 2887/1567/1527
f 2889/1569/1529 2901/1725/1541 2900/1724/1540 2888/1568/1528
f 2890/1570/1530 2902/1726/1542 2901/1725/1541 2889/1569/1529
f 2891/1571/1531 2903/1727/1543 2902/1726/1542 2890/1570/1530
f 2892/1572/1532 2904/1728/1544 2903/1727/1543 2891/1571/1531
f 2894/1717/1533 2906/1729/1545 2905/1730/1546 2893/1718/1534
f 2895/1719/1535 2907/1731/1547 2906/1729/1545 2894/1717/1533
f 2896/1720/1536 2908/1732/1548 2907/1731/1547 2895/1719/1535
f 2897/1721/1537 2909/1733/1549 2908/1732/1548 2896/1720/1536
f 2898/1722/1538 2910/1734/1550 2909/1733/1549 2897/1721/1537
f 2899/1723/1539 2911/1735/1551 2910/1734/1550 2898/1722/1538
f 2900/1724/1540 2912/1736/1552 2911/1735/1551 2899/1723/1539
f 2901/1725/1541 2913/1737/1553 2912/1736/1552 2900/1724/1540
f 2902/1726/1542 2914/1738/1554 2913/1737/1553 2901/1725/1541
f 2903/1727/1543 2915/1739/1555 2914/1738/1554 2902/1726/1542
f 2904/1728/1544 2916/1740/1556 2915/1739/1555 2903/1727/1543
f 2906/1729/1545 2918/945/1557 2917/140/1558 2905/1730/1546
f 2907/1731/1547 2919/946/1559 2918/945/1557 2906/1729/1545
f 2908/1732/1548 2920/947/1560 2919/946/1559 2907/1731/1547
f 2909/1733/1549 2921/948/1561 2920/947/1560 2908/1732/1548
f 2910/1734/1550 2922/949/1562 2921/948/1561 2909/1733/1549
f 2911/1735/1551 2923/950/1563 2922/949/1562 2910/1734/1550
f 2912/1736/1552 2924/951/1564 2923/950/1563 2911/1735/1551
f 2913/1737/1553 2925/952/1565 2924/951/1564 2912/1736/1552
f 2914/1738/1554 2926/953/1566 2925/952/1565 2913/1737/1553
f 2915/1739/1555 2927/954/1567 2926/953/1566 2914/1738/1554
f 2916/1740/1556 2928/955/1568 2927/954/1567 2915/1739/1555
f 2918/945/1557 2930/1573/1569 2929/1574/1570 2917/140/1558
f 2919/946/1559 2931/1575/1571 2930/1573/1569 2918/945/1557
f 2920/947/1560 2932/1576/1572 2931/1575/1571 2919/946/1559
f 2921/948/1561 2933/1577/1573 2932/1576/1572 2920/947/1560
f 2922/949/1562 2934/1578/1574 2933/1577/1573 2921/948/1561
f 2923/950/1563 2935/1579/1575 2934/1578/1574 2922/949/1562
f 2924/951/1564 2936/1580/1576 2935/1579/1575 2923/950/1563
f 2925/952/1565 2937/1581/1577 2936/1580/1576 2924/951/1564
f 2926/953/1566 2938/1582/1578 2937/1581/1577 2925/952/1565
f 2927/954/1567 2939/1583/1579 2938/1582/1578 2926/953/1566
f 2928/955/1568 2940/1584/1580 2939/1583/1579 2927/954/1567
f 2930/1573/1569 2942/1741/1581 2941/1742/1582 2929/1574/1570
f 2931/1575/1571 2943/1743/1583 2942/1741/1581 2930/1573/1569
f 2932/1576/1572 2944/1744/1584 2943/1743/1583 2931/1575/1571
f 2933/1577/1573 2945/1745/1585 2944/1744/1584 2932/1576/1572
f 2934/1578/1574 2946/1746/1586 2945/1745/1585 2933/1577/1573
f 2935/1579/1575 2947/1747/1587 2946/1746/1586 2934/1578/1574
f 2936/1580/1576 2948/1748/1588 2947/1747/1587 2935/1579/1575
f 2937/1581/1577 2949/1749/1589 2948/1748/1588 2936/1580/1576
f 2938/1582/1578 2950/1750/1590 2949/1749/1589 2937/1581/1577
f 2939/1583/1579 2951/1751/1591 2950/1750/1590 2938/1582/1578
f 2940/1584/1580 2952/1752/1592 2951/1751/1591 2939/1583/1579
f 2942/1741/1581 2954/1753/1593 2953/1754/1594 2941/1742/1582
f 2943/1743/1583 2955/1755/1595 2954/1753/1593 2942/1741/1581
f 2944/1744/1584 2956/1756/1596 2955/1755/1595 2943/1743/1583
f 2945/1745/1585 2957/1757/1597 2956/1756/1596 2944/1744/1584
f 2946/1746/1586 2958/1758/1598 2957/1757/1597 2945/1745/1585
f 2947/1747/1587 2959/1759/1599 2958/1758/1598 2946/1746/1586
f 2948/1748/1588 2960/1760/1600 2959/1759/1599 2947/1747/1587
f 2949/1749/1589 2961/1761/1601 2960/1760/1600 2948/1748/1588
f 2950/1750/1590 2962/1762/1602 2961/1761/1601 2949/1749/1589
f 2951/1751/1591 2963/1763/1603 2962/1762/1602 2950/1750/1590
f 2952/1752/1592 2964/1764/1604 2963/1763/1603 2951/1751/1591
f 2954/1753/1593 2966/1765/1605 2965/1766/1606 2953/1754/1594
f 2955/1755/1595 2967/1767/1607 2966/1765/1605 2954/1753/1593
f 2956/1756/1596 2968/1768/1608 2967/1767/1607 2955/1755/1595
f 2957/1757/1597 2969/1769/1609 2968/1768/1608 2956/1756/1596
f 2958/1758/1598 2970/1770/1610 2969/1769/1609 2957/1757/1597
f 2959/1759/1599 2971/1771/1611 2970/1770/1610 2958/1758/1598
f 2960/1760/1600 2972/1772/1612 2971/1771/1611 2959/1759/1599
f 2961/1761/1601 2973/1773/1613 2972/1772/1612 2960/1760/1600
f 2962/1762/1602 2974/1774/1614 2973/1773/1613 2961/1761/1601
f 2963/1763/1603 2975/1775/1615 2974/1774/1614 2962/1762/1602
f 2964/1764/1604 2976/1776/1616 2975/1775/1615 2963/1763/1603
f 2966/1765/1605 2978/220/1617 2977/134/1618 2965/1766/1606
f 2967/1767/1607 2979/221/1619 2978/220/1617 2966/1765/1605
f 2968/1768/1608 2980/222/1620 2979/221/1619 2967/1767/1607
f 2969/1769/1609 2981/223/1621 2980/222/1620 2968/1768/1608
f 2970/1770/1610 2982/224/1622 2981/223/1621 2969/1769/1609
f 2971/1771/1611 2983/225/1623 2982/224/1622 2970/1770/1610
f 2972/1772/1612 2984/226/1624 2983/225/1623 2971/1771/1611
f 2973/1773/1613 2985/227/1625 2984/226/1624 2972/1772/1612
f 2974/1774/1614 2986/228/1626 2985/227/1625 2973/1773/1613
f 2975/1775/1615 2987/229/1627 2986/228/1626 2974/1774/1614
f 2976/1776/1616 2988/230/1628 2987/229/1627 2975/1775/1615
f 2978/220/1617 2990/1777/1629 2989/1778/1630 2977/134/1618
f 2979/221/1619 2991/1779/1631 2990/1777/1629 2978/220/1617
f 2980/222/1620 2992/1780/1632 2991/1779/1631 2979/221/1619
f 2981/223/1621 2993/1781/1633 2992/1780/1632 2980/222/1620
f 2982/224/1622 2994/1782/1634 2993/1781/1633 2981/223/1621
f 2983/225/1623 2995/1783/1635 2994/1782/1634 2982/224/1622
f 2984/226/1624 2996/1784/1636 2995/1783/1635 2983/225/1623
f 2985/227/1625 2997/1785/1637 2996/1784/1636 2984/226/1624
f 2986/228/1626 2998/1786/1638 2997/1785/1637 2985/227/1625
f 2987/229/1627 2999/1787/1639 2998/1786/1638 2986/228/1626
f 2988/230/1628 3000/1788/1640 2999/1787/1639 2987/229/1627
f 2990/1777/1629 3002/1789/1641 3001/1790/1642 2989/1778/1630
f 2991/1779/1631 3003/1791/1643 3002/1789/1641 2990/1777/1629
f 2992/1780/1632 3004/1792/1644 3003/1791/1643 2991/1779/1631
f 2993/1781/1633 3005/1793/1645 3004/1792/1644 2992/1780/1632
f 2994/1782/1634 3006/1794/1646 3005/1793/1645 2993/1781/1633
f 2995/1783/1635 3007/1795/1647 3006/1794/1646 2994/1782/1634
f 2996/1784/1636 3008/1796/1648 3007/1795/1647 2995/1783/1635
f 2997/1785/1637 3009/1797/1649 3008/1796/1648 2996/1784/1636
f 2998/1786/1638 3010/1798/1650 3009/1797/1649 2997/1785/1637
f 2999/1787/1639 3011/1799/1651 3010/1798/1650 2998/1786/1638
f 3000/1788/1640 3012/1800/1652 3011/1799/1651 2999/1787/1639
f 3002/1789/1641 3014/1801/1653 3013/1802/1654 3001/1790/1642
f 3003/1791/1643 3015/1803/1655 3014/1801/1653 3002/1789/1641
f 3004/1792/1644 3016/1804/1656 3015/1803/1655 3003/1791/1643
f 3005/1793/1645 3017/1805/1657 3016/1804/1656 3004/1792/1644
f 3006/1794/1646 3018/1806/1658 3017/1805/1657 3005/1793/1645
f 3007/1795/1647 3019/1807/1659 3018/1806/1658 3006/1794/1646
f 3008/1796/1648 3020/1808/1660 3019/1807/1659 3007/1795/1647
f 3009/1797/1649 3021/1809/1661 3020/1808/1660 3008/1796/1648
f 3010/1798/1650 3022/1810/1662 3021/1809/1661 3009/1797/1649
f 3011/1799/1651 3023/1811/1663 3022/1810/1662 3010/1798/1650
f 3012/1800/1652 3024/1812/1664 3023/1811/1663 3011/1799/1651
f 3014/1801/1653 3026/1585/1665 3025/1586/1666 3013/1802/1654
f 3015/1803/1655 3027/1587/1667 3026/1585/1665 3014/1801/1653
f 3016/1804/1656 3028/1588/1668 3027/1587/1667 3015/1803/1655
f 3017/1805/1657 3029/1589/1669 3028/1588/1668 3016/1804/1656
f 3018/1806/1658 3030/1590/1670 3029/1589/1669 3017/1805/1657
f 3019/1807/1659 3031/1591/1671 3030/1590/1670 3018/1806/1658
f 3020/1808/1660 3032/1592/1672 3031/1591/1671 3019/1807/1659
f 3021/1809/1661 3033/1593/1673 3032/1592/1672 3020/1808/1660
f 3022/1810/1662 3034/1594/1674 3033/1593/1673 3021/1809/1661
f 3023/1811/1663 3035/1595/1675 3034/1594/1674 3022/1810/1662
f 3024/1812/1664 3036/1596/1676 3035/1595/1675 3023/1811/1663
f 3026/1585/1665 3038/1026/1677 3037/125/1678 3025/1586/1666
f 3027/1587/1667 3039/1027/1679 3038/1026/1677 3026/1585/1665
f 3028/1588/1668 3040/1028/1680 3039/1027/1679 3027/1587/1667
f 3029/1589/1669 3041/1029/1681 3040/1028/1680 3028/1588/1668
f 3030/1590/1670 3042/1030/1682 3041/1029/1681 3029/1589/1669
f 3031/1591/1671 3043/1031/1683 3042/1030/1682 3030/1590/1670
f 3032/1592/1672 3044/1032/1684 3043/1031/1683 3031/1591/1671
f 3033/1593/1673 3045/1033/1685 3044/1032/1684 3032/1592/1672
f 3034/1594/1674 3046/1034/1686 3045/1033/1685 3033/1593/1673
f 3035/1595/1675 3047/1035/1687 3046/1034/1686 3034/1594/1674
f 3036/1596/1676 3048/1036/1688 3047/1035/1687 3035/1595/1675
f 3038/1026/1677 3050/1813/1689 3049/1814/1690 3037/125/1678
f 3039/1027/1679 3051/1815/1691 3050/1813/1689 3038/1026/1677
f 3040/1028/1680 3052/1816/1692 3051/1815/1691 3039/1027/1679
f 3041/1029/1681 3053/1817/1693 3052/1816/1692 3040/1028/1680
f 3042/1030/1682 3054/1818/1694 3053/1817/1693 3041/1029/1681
f 3043/1031/1683 3055/1819/1695 3054/1818/1694 3042/1030/1682
f 3044/1032/1684 3056/1820/1696 3055/1819/1695 3043/1031/1683
f 3045/1033/1685 3057/1821/1697 3056/1820/1696 3044/1032/1684
f 3046/1034/1686 3058/1822/1698 3057/1821/1697 3045/1033/1685
f 3047/1035/1687 3059/1823/1699 3058/1822/1698 3046/1034/1686
f 3048/1036/1688 3060/1824/1700 3059/1823/1699 3047/1035/1687
f 3050/1813/1689 3062/1825/1701 3061/1826/1702 3049/1814/1690
f 3051/1815/1691 3063/1827/1703 3062/1825/1701 3050/1813/1689
f 3052/1816/1692 3064/1828/1704 3063/1827/1703 3051/1815/1691
f 3053/1817/1693 3065/1829/1705 3064/1828/1704 3052/1816/1692
f 3054/1818/1694 3066/1830/1706 3065/1829/1705 3053/1817/1693
f 3055/1819/1695 3067/1831/1707 3066/1830/1706 3054/1818/1694
f 3056/1820/1696 3068/1832/1708 3067/1831/1707 3055/1819/1695
f 3057/1821/1697 3069/1833/1709 3068/1832/1708 3056/1820/1696
f 3058/1822/1698 3070/1834/1710 3069/1833/1709 3057/1821/1697
f 3059/1823/1699 3071/1835/1711 3070/1834/1710 3058/1822/1698
f 3060/1824/1700 3072/1836/1712 3071/1835/1711 3059/1823/1699
f 3062/1825/1701 3074/1597/1713 3073/1598/1714 3061/1826/1702
f 3063/1827/1703 3075/1599/1715 3074/1597/1713 3062/1825/1701
f 3064/1828/1704 3076/1600/1716 3075/1599/1715 3063/1827/1703
f 3065/1829/1705 3077/1601/1717 3076/1600/1716 3064/1828/1704
f 3066/1830/1706 3078/1602/1718 3077/1601/1717 3065/1829/1705
f 3067/1831/1707 3079/1603/1719 3078/1602/1718 3066/1830/1706
f 3068/1832/1708 3080/1604/1720 3079/1603/1719 3067/1831/1707
f 3069/1833/1709 3081/1605/1721 3080/1604/1720 3068/1832/1708
f 3070/1834/1710 3082/1606/1722 3081/1605/1721 3069/1833/1709
f 3071/1835/1711 3083/1607/1723 3082/1606/1722 3070/1834/1710
f 3072/1836/1712 3084/1608/1724 3083/1607/1723 3071/1835/1711
f 3074/1597/1713 3086/1837/1725 3085/1838/1726 3073/1598/1714
f 3075/1599/1715 3087/1839/1727 3086/1837/1725 3074/1597/1713
f 3076/1600/1716 3088/1840/1728 3087/1839/1727 3075/1599/1715
f 3077/1601/1717 3089/1841/1729 3088/1840/1728 3076/1600/1716
f 3078/1602/1718 3090/1842/1730 3089/1841/1729 3077/1601/1717
f 3079/1603/1719 3091/1843/1731 3090/1842/1730 3078/1602/1718
f 3080/1604/1720 3092/1844/1732 3091/1843/1731 3079/1603/1719
f 3081/1605/1721 3093/1845/1733 3092/1844/1732 3080/1604/1720
f 3082/1606/1722 3094/1846/1734 3093/1845/1733 3081/1605/1721
f 3083/1607/1723 3095/1847/1735 3094/1846/1734 3082/1606/1722
f 3084/1608/1724 3096/1848/1736 3095/1847/1735 3083/1607/1723
f 3086/1837/1725 3098/231/1737 3097/126/1738 3085/1838/1726
f 3087/1839/1727 3099/232/1739 3098/231/1737 3086/1837/1725
f 3088/1840/1728 3100/233/1740 3099/232/1739 3087/1839/1727
f 3089/1841/1729 3101/234/1741 3100/233/1740 3088/1840/1728
f 3090/1842/1730 3102/235/1742 3101/234/1741 3089/1841/1729
f 3091/1843/1731 3103/236/1743 3102/235/1742 3090/1842/1730
f 3092/1844/1732 3104/237/1744 3103/236/1743 3091/1843/1731
f 3093/1845/1733 3105/238/1745 3104/237/1744 3092/1844/1732
f 3094/1846/1734 3106/239/1746 3105/238/1745 3093/1845/1733
f 3095/1847/1735 3107/240/1747 3106/239/1746 3094/1846/1734
f 3096/1848/1736 3108/241/1748 3107/240/1747 3095/1847/1735
f 3098/231/1737 3110/1849/1749 3109/1850/1750 3097/126/1738
f 3099/232/1739 3111/1851/1751 3110/1849/1749 3098/231/1737
f 3100/233/1740 3112/1852/1752 3111/1851/1751 3099/232/1739
f 3101/234/1741 3113/1853/1753 3112/1852/1752 3100/233/1740
f 3102/235/1742 3114/1854/1754 3113/1853/1753 3101/234/1741
f 3103/236/1743 3115/1855/1755 3114/1854/1754 3102/235/1742
f 3104/237/1744 3116/1856/1756 3115/1855/1755 3103/236/1743
f 3105/238/1745 3117/1857/1757 3116/1856/1756 3104/237/1744
f 3106/239/1746 3118/1858/1758 3117/1857/1757 3105/238/1745
f 3107/240/1747 3119/1859/1759 3118/1858/1758 3106/239/1746
f 3108/241/1748 3120/1860/1760 3119/1859/1759 3107/240/1747
f 3110/1849/1749 3122/1609/1761 3121/1610/1762 3109/1850/1750
f 3111/1851/1751 3123/1611/1763 3122/1609/1761 3110/1849/1749
f 3112/1852/1752 3124/1612/1764 3123/1611/1763 3111/1851/1751
f 3113/1853/1753 3125/1613/1765 3124/1612/1764 3112/1852/1752
f 3114/1854/1754 3126/1614/1766 3125/1613/1765 3113/1853/1753
f 3115/1855/1755 3127/1615/1767 3126/1614/1766 3114/1854/1754
f 3116/1856/1756 3128/1616/1768 3127/1615/1767 3115/1855/1755
f 3117/1857/1757 3129/1617/1769 3128/1616/1768 3116/1856/1756
f 3118/1858/1758 3130/1618/1770 3129/1617/1769 3117/1857/1757
f 3119/1859/1759 3131/1619/1771 3130/1618/1770 3118/1858/1758
f 3120/1860/1760 3132/1620/1772 3131/1619/1771 3119/1859/1759
f 3122/1609/1761 3134/1861/1773 3133/1862/1774 3121/1610/1762
f 3123/1611/1763 3135/1863/1775 3134/1861/1773 3122/1609/1761
f 3124/1612/1764 3136/1864/1776 3135/1863/1775 3123/1611/1763
f 3125/1613/1765 3137/1865/1777 3136/1864/1776 3124/1612/1764
f 3126/1614/1766 3138/1866/1778 3137/1865/1777 3125/1613/1765
f 3127/1615/1767 3139/1867/1779 3138/1866/1778 3126/1614/1766
f 3128/1616/1768 3140/1868/1780 3139/1867/1779 3127/1615/1767
f 3129/1617/1769 3141/1869/1781 3140/1868/1780 3128/1616/1768
f 3130/1618/1770 3142/1870/1782 3141/1869/1781 3129/1617/1769
f 3131/1619/1771 3143/1871/1783 3142/1870/1782 3130/1618/1770
f 3132/1620/1772 3144/1872/1784 3143/1871/1783 3131/1619/1771
f 3134/1861/1773 3146/1873/1785 3145/1874/1786 3133/1862/1774
f 3135/1863/1775 3147/1875/1787 3146/1873/1785 3134/1861/1773
f 3136/1864/1776 3148/1876/1788 3147/1875/1787 3135/1863/1775
f 3137/1865/1777 3149/1877/1789 3148/1876/1788 3136/1864/1776
f 3138/1866/1778 3150/1878/1790 3149/1877/1789 3137/1865/1777
f 3139/1867/1779 3151/1879/1791 3150/1878/1790 3138/1866/1778
f 3140/1868/1780 3152/1880/1792 3151/1879/1791 3139/1867/1779
f 3141/1869/1781 3153/1881/1793 3152/1880/1792 3140/1868/1780
f 3142/1870/1782 3154/1882/1794 3153/1881/1793 3141/1869/1781
f 3143/1871/1783 3155/1883/1795 3154/1882/1794 3142/1870/1782
f 3144/1872/1784 3156/1884/1796 3155/1883/1795 3143/1871/1783
f 3146/1873/1785 3158/1107/1797 3157/158/1798 3145/1874/1786
f 3147/1875/1787 3159/1108/1799 3158/1107/1797 3146/1873/1785
f 3148/1876/1788 3160/1109/1800 3159/1108/1799 3147/1875/1787
f 3149/1877/1789 3161/1110/1801 3160/1109/1800 3148/1876/1788
f 3150/1878/1790 3162/1111/1802 3161/1110/1801 3149/1877/1789
f 3151/1879/1791 3163/1112/1803 3162/1111/1802 3150/1878/1790
f 3152/1880/1792 3164/1113/1804 3163/1112/1803 3151/1879/1791
f 3153/1881/1793 3165/1114/1805 3164/1113/1804 3152/1880/1792
f 3154/1882/1794 3166/1115/1806 3165/1114/1805 3153/1881/1793
f 3155/1883/1795 3167/1116/1807 3166/1115/1806 3154/1882/1794
f 3156/1884/1796 3168/1117/1808 3167/1116/1807 3155/1883/1795
f 3158/1107/1797 3170/1621/1809 3169/1622/1810 3157/158/1798
f 3159/1108/1799 3171/1623/1811 3170/1621/1809 3158/1107/1797
f 3160/1109/1800 3172/1624/1812 3171/1623/1811 3159/1108/1799
f 3161/1110/1801 3173/1625/1813 3172/1624/1812 3160/1109/1800
f 3162/1111/1802 3174/1626/1814 3173/1625/1813 3161/1110/1801
f 3163/1112/1803 3175/1627/1815 3174/1626/1814 3162/1111/1802
f 3164/1113/1804 3176/1628/1816 3175/1627/1815 3163/1112/1803
f 3165/1114/1805 3177/1629/1817 3176/1628/1816 3164/1113/1804
f 3166/1115/1806 3178/1630/1818 3177/1629/1817 3165/1114/1805
f 3167/1116/1807 3179/1631/1819 3178/1630/1818 3166/1115/1806
f 3168/1117/1808 3180/1632/1820 3179/1631/1819 3167/1116/1807
f 3170/1621/1809 3182/1885/1821 3181/1886/1822 3169/1622/1810
f 3171/1623/1811 3183/1887/1823 3182/1885/1821 3170/1621/1809
f 3172/1624/1812 3184/1888/1824 3183/1887/1823 3171/1623/1811
f 3173/1625/1813 3185/1889/1825 3184/1888/1824 3172/1624/1812
f 3174/1626/1814 3186/1890/1826 3185/1889/1825 3173/1625/1813
f 3175/1627/1815 3187/1891/1827 3186/1890/1826 3174/1626/1814
f 3176/1628/1816 3188/1892/1828 3187/1891/1827 3175/1627/1815
f 3177/1629/1817 3189/1893/1829 3188/1892/1828 3176/1628/1816
f 3178/1630/1818 3190/1894/1830 3189/1893/1829 3177/1629/1817
f 3179/1631/1819 3191/1895/1831 3190/1894/1830 3178/1630/1818
f 3180/1632/1820 3192/1896/1832 3191/1895/1831 3179/1631/1819
f 3182/1885/1821 3194/1897/1833 3193/1898/1834 3181/1886/1822
f 3183/1887/1823 3195/1899/1835 3194/1897/1833 3182/1885/1821
f 3184/1888/1824 3196/1900/1836 3195/1899/1835 3183/1887/1823
f 3185/1889/1825 3197/1901/1837 3196/1900/1836 3184/1888/1824
f 3186/1890/1826 3198/1902/1838 3197/1901/1837 3185/1889/1825
f 3187/1891/1827 3199/1903/1839 3198/1902/1838 3186/1890/1826
f 3188/1892/1828 3200/1904/1840 3199/1903/1839 3187/1891/1827
f 3189/1893/1829 3201/1905/1841 3200/1904/1840 3188/1892/1828
f 3190/1894/1830 3202/1906/1842 3201/1905/1841 3189/1893/1829
f 3191/1895/1831 3203/1907/1843 3202/1906/1842 3190/1894/1830
f 3192/1896/1832 3204/1908/1844 3203/1907/1843 3191/1895/1831
f 3194/1897/1833 3206/1909/1845 3205/1910/1846 3193/1898/1834
f 3195/1899/1835 3207/1911/1847 3206/1909/1845 3194/1897/1833
f 3196/1900/1836 3208/1912/1848 3207/1911/1847 3195/1899/1835
f 3197/1901/1837 3209/1913/1849 3208/1912/1848 3196/1900/1836
f 3198/1902/1838 3210/1914/1850 3209/1913/1849 3197/1901/1837
f 3199/1903/1839 3211/1915/1851 3210/1914/1850 3198/1902/1838
f 3200/1904/1840 3212/1916/1852 3211/1915/1851 3199/1903/1839
f 3201/1905/1841 3213/1917/1853 3212/1916/1852 3200/1904/1840
f 3202/1906/1842 3214/1918/1854 3213/1917/1853 3201/1905/1841
f 3203/1907/1843 3215/1919/1855 3214/1918/1854 3202/1906/1842
f 3204/1908/1844 3216/1920/1856 3215/1919/1855 3203/1907/1843
f 3206/1909/1845 2738/242/1421 2737/6/1424 3205/1910/1846
f 3207/1911/1847 2739/243/1425 2738/242/1421 3206/1909/1845
f 3208/1912/1848 2740/244/1427 2739/243/1425 3207/1911/1847
f 3209/1913/1849 2741/245/1429 2740/244/1427 3208/1912/1848
f 3210/1914/1850 2742/246/1431 2741/245/1429 3209/1913/1849
f 3211/1915/1851 2743/247/1433 2742/246/1431 3210/1914/1850
f 3212/1916/1852 2744/248/1435 2743/247/1433 3211/1915/1851
f 3213/1917/1853 2745/249/1437 2744/248/1435 3212/1916/1852
f 3214/1918/1854 2746/250/1439 2745/249/1437 3213/1917/1853
f 3215/1919/1855 2747/251/1441 2746/250/1439 3214/1918/1854
f 3216/1920/1856 2748/252/1443 2747/251/1441 3215/1919/1855
f 3218/198/1109 3230/199/1275 3229/148/6 3217/8/448
f 3219/200/1110 3231/201/1276 3230/199/1275 3218/198/1109
f 3220/202/1111 3232/203/1277 3231/201/1276 3219/200/1110
f 3221/204/1112 3233/205/1278 3232/203/1277 3220/202/1111
f 3222/206/1113 3234/207/1279 3233/205/1278 3221/204/1112
f 3223/208/1114 3235/209/1280 3234/207/1279 3222/206/1113
f 3224/210/1115 3236/211/1281 3235/209/1280 3223/208/1114
f 3225/212/1116 3237/213/1282 3236/211/1281 3224/210/1115
f 3226/214/1117 3238/215/1283 3237/213/1282 3225/212/1116
f 3227/216/1118 3239/217/1284 3238/215/1283 3226/214/1117
f 3228/218/458 3240/219/25 3239/217/1284 3227/216/1118
f 3230/199/1275 3242/220/1387 3241/134/40 3229/148/6
f 3231/201/1276 3243/221/1388 3242/220/1387 3230/199/1275
f 3232/203/1277 3244/222/1389 3243/221/1388 3231/201/1276
f 3233/205/1278 3245/223/1390 3244/222/1389 3232/203/1277
f 3234/207/1279 3246/224/1391 3245/223/1390 3233/205/1278
f 3235/209/1280 3247/225/1392 3246/224/1391 3234/207/1279
f 3236/211/1281 3248/226/1393 3247/225/1392 3235/209/1280
f 3237/213/1282 3249/227/1394 3248/226/1393 3236/211/1281
f 3238/215/1283 3250/228/1395 3249/227/1394 3237/213/1282
f 3239/217/1284 3251/229/1396 3250/228/1395 3238/215/1283
f 3240/219/25 3252/230/50 3251/229/1396 3239/217/1284
f 3242/220/1387 3254/231/1097 3253/126/1098 3241/134/40
f 3243/221/1388 3255/232/1099 3254/231/1097 3242/220/1387
f 3244/222/1389 3256/233/1100 3255/232/1099 3243/221/1388
f 3245/223/1390 3257/234/1101 3256/233/1100 3244/222/1389
f 3246/224/1391 3258/235/1102 3257/234/1101 3245/223/1390
f 3247/225/1392 3259/236/1103 3258/235/1102 3246/224/1391
f 3248/226/1393 3260/237/1104 3259/236/1103 3247/225/1392
f 3249/227/1394 3261/238/1105 3260/237/1104 3248/226/1393
f 3250/228/1395 3262/239/1106 3261/238/1105 3249/227/1394
f 3251/229/1396 3263/240/1107 3262/239/1106 3250/228/1395
f 3252/230/50 3264/241/1108 3263/240/1107 3251/229/1396
f 3254/231/1097 3218/242/1109 3217/6/448 3253/126/1098
f 3255/232/1099 3219/243/1110 3218/242/1109 3254/231/1097
f 3256/233/1100 3220/244/1111 3219/243/1110 3255/232/1099
f 3257/234/1101 3221/245/1112 3220/244/1111 3256/233/1100
f 3258/235/1102 3222/246/1113 3221/245/1112 3257/234/1101
f 3259/236/1103 3223/247/1114 3222/246/1113 3258/235/1102
f 3260/237/1104 3224/248/1115 3223/247/1114 3259/236/1103
f 3261/238/1105 3225/249/1116 3224/248/1115 3260/237/1104
f 3262/239/1106 3226/250/1117 3225/249/1116 3261/238/1105
f 3263/240/1107 3227/251/1118 3226/250/1117 3262/239/1106
f 3264/241/1108 3228/252/458 3227/251/1118 3263/240/1107
f 3266/198/1857 3278/1921/1858 3277/1922/1859 3265/8/1860
f 3267/200/1861 3279/1923/1862 3278/1921/1858 3266/198/1857
f 3268/202/1863 3280/1924/1864 3279/1923/1862 3267/200/1861
f 3269/204/1865 3281/1925/1866 3280/1924/1864 3268/202/1863
f 3270/206/1867 3282/1926/1868 3281/1925/1866 3269/204/1865
f 3271/208/1869 3283/1927/1870 3282/1926/1868 3270/206/1867
f 3272/210/1871 3284/1928/1872 3283/1927/1870 3271/208/1869
f 3273/212/1873 3285/1929/1874 3284/1928/1872 3272/210/1871
f 3274/214/1875 3286/1930/1876 3285/1929/1874 3273/212/1873
f 3275/216/1877 3287/1931/1878 3286/1930/1876 3274/214/1875
f 3276/218/1879 3288/1932/1880 3287/1931/1878 3275/216/1877
f 3278/1921/1858 3290/1933/1881 3289/1934/1882 3277/1922/1859
f 3279/1923/1862 3291/1935/1883 3290/1933/1881 3278/1921/1858
f 3280/1924/1864 3292/1936/1884 3291/1935/1883 3279/1923/1862
f 3281/1925/1866 3293/1937/1885 3292/1936/1884 3280/1924/1864
f 3282/1926/1868 3294/1938/1886 3293/1937/1885 3281/1925/1866
f 3283/1927/1870 3295/1939/1887 3294/1938/1886 3282/1926/1868
f 3284/1928/1872 3296/1940/1888 3295/1939/1887 3283/1927/1870
f 3285/1929/1874 3297/1941/1889 3296/1940/1888 3284/1928/1872
f 3286/1930/1876 3298/1942/1890 3297/1941/1889 3285/1929/1874
f 3287/1931/1878 3299/1943/1891 3298/1942/1890 3286/1930/1876
f 3288/1932/1880 3300/1944/1892 3299/1943/1891 3287/1931/1878
f 3290/1933/1881 3302/1945/1893 3301/1946/1894 3289/1934/1882
f 3291/1935/1883 3303/1947/1895 3302/1945/1893 3290/1933/1881
f 3292/1936/1884 3304/1948/1896 3303/1947/1895 3291/1935/1883
f 3293/1937/1885 3305/1949/1897 3304/1948/1896 3292/1936/1884
f 3294/1938/1886 3306/1950/1898 3305/1949/1897 3293/1937/1885
f 3295/1939/1887 3307/1951/1899 3306/1950/1898 3294/1938/1886
f 3296/1940/1888 3308/1952/1900 3307/1951/1899 3295/1939/1887
f 3297/1941/1889 3309/1953/1901 3308/1952/1900 3296/1940/1888
f 3298/1942/1890 3310/1954/1902 3309/1953/1901 3297/1941/1889
f 3299/1943/1891 3311/1955/1903 3310/1954/1902 3298/1942/1890
f 3300/1944/1892 3312/1956/1904 3311/1955/1903 3299/1943/1891
f 3302/1945/1893 3314/1957/1905 3313/1958/1906 3301/1946/1894
f 3303/1947/1895 3315/1959/1907 3314/1957/1905 3302/1945/1893
f 3304/1948/1896 3316/1960/1908 3315/1959/1907 3303/1947/1895
f 3305/1949/1897 3317/1961/1909 3316/1960/1908 3304/1948/1896
f 3306/1950/1898 3318/1962/1910 3317/1961/1909 3305/1949/1897
f 3307/1951/1899 3319/1963/1911 3318/1962/1910 3306/1950/1898
f 3308/1952/1900 3320/1964/1912 3319/1963/1911 3307/1951/1899
f 3309/1953/1901 3321/1965/1913 3320/1964/1912 3308/1952/1900
f 3310/1954/1902 3322/1966/1914 3321/1965/1913 3309/1953/1901
f 3311/1955/1903 3323/1967/1915 3322/1966/1914 3310/1954/1902
f 3312/1956/1904 3324/1968/1916 3323/1967/1915 3311/1955/1903
f 3314/1957/1905 3326/1969/1917 3325/1970/1918 3313/1958/1906
f 3315/1959/1907 3327/1971/1919 3326/1969/1917 3314/1957/1905
f 3316/1960/1908 3328/1972/1920 3327/1971/1919 3315/1959/1907
f 3317/1961/1909 3329/1973/1921 3328/1972/1920 3316/1960/1908
f 3318/1962/1910 3330/1974/1922 3329/1973/1921 3317/1961/1909
f 3319/1963/1911 3331/1975/1923 3330/1974/1922 3318/1962/1910
f 3320/1964/1912 3332/1976/1924 3331/1975/1923 3319/1963/1911
f 3321/1965/1913 3333/1977/1925 3332/1976/1924 3320/1964/1912
f 3322/1966/1914 3334/1978/1926 3333/1977/1925 3321/1965/1913
f 3323/1967/1915 3335/1979/1927 3334/1978/1926 3322/1966/1914
f 3324/1968/1916 3336/1980/1928 3335/1979/1927 3323/1967/1915
f 3326/1969/1917 3338/1981/1929 3337/1982/1930 3325/1970/1918
f 3327/1971/1919 3339/1983/1931 3338/1981/1929 3326/1969/1917
f 3328/1972/1920 3340/1984/1932 3339/1983/1931 3327/1971/1919
f 3329/1973/1921 3341/1985/1933 3340/1984/1932 3328/1972/1920
f 3330/1974/1922 3342/1986/1934 3341/1985/1933 3329/1973/1921
f 3331/1975/1923 3343/1987/1935 3342/1986/1934 3330/1974/1922
f 3332/1976/1924 3344/1988/1936 3343/1987/1935 3331/1975/1923
f 3333/1977/1925 3345/1989/1937 3344/1988/1936 3332/1976/1924
f 3334/1978/1926 3346/1990/1938 3345/1989/1937 3333/1977/1925
f 3335/1979/1927 3347/1991/1939 3346/1990/1938 3334/1978/1926
f 3336/1980/1928 3348/1992/1940 3347/1991/1939 3335/1979/1927
f 3338/1981/1929 3350/1993/1941 3349/1994/1942 3337/1982/1930
f 3339/1983/1931 3351/1995/1943 3350/1993/1941 3338/1981/1929
f 3340/1984/1932 3352/1996/1944 3351/1995/1943 3339/1983/1931
f 3341/1985/1933 3353/1997/1945 3352/1996/1944 3340/1984/1932
f 3342/1986/1934 3354/1998/1946 3353/1997/1945 3341/1985/1933
f 3343/1987/1935 3355/1999/1947 3354/1998/1946 3342/1986/1934
f 3344/1988/1936 3356/2000/1948 3355/1999/1947 3343/1987/1935
f 3345/1989/1937 3357/2001/1949 3356/2000/1948 3344/1988/1936
f 3346/1990/1938 3358/2002/1950 3357/2001/1949 3345/1989/1937
f 3347/1991/1939 3359/2003/1951 3358/2002/1950 3346/1990/1938
f 3348/1992/1940 3360/2004/1952 3359/2003/1951 3347/1991/1939
f 3350/1993/1941 3362/2005/1953 3361/2006/1954 3349/1994/1942
f 3351/1995/1943 3363/2007/1955 3362/2005/1953 3350/1993/1941
f 3352/1996/1944 3364/2008/1956 3363/2007/1955 3351/1995/1943
f 3353/1997/1945 3365/2009/1957 3364/2008/1956 3352/1996/1944
f 3354/1998/1946 3366/2010/1958 3365/2009/1957 3353/1997/1945
f 3355/1999/1947 3367/2011/1959 3366/2010/1958 3354/1998/1946
f 3356/2000/1948 3368/2012/1960 3367/2011/1959 3355/1999/1947
f 3357/2001/1949 3369/2013/1961 3368/2012/1960 3356/2000/1948
f 3358/2002/1950 3370/2014/1962 3369/2013/1961 3357/2001/1949
f 3359/2003/1951 3371/2015/1963 3370/2014/1962 3358/2002/1950
f 3360/2004/1952 3372/2016/1964 3371/2015/1963 3359/2003/1951
f 3362/2005/1953 3374/2017/1965 3373/2018/1966 3361/2006/1954
f 3363/2007/1955 3375/2019/1967 3374/2017/1965 3362/2005/1953
f 3364/2008/1956 3376/2020/1968 3375/2019/1967 3363/2007/1955
f 3365/2009/1957 3377/2021/1969 3376/2020/1968 3364/2008/1956
f 3366/2010/1958 3378/2022/1970 3377/2021/1969 3365/2009/1957
f 3367/2011/1959 3379/2023/1971 3378/2022/1970 3366/2010/1958
f 3368/2012/1960 3380/2024/1972 3379/2023/1971 3367/2011/1959
f 3369/2013/1961 3381/2025/1973 3380/2024/1972 3368/2012/1960
f 3370/2014/1962 3382/2026/1974 3381/2025/1973 3369/2013/1961
f 3371/2015/1963 3383/2027/1975 3382/2026/1974 3370/2014/1962
f 3372/2016/1964 3384/2028/1976 3383/2027/1975 3371/2015/1963
f 3374/2017/1965 3386/2029/1977 3385/2030/1978 3373/2018/1966
f 3375/2019/1967 3387/2031/1979 3386/2029/1977 3374/2017/1965
f 3376/2020/1968 3388/2032/1980 3387/2031/1979 3375/2019/1967
f 3377/2021/1969 3389/2033/1981 3388/2032/1980 3376/2020/1968
f 3378/2022/1970 3390/2034/1982 3389/2033/1981 3377/2021/1969
f 3379/2023/1971 3391/2035/1983 3390/2034/1982 3378/2022/1970
f 3380/2024/1972 3392/2036/1984 3391/2035/1983 3379/2023/1971
f 3381/2025/1973 3393/2037/1985 3392/2036/1984 3380/2024/1972
f 3382/2026/1974 3394/2038/1986 3393/2037/1985 3381/2025/1973
f 3383/2027/1975 3395/2039/1987 3394/2038/1986 3382/2026/1974
f 3384/2028/1976 3396/2040/1988 3395/2039/1987 3383/2027/1975
f 3386/2029/1977 3398/2041/1989 3397/2042/1990 3385/2030/1978
f 3387/2031/1979 3399/2043/1991 3398/2041/1989 3386/2029/1977
f 3388/2032/1980 3400/2044/1992 3399/2043/1991 3387/2031/1979
f 3389/2033/1981 3401/2045/1993 3400/2044/1992 3388/2032/1980
f 3390/2034/1982 3402/2046/1994 3401/2045/1993 3389/2033/1981
f 3391/2035/1983 3403/2047/1995 3402/2046/1994 3390/2034/1982
f 3392/2036/1984 3404/2048/1996 3403/2047/1995 3391/2035/1983
f 3393/2037/1985 3405/2049/1997 3404/2048/1996 3392/2036/1984
f 3394/2038/1986 3406/2050/1998 3405/2049/1997 3393/2037/1985
f 3395/2039/1987 3407/2051/1999 3406/2050/1998 3394/2038/1986
f 3396/2040/1988 3408/2052/2000 3407/2051/1999 3395/2039/1987
f 3398/2041/1989 3410/2053/1097 3409/2054/1098 3397/2042/1990
f 3399/2043/1991 3411/2055/1099 3410/2053/1097 3398/2041/1989
f 3400/2044/1992 3412/2056/1100 3411/2055/1099 3399/2043/1991
f 3401/2045/1993 3413/2057/1101 3412/2056/1100 3400/2044/1992
f 3402/2046/1994 3414/2058/1102 3413/2057/1101 3401/2045/1993
f 3403/2047/1995 3415/2059/1103 3414/2058/1102 3402/2046/1994
f 3404/2048/1996 3416/2060/1104 3415/2059/1103 3403/2047/1995
f 3405/2049/1997 3417/2061/1105 3416/2060/1104 3404/2048/1996
f 3406/2050/1998 3418/2062/1106 3417/2061/1105 3405/2049/1997
f 3407/2051/1999 3419/2063/1107 3418/2062/1106 3406/2050/1998
f 3408/2052/2000 3420/2064/1108 3419/2063/1107 3407/2051/1999
f 3410/2053/1097 3422/2065/1375 3421/2066/1098 3409/2054/1098
f 3411/2055/1099 3423/2067/1376 3422/2065/1375 3410/2053/1097
f 3412/2056/1100 3424/2068/1377 3423/2067/1376 3411/2055/1099
f 3413/2057/1101 3425/2069/1378 3424/2068/1377 3412/2056/1100
f 3414/2058/1102 3426/2070/1379 3425/2069/1378 3413/2057/1101
f 3415/2059/1103 3427/2071/1380 3426/2070/1379 3414/2058/1102
f 3416/2060/1104 3428/2072/1381 3427/2071/1380 3415/2059/1103
f 3417/2061/1105 3429/2073/1382 3428/2072/1381 3416/2060/1104
f 3418/2062/1106 3430/2074/1383 3429/2073/1382 3417/2061/1105
f 3419/2063/1107 3431/2075/1384 3430/2074/1383 3418/2062/1106
f 3420/2064/1108 3432/2076/1108 3431/2075/1384 3419/2063/1107
f 3422/2065/1375 3434/2077/39 3433/2078/40 3421/2066/1098
f 3423/2067/1376 3435/2079/41 3434/2077/39 3422/2065/1375
f 3424/2068/1377 3436/2080/42 3435/2079/41 3423/2067/1376
f 3425/2069/1378 3437/2081/1385 3436/2080/42 3424/2068/1377
f 3426/2070/1379 3438/2082/44 3437/2081/1385 3425/2069/1378
f 3427/2071/1380 3439/2083/45 3438/2082/44 3426/2070/1379
f 3428/2072/1381 3440/2084/1386 3439/2083/45 3427/2071/1380
f 3429/2073/1382 3441/2085/47 3440/2084/1386 3428/2072/1381
f 3430/2074/1383 3442/2086/48 3441/2085/47 3429/2073/1382
f 3431/2075/1384 3443/2087/49 3442/2086/48 3430/2074/1383
f 3432/2076/1108 3444/2088/50 3443/2087/49 3431/2075/1384
f 3434/2077/39 3446/2089/3 3445/2090/6 3433/2078/40
f 3435/2079/41 3447/2091/7 3446/2089/3 3434/2077/39
f 3436/2080/42 3448/2092/9 3447/2091/7 3435/2079/41
f 3437/2081/1385 3449/2093/11 3448/2092/9 3436/2080/42
f 3438/2082/44 3450/2094/13 3449/2093/11 3437/2081/1385
f 3439/2083/45 3451/2095/15 3450/2094/13 3438/2082/44
f 3440/2084/1386 3452/2096/17 3451/2095/15 3439/2083/45
f 3441/2085/47 3453/2097/19 3452/2096/17 3440/2084/1386
f 3442/2086/48 3454/2098/21 3453/2097/19 3441/2085/47
f 3443/2087/49 3455/2099/23 3454/2098/21 3442/2086/48
f 3444/2088/50 3456/2100/25 3455/2099/23 3443/2087/49
f 3446/2089/3 3458/2101/2001 3457/2102/2002 3445/2090/6
f 3447/2091/7 3459/2103/2003 3458/2101/2001 3446/2089/3
f 3448/2092/9 3460/2104/2004 3459/2103/2003 3447/2091/7
f 3449/2093/11 3461/2105/2005 3460/2104/2004 3448/2092/9
f 3450/2094/13 3462/2106/2006 3461/2105/2005 3449/2093/11
f 3451/2095/15 3463/2107/2007 3462/2106/2006 3450/2094/13
f 3452/2096/17 3464/2108/2008 3463/2107/2007 3451/2095/15
f 3453/2097/19 3465/2109/2009 3464/2108/2008 3452/2096/17
f 3454/2098/21 3466/2110/2010 3465/2109/2009 3453/2097/19
f 3455/2099/23 3467/2111/2011 3466/2110/2010 3454/2098/21
f 3456/2100/25 3468/2112/2012 3467/2111/2011 3455/2099/23
f 3458/2101/2001 3470/2113/2013 3469/2114/2014 3457/2102/2002
f 3459/2103/2003 3471/2115/2015 3470/2113/2013 3458/2101/2001
f 3460/2104/2004 3472/2116/2016 3471/2115/2015 3459/2103/2003
f 3461/2105/2005 3473/2117/2017 3472/2116/2016 3460/2104/2004
f 3462/2106/2006 3474/2118/2018 3473/2117/2017 3461/2105/2005
f 3463/2107/2007 3475/2119/2019 3474/2118/2018 3462/2106/2006
f 3464/2108/2008 3476/2120/2020 3475/2119/2019 3463/2107/2007
f 3465/2109/2009 3477/2121/2021 3476/2120/2020 3464/2108/2008
f 3466/2110/2010 3478/2122/2022 3477/2121/2021 3465/2109/2009
f 3467/2111/2011 3479/2123/2023 3478/2122/2022 3466/2110/2010
f 3468/2112/2012 3480/2124/2024 3479/2123/2023 3467/2111/2011
f 3470/2113/2013 3482/2125/2025 3481/2126/2026 3469/2114/2014
f 3471/2115/2015 3483/2127/2027 3482/2125/2025 3470/2113/2013
f 3472/2116/2016 3484/2128/2028 3483/2127/2027 3471/2115/2015
f 3473/2117/2017 3485/2129/2029 3484/2128/2028 3472/2116/2016
f 3474/2118/2018 3486/2130/2030 3485/2129/2029 3473/2117/2017
f 3475/2119/2019 3487/2131/2031 3486/2130/2030 3474/2118/2018
f 3476/2120/2020 3488/2132/2032 3487/2131/2031 3475/2119/2019
f 3477/2121/2021 3489/2133/2033 3488/2132/2032 3476/2120/2020
f 3478/2122/2022 3490/2134/2034 3489/2133/2033 3477/2121/2021
f 3479/2123/2023 3491/2135/2035 3490/2134/2034 3478/2122/2022
f 3480/2124/2024 3492/2136/2036 3491/2135/2035 3479/2123/2023
f 3482/2125/2025 3494/220/2037 3493/134/2038 3481/2126/2026
f 3483/2127/2027 3495/221/2039 3494/220/2037 3482/2125/2025
f 3484/2128/2028 3496/222/2040 3495/221/2039 3483/2127/2027
f 3485/2129/2029 3497/223/2041 3496/222/2040 3484/2128/2028
f 3486/2130/2030 3498/224/2042 3497/223/2041 3485/2129/2029
f 3487/2131/2031 3499/225/2043 3498/224/2042 3486/2130/2030
f 3488/2132/2032 3500/226/2044 3499/225/2043 3487/2131/2031
f 3489/2133/2033 3501/227/2045 3500/226/2044 3488/2132/2032
f 3490/2134/2034 3502/228/2046 3501/227/2045 3489/2133/2033
f 3491/2135/2035 3503/229/2047 3502/228/2046 3490/2134/2034
f 3492/2136/2036 3504/230/2048 3503/229/2047 3491/2135/2035
f 3494/220/2037 3506/2137/2049 3505/2138/2050 3493/134/2038
f 3495/221/2039 3507/2139/2051 3506/2137/2049 3494/220/2037
f 3496/222/2040 3508/2140/2052 3507/2139/2051 3495/221/2039
f 3497/223/2041 3509/2141/2053 3508/2140/2052 3496/222/2040
f 3498/224/2042 3510/2142/2054 3509/2141/2053 3497/223/2041
f 3499/225/2043 3511/2143/2055 3510/2142/2054 3498/224/2042
f 3500/226/2044 3512/2144/2056 3511/2143/2055 3499/225/2043
f 3501/227/2045 3513/2145/2057 3512/2144/2056 3500/226/2044
f 3502/228/2046 3514/2146/2058 3513/2145/2057 3501/227/2045
f 3503/229/2047 3515/2147/2059 3514/2146/2058 3502/228/2046
f 3504/230/2048 3516/2148/2060 3515/2147/2059 3503/229/2047
f 3506/2137/2049 3518/2149/2061 3517/2150/2062 3505/2138/2050
f 3507/2139/2051 3519/2151/2063 3518/2149/2061 3506/2137/2049
f 3508/2140/2052 3520/2152/2064 3519/2151/2063 3507/2139/2051
f 3509/2141/2053 3521/2153/2065 3520/2152/2064 3508/2140/2052
f 3510/2142/2054 3522/2154/2066 3521/2153/2065 3509/2141/2053
f 3511/2143/2055 3523/2155/2067 3522/2154/2066 3510/2142/2054
f 3512/2144/2056 3524/2156/2068 3523/2155/2067 3511/2143/2055
f 3513/2145/2057 3525/2157/2069 3524/2156/2068 3512/2144/2056
f 3514/2146/2058 3526/2158/2070 3525/2157/2069 3513/2145/2057
f 3515/2147/2059 3527/2159/2071 3526/2158/2070 3514/2146/2058
f 3516/2148/2060 3528/2160/2072 3527/2159/2071 3515/2147/2059
f 3518/2149/2061 3530/2161/2073 3529/2162/2074 3517/2150/2062
f 3519/2151/2063 3531/2163/2075 3530/2161/2073 3518/2149/2061
f 3520/2152/2064 3532/2164/2076 3531/2163/2075 3519/2151/2063
f 3521/2153/2065 3533/2165/2077 3532/2164/2076 3520/2152/2064
f 3522/2154/2066 3534/2166/2078 3533/2165/2077 3521/2153/2065
f 3523/2155/2067 3535/2167/2079 3534/2166/2078 3522/2154/2066
f 3524/2156/2068 3536/2168/2080 3535/2167/2079 3523/2155/2067
f 3525/2157/2069 3537/2169/2081 3536/2168/2080 3524/2156/2068
f 3526/2158/2070 3538/2170/2082 3537/2169/2081 3525/2157/2069
f 3527/2159/2071 3539/2171/2083 3538/2170/2082 3526/2158/2070
f 3528/2160/2072 3540/2172/2084 3539/2171/2083 3527/2159/2071
f 3530/2161/2073 3542/2173/2085 3541/2174/2086 3529/2162/2074
f 3531/2163/2075 3543/2175/2087 3542/2173/2085 3530/2161/2073
f 3532/2164/2076 3544/2176/2088 3543/2175/2087 3531/2163/2075
f 3533/2165/2077 3545/2177/2089 3544/2176/2088 3532/2164/2076
f 3534/2166/2078 3546/2178/2090 3545/2177/2089 3533/2165/2077
f 3535/2167/2079 3547/2179/2091 3546/2178/2090 3534/2166/2078
f 3536/2168/2080 3548/2180/2092 3547/2179/2091 3535/2167/2079
f 3537/2169/2081 3549/2181/2093 3548/2180/2092 3536/2168/2080
f 3538/2170/2082 3550/2182/2094 3549/2181/2093 3537/2169/2081
f 3539/2171/2083 3551/2183/2095 3550/2182/2094 3538/2170/2082
f 3540/2172/2084 3552/2184/2096 3551/2183/2095 3539/2171/2083
f 3542/2173/2085 3554/2185/2097 3553/2186/2098 3541/2174/2086
f 3543/2175/2087 3555/2187/2099 3554/2185/2097 3542/2173/2085
f 3544/2176/2088 3556/2188/2100 3555/2187/2099 3543/2175/2087
f 3545/2177/2089 3557/2189/2101 3556/2188/2100 3544/2176/2088
f 3546/2178/2090 3558/2190/2102 3557/2189/2101 3545/2177/2089
f 3547/2179/2091 3559/2191/2103 3558/2190/2102 3546/2178/2090
f 3548/2180/2092 3560/2192/2104 3559/2191/2103 3547/2179/2091
f 3549/2181/2093 3561/2193/2105 3560/2192/2104 3548/2180/2092
f 3550/2182/2094 3562/2194/2106 3561/2193/2105 3549/2181/2093
f 3551/2183/2095 3563/2195/2107 3562/2194/2106 3550/2182/2094
f 3552/2184/2096 3564/2196/2108 3563/2195/2107 3551/2183/2095
f 3554/2185/2097 3566/2197/2109 3565/2198/2110 3553/2186/2098
f 3555/2187/2099 3567/2199/2111 3566/2197/2109 3554/2185/2097
f 3556/2188/2100 3568/2200/2112 3567/2199/2111 3555/2187/2099
f 3557/2189/2101 3569/2201/2113 3568/2200/2112 3556/2188/2100
f 3558/2190/2102 3570/2202/2114 3569/2201/2113 3557/2189/2101
f 3559/2191/2103 3571/2203/2115 3570/2202/2114 3558/2190/2102
f 3560/2192/2104 3572/2204/2116 3571/2203/2115 3559/2191/2103
f 3561/2193/2105 3573/2205/2117 3572/2204/2116 3560/2192/2104
f 3562/2194/2106 3574/2206/2118 3573/2205/2117 3561/2193/2105
f 3563/2195/2107 3575/2207/2119 3574/2206/2118 3562/2194/2106
f 3564/2196/2108 3576/2208/2120 3575/2207/2119 3563/2195/2107
f 3566/2197/2109 3578/2209/2121 3577/2210/2122 3565/2198/2110
f 3567/2199/2111 3579/2211/2123 3578/2209/2121 3566/2197/2109
f 3568/2200/2112 3580/2212/2124 3579/2211/2123 3567/2199/2111
f 3569/2201/2113 3581/2213/2125 3580/2212/2124 3568/2200/2112
f 3570/2202/2114 3582/2214/2126 3581/2213/2125 3569/2201/2113
f 3571/2203/2115 3583/2215/2127 3582/2214/2126 3570/2202/2114
f 3572/2204/2116 3584/2216/2128 3583/2215/2127 3571/2203/2115
f 3573/2205/2117 3585/2217/2129 3584/2216/2128 3572/2204/2116
f 3574/2206/2118 3586/2218/2130 3585/2217/2129 3573/2205/2117
f 3575/2207/2119 3587/2219/2131 3586/2218/2130 3574/2206/2118
f 3576/2208/2120 3588/2220/2132 3587/2219/2131 3575/2207/2119
f 3578/2209/2121 3590/2221/2133 3589/2222/2134 3577/2210/2122
f 3579/2211/2123 3591/2223/2135 3590/2221/2133 3578/2209/2121
f 3580/2212/2124 3592/2224/2136 3591/2223/2135 3579/2211/2123
f 3581/2213/2125 3593/2225/2137 3592/2224/2136 3580/2212/2124
f 3582/2214/2126 3594/2226/2138 3593/2225/2137 3581/2213/2125
f 3583/2215/2127 3595/2227/2139 3594/2226/2138 3582/2214/2126
f 3584/2216/2128 3596/2228/2140 3595/2227/2139 3583/2215/2127
f 3585/2217/2129 3597/2229/2141 3596/2228/2140 3584/2216/2128
f 3586/2218/2130 3598/2230/2142 3597/2229/2141 3585/2217/2129
f 3587/2219/2131 3599/2231/2143 3598/2230/2142 3586/2218/2130
f 3588/2220/2132 3600/2232/2144 3599/2231/2143 3587/2219/2131
f 3590/2221/2133 3602/2233/2145 3601/2234/2146 3589/2222/2134
f 3591/2223/2135 3603/2235/2147 3602/2233/2145 3590/2221/2133
f 3592/2224/2136 3604/2236/2148 3603/2235/2147 3591/2223/2135
f 3593/2225/2137 3605/2237/2149 3604/2236/2148 3592/2224/2136
f 3594/2226/2138 3606/2238/2150 3605/2237/2149 3593/2225/2137
f 3595/2227/2139 3607/2239/2151 3606/2238/2150 3594/2226/2138
f 3596/2228/2140 3608/2240/2152 3607/2239/2151 3595/2227/2139
f 3597/2229/2141 3609/2241/2153 3608/2240/2152 3596/2228/2140
f 3598/2230/2142 3610/2242/2154 3609/2241/2153 3597/2229/2141
f 3599/2231/2143 3611/2243/2155 3610/2242/2154 3598/2230/2142
f 3600/2232/2144 3612/2244/2156 3611/2243/2155 3599/2231/2143
f 3602/2233/2145 3614/2245/2157 3613/2246/2158 3601/2234/2146
f 3603/2235/2147 3615/2247/2159 3614/2245/2157 3602/2233/2145
f 3604/2236/2148 3616/2248/2160 3615/2247/2159 3603/2235/2147
f 3605/2237/2149 3617/2249/2161 3616/2248/2160 3604/2236/2148
f 3606/2238/2150 3618/2250/2162 3617/2249/2161 3605/2237/2149
f 3607/2239/2151 3619/2251/2163 3618/2250/2162 3606/2238/2150
f 3608/2240/2152 3620/2252/2164 3619/2251/2163 3607/2239/2151
f 3609/2241/2153 3621/2253/2165 3620/2252/2164 3608/2240/2152
f 3610/2242/2154 3622/2254/2166 3621/2253/2165 3609/2241/2153
f 3611/2243/2155 3623/2255/2167 3622/2254/2166 3610/2242/2154
f 3612/2244/2156 3624/2256/2168 3623/2255/2167 3611/2243/2155
f 3614/2245/2157 3626/2257/2169 3625/2258/2170 3613/2246/2158
f 3615/2247/2159 3627/2259/2171 3626/2257/2169 3614/2245/2157
f 3616/2248/2160 3628/2260/2172 3627/2259/2171 3615/2247/2159
f 3617/2249/2161 3629/2261/2173 3628/2260/2172 3616/2248/2160
f 3618/2250/2162 3630/2262/2174 3629/2261/2173 3617/2249/2161
f 3619/2251/2163 3631/2263/2175 3630/2262/2174 3618/2250/2162
f 3620/2252/2164 3632/2264/2176 3631/2263/2175 3619/2251/2163
f 3621/2253/2165 3633/2265/2177 3632/2264/2176 3620/2252/2164
f 3622/2254/2166 3634/2266/2178 3633/2265/2177 3621/2253/2165
f 3623/2255/2167 3635/2267/2179 3634/2266/2178 3622/2254/2166
f 3624/2256/2168 3636/2268/2180 3635/2267/2179 3623/2255/2167
f 3626/2257/2169 3638/2269/2181 3637/2270/2182 3625/2258/2170
f 3627/2259/2171 3639/2271/2183 3638/2269/2181 3626/2257/2169
f 3628/2260/2172 3640/2272/2184 3639/2271/2183 3627/2259/2171
f 3629/2261/2173 3641/2273/2185 3640/2272/2184 3628/2260/2172
f 3630/2262/2174 3642/2274/2186 3641/2273/2185 3629/2261/2173
f 3631/2263/2175 3643/2275/2187 3642/2274/2186 3630/2262/2174
f 3632/2264/2176 3644/2276/2188 3643/2275/2187 3631/2263/2175
f 3633/2265/2177 3645/2277/2189 3644/2276/2188 3632/2264/2176
f 3634/2266/2178 3646/2278/2190 3645/2277/2189 3633/2265/2177
f 3635/2267/2179 3647/2279/2191 3646/2278/2190 3634/2266/2178
f 3636/2268/2180 3648/2280/2192 3647/2279/2191 3635/2267/2179
f 3638/2269/2181 3650/2281/2193 3649/2282/2194 3637/2270/2182
f 3639/2271/2183 3651/2283/2195 3650/2281/2193 3638/2269/2181
f 3640/2272/2184 3652/2284/2196 3651/2283/2195 3639/2271/2183
f 3641/2273/2185 3653/2285/2197 3652/2284/2196 3640/2272/2184
f 3642/2274/2186 3654/2286/2198 3653/2285/2197 3641/2273/2185
f 3643/2275/2187 3655/2287/2199 3654/2286/2198 3642/2274/2186
f 3644/2276/2188 3656/2288/2200 3655/2287/2199 3643/2275/2187
f 3645/2277/2189 3657/2289/2201 3656/2288/2200 3644/2276/2188
f 3646/2278/2190 3658/2290/2202 3657/2289/2201 3645/2277/2189
f 3647/2279/2191 3659/2291/2203 3658/2290/2202 3646/2278/2190
f 3648/2280/2192 3660/2292/2204 3659/2291/2203 3647/2279/2191
f 3650/2281/2193 3662/2293/2205 3661/2294/2206 3649/2282/2194
f 3651/2283/2195 3663/2295/2207 3662/2293/2205 3650/2281/2193
f 3652/2284/2196 3664/2296/2208 3663/2295/2207 3651/2283/2195
f 3653/2285/2197 3665/2297/2209 3664/2296/2208 3652/2284/2196
f 3654/2286/2198 3666/2298/2210 3665/2297/2209 3653/2285/2197
f 3655/2287/2199 3667/2299/2211 3666/2298/2210 3654/2286/2198
f 3656/2288/2200 3668/2300/2212 3667/2299/2211 3655/2287/2199
f 3657/2289/2201 3669/2301/2213 3668/2300/2212 3656/2288/2200
f 3658/2290/2202 3670/2302/2214 3669/2301/2213 3657/2289/2201
f 3659/2291/2203 3671/2303/2215 3670/2302/2214 3658/2290/2202
f 3660/2292/2204 3672/2304/2216 3671/2303/2215 3659/2291/2203
f 3662/2293/2205 3674/2305/2217 3673/2306/2218 3661/2294/2206
f 3663/2295/2207 3675/2307/2219 3674/2305/2217 3662/2293/2205
f 3664/2296/2208 3676/2308/2220 3675/2307/2219 3663/2295/2207
f 3665/2297/2209 3677/2309/2221 3676/2308/2220 3664/2296/2208
f 3666/2298/2210 3678/2310/2222 3677/2309/2221 3665/2297/2209
f 3667/2299/2211 3679/2311/2223 3678/2310/2222 3666/2298/2210
f 3668/2300/2212 3680/2312/2224 3679/2311/2223 3667/2299/2211
f 3669/2301/2213 3681/2313/2225 3680/2312/2224 3668/2300/2212
f 3670/2302/2214 3682/2314/2226 3681/2313/2225 3669/2301/2213
f 3671/2303/2215 3683/2315/2227 3682/2314/2226 3670/2302/2214
f 3672/2304/2216 3684/2316/2228 3683/2315/2227 3671/2303/2215
f 3674/2305/2217 3686/2317/2229 3685/2318/2230 3673/2306/2218
f 3675/2307/2219 3687/2319/2231 3686/2317/2229 3674/2305/2217
f 3676/2308/2220 3688/2320/2232 3687/2319/2231 3675/2307/2219
f 3677/2309/2221 3689/2321/2233 3688/2320/2232 3676/2308/2220
f 3678/2310/2222 3690/2322/2234 3689/2321/2233 3677/2309/2221
f 3679/2311/2223 3691/2323/2235 3690/2322/2234 3678/2310/2222
f 3680/2312/2224 3692/2324/2236 3691/2323/2235 3679/2311/2223
f 3681/2313/2225 3693/2325/2237 3692/2324/2236 3680/2312/2224
f 3682/2314/2226 3694/2326/2238 3693/2325/2237 3681/2313/2225
f 3683/2315/2227 3695/2327/2239 3694/2326/2238 3682/2314/2226
f 3684/2316/2228 3696/2328/2240 3695/2327/2239 3683/2315/2227
f 3686/2317/2229 3698/2329/2241 3697/2330/2242 3685/2318/2230
f 3687/2319/2231 3699/2331/2243 3698/2329/2241 3686/2317/2229
f 3688/2320/2232 3700/2332/2244 3699/2331/2243 3687/2319/2231
f 3689/2321/2233 3701/2333/2245 3700/2332/2244 3688/2320/2232
f 3690/2322/2234 3702/2334/2246 3701/2333/2245 3689/2321/2233
f 3691/2323/2235 3703/2335/2247 3702/2334/2246 3690/2322/2234
f 3692/2324/2236 3704/2336/2248 3703/2335/2247 3691/2323/2235
f 3693/2325/2237 3705/2337/2249 3704/2336/2248 3692/2324/2236
f 3694/2326/2238 3706/2338/2250 3705/2337/2249 3693/2325/2237
f 3695/2327/2239 3707/2339/2251 3706/2338/2250 3694/2326/2238
f 3696/2328/2240 3708/2340/2252 3707/2339/2251 3695/2327/2239
f 3698/2329/2241 3710/2341/2253 3709/2342/2254 3697/2330/2242
f 3699/2331/2243 3711/2343/2255 3710/2341/2253 3698/2329/2241
f 3700/2332/2244 3712/2344/2256 3711/2343/2255 3699/2331/2243
f 3701/2333/2245 3713/2345/2257 3712/2344/2256 3700/2332/2244
f 3702/2334/2246 3714/2346/2258 3713/2345/2257 3701/2333/2245
f 3703/2335/2247 3715/2347/2259 3714/2346/2258 3702/2334/2246
f 3704/2336/2248 3716/2348/2260 3715/2347/2259 3703/2335/2247
f 3705/2337/2249 3717/2349/2261 3716/2348/2260 3704/2336/2248
f 3706/2338/2250 3718/2350/2262 3717/2349/2261 3705/2337/2249
f 3707/2339/2251 3719/2351/2263 3718/2350/2262 3706/2338/2250
f 3708/2340/2252 3720/2352/2264 3719/2351/2263 3707/2339/2251
f 3710/2341/2253 3266/242/1857 3265/6/1860 3709/2342/2254
f 3711/2343/2255 3267/243/1861 3266/242/1857 3710/2341/2253
f 3712/2344/2256 3268/244/1863 3267/243/1861 3711/2343/2255
f 3713/2345/2257 3269/245/1865 3268/244/1863 3712/2344/2256
f 3714/2346/2258 3270/246/1867 3269/245/1865 3713/2345/2257
f 3715/2347/2259 3271/247/1869 3270/246/1867 3714/2346/2258
f 3716/2348/2260 3272/248/1871 3271/247/1869 3715/2347/2259
f 3717/2349/2261 3273/249/1873 3272/248/1871 3716/2348/2260
f 3718/2350/2262 3274/250/1875 3273/249/1873 3717/2349/2261
f 3719/2351/2263 3275/251/1877 3274/250/1875 3718/2350/2262
f 3720/2352/2264 3276/252/1879 3275/251/1877 3719/2351/2263
f 3722/198/1109 3734/199/1275 3733/148/6 3721/8/448
f 3723/200/1110 3735/201/1276 3734/199/1275 3722/198/1109
f 3724/202/1111 3736/203/2265 3735/201/1276 3723/200/1110
f 3725/204/1112 3737/205/1278 3736/203/2265 3724/202/1111
f 3726/206/1113 3738/207/1279 3737/205/1278 3725/204/1112
f 3727/208/1114 3739/209/1280 3738/207/1279 3726/206/1113
f 3728/210/1115 3740/211/1281 3739/209/1280 3727/208/1114
f 3729/212/1116 3741/213/2266 3740/211/1281 3728/210/1115
f 3730/214/1117 3742/215/1283 3741/213/2266 3729/212/1116
f 3731/216/1118 3743/217/1284 3742/215/1283 3730/214/1117
f 3732/218/458 3744/219/25 3743/217/1284 3731/216/1118
f 3734/199/1275 3746/220/1387 3745/134/40 3733/148/6
f 3735/201/1276 3747/221/1388 3746/220/1387 3734/199/1275
f 3736/203/2265 3748/222/2267 3747/221/1388 3735/201/1276
f 3737/205/1278 3749/223/1390 3748/222/2267 3736/203/2265
f 3738/207/1279 3750/224/1391 3749/223/1390 3737/205/1278
f 3739/209/1280 3751/225/1392 3750/224/1391 3738/207/1279
f 3740/211/1281 3752/226/1393 3751/225/1392 3739/209/1280
f 3741/213/2266 3753/227/2268 3752/226/1393 3740/211/1281
f 3742/215/1283 3754/228/1395 3753/227/2268 3741/213/2266
f 3743/217/1284 3755/229/1396 3754/228/1395 3742/215/1283
f 3744/219/25 3756/230/50 3755/229/1396 3743/217/1284
f 3746/220/1387 3758/231/1097 3757/126/1098 3745/134/40
f 3747/221/1388 3759/232/1099 3758/231/1097 3746/220/1387
f 3748/222/2267 3760/233/1100 3759/232/1099 3747/221/1388
f 3749/223/1390 3761/234/1101 3760/233/1100 3748/222/2267
f 3750/224/1391 3762/235/1102 3761/234/1101 3749/223/1390
f 3751/225/1392 3763/236/1103 3762/235/1102 3750/224/1391
f 3752/226/1393 3764/237/1104 3763/236/1103 3751/225/1392
f 3753/227/2268 3765/238/1105 3764/237/1104 3752/226/1393
f 3754/228/1395 3766/239/1106 3765/238/1105 3753/227/2268
f 3755/229/1396 3767/240/1107 3766/239/1106 3754/228/1395
f 3756/230/50 3768/241/1108 3767/240/1107 3755/229/1396
f 3758/231/1097 3722/242/1109 3721/6/448 3757/126/1098
f 3759/232/1099 3723/243/1110 3722/242/1109 3758/231/1097
f 3760/233/1100 3724/244/1111 3723/243/1110 3759/232/1099
f 3761/234/1101 3725/245/1112 3724/244/1111 3760/233/1100
f 3762/235/1102 3726/246/1113 3725/245/1112 3761/234/1101
f 3763/236/1103 3727/247/1114 3726/246/1113 3762/235/1102
f 3764/237/1104 3728/248/1115 3727/247/1114 3763/236/1103
f 3765/238/1105 3729/249/1116 3728/248/1115 3764/237/1104
f 3766/239/1106 3730/250/1117 3729/249/1116 3765/238/1105
f 3767/240/1107 3731/251/1118 3730/250/1117 3766/239/1106
f 3768/241/1108 3732/252/458 3731/251/1118 3767/240/1107
f 3770/198/3 3782/199/4 3781/148/5 3769/8/6
f 3771/200/7 3783/201/8 3782/199/4 3770/198/3
f 3772/202/9 3784/203/10 3783/201/8 3771/200/7
f 3773/204/1273 3785/205/12 3784/203/10 3772/202/9
f 3774/206/13 3786/207/14 3785/205/12 3773/204/1273
f 3775/208/15 3787/209/16 3786/207/14 3774/206/13
f 3776/210/1274 3788/211/18 3787/209/16 3775/208/15
f 3777/212/19 3789/213/20 3788/211/18 3776/210/1274
f 3778/214/21 3790/215/22 3789/213/20 3777/212/19
f 3779/216/23 3791/217/24 3790/215/22 3778/214/21
f 3780/218/25 3792/219/26 3791/217/24 3779/216/23
f 3782/199/4 3794/220/27 3793/134/28 3781/148/5
f 3783/201/8 3795/221/29 3794/220/27 3782/199/4
f 3784/203/10 3796/222/30 3795/221/29 3783/201/8
f 3785/205/12 3797/223/2269 3796/222/30 3784/203/10
f 3786/207/14 3798/224/32 3797/223/2269 3785/205/12
f 3787/209/16 3799/225/33 3798/224/32 3786/207/14
f 3788/211/18 3800/226/2270 3799/225/33 3787/209/16
f 3789/213/20 3801/227/35 3800/226/2270 3788/211/18
f 3790/215/22 3802/228/36 3801/227/35 3789/213/20
f 3791/217/24 3803/229/37 3802/228/36 3790/215/22
f 3792/219/26 3804/230/38 3803/229/37 3791/217/24
f 3794/220/27 3806/231/39 3805/126/40 3793/134/28
f 3795/221/29 3807/232/41 3806/231/39 3794/220/27
f 3796/222/30 3808/233/42 3807/232/41 3795/221/29
f 3797/223/2269 3809/234/43 3808/233/42 3796/222/30
f 3798/224/32 3810/235/44 3809/234/43 3797/223/2269
f 3799/225/33 3811/236/45 3810/235/44 3798/224/32
f 3800/226/2270 3812/237/46 3811/236/45 3799/225/33
f 3801/227/35 3813/238/47 3812/237/46 3800/226/2270
f 3802/228/36 3814/239/48 3813/238/47 3801/227/35
f 3803/229/37 3815/240/49 3814/239/48 3802/228/36
f 3804/230/38 3816/241/50 3815/240/49 3803/229/37
f 3806/231/39 3770/242/3 3769/6/6 3805/126/40
f 3807/232/41 3771/243/7 3770/242/3 3806/231/39
f 3808/233/42 3772/244/9 3771/243/7 3807/232/41
f 3809/234/43 3773/245/1273 3772/244/9 3808/233/42
f 3810/235/44 3774/246/13 3773/245/1273 3809/234/43
f 3811/236/45 3775/247/15 3774/246/13 3810/235/44
f 3812/237/46 3776/248/1274 3775/247/15 3811/236/45
f 3813/238/47 3777/249/19 3776/248/1274 3812/237/46
f 3814/239/48 3778/250/21 3777/249/19 3813/238/47
f 3815/240/49 3779/251/23 3778/250/21 3814/239/48
f 3816/241/50 3780/252/25 3779/251/23 3815/240/49
f 3818/198/2271 3830/2353/2272 3829/2354/2273 3817/8/2274
f 3819/200/2275 3831/2355/2276 3830/2353/2272 3818/198/2271
f 3820/202/2277 3832/2356/2278 3831/2355/2276 3819/200/2275
f 3821/204/2279 3833/2357/2280 3832/2356/2278 3820/202/2277
f 3822/206/2281 3834/2358/2282 3833/2357/2280 3821/204/2279
f 3823/208/2283 3835/2359/2284 3834/2358/2282 3822/206/2281
f 3824/210/2285 3836/2360/2286 3835/2359/2284 3823/208/2283
f 3825/212/2287 3837/2361/2288 3836/2360/2286 3824/210/2285
f 3826/214/2289 3838/2362/2290 3837/2361/2288 3825/212/2287
f 3827/216/2291 3839/2363/2292 3838/2362/2290 3826/214/2289
f 3828/218/2293 3840/2364/2294 3839/2363/2292 3827/216/2291
f 3830/2353/2272 3842/2365/2295 3841/2366/2296 3829/2354/2273
f 3831/2355/2276 3843/2367/2297 3842/2365/2295 3830/2353/2272
f 3832/2356/2278 3844/2368/2298 3843/2367/2297 3831/2355/2276
f 3833/2357/2280 3845/2369/2299 3844/2368/2298 3832/2356/2278
f 3834/2358/2282 3846/2370/2300 3845/2369/2299 3833/2357/2280
f 3835/2359/2284 3847/2371/2301 3846/2370/2300 3834/2358/2282
f 3836/2360/2286 3848/2372/2302 3847/2371/2301 3835/2359/2284
f 3837/2361/2288 3849/2373/2303 3848/2372/2302 3836/2360/2286
f 3838/2362/2290 3850/2374/2304 3849/2373/2303 3837/2361/2288
f 3839/2363/2292 3851/2375/2305 3850/2374/2304 3838/2362/2290
f 3840/2364/2294 3852/2376/2306 3851/2375/2305 3839/2363/2292
f 3842/2365/2295 3854/2377/2307 3853/2378/2308 3841/2366/2296
f 3843/2367/2297 3855/2379/2309 3854/2377/2307 3842/2365/2295
f 3844/2368/2298 3856/2380/2310 3855/2379/2309 3843/2367/2297
f 3845/2369/2299 3857/2381/2311 3856/2380/2310 3844/2368/2298
f 3846/2370/2300 3858/2382/2312 3857/2381/2311 3845/2369/2299
f 3847/2371/2301 3859/2383/2313 3858/2382/2312 3846/2370/2300
f 3848/2372/2302 3860/2384/2314 3859/2383/2313 3847/2371/2301
f 3849/2373/2303 3861/2385/2315 3860/2384/2314 3848/2372/2302
f 3850/2374/2304 3862/2386/2316 3861/2385/2315 3849/2373/2303
f 3851/2375/2305 3863/2387/2317 3862/2386/2316 3850/2374/2304
f 3852/2376/2306 3864/2388/2318 3863/2387/2317 3851/2375/2305
f 3854/2377/2307 3866/325/2319 3865/326/2320 3853/2378/2308
f 3855/2379/2309 3867/327/2321 3866/325/2319 3854/2377/2307
f 3856/2380/2310 3868/328/2322 3867/327/2321 3855/2379/2309
f 3857/2381/2311 3869/329/2323 3868/328/2322 3856/2380/2310
f 3858/2382/2312 3870/330/2324 3869/329/2323 3857/2381/2311
f 3859/2383/2313 3871/331/2325 3870/330/2324 3858/2382/2312
f 3860/2384/2314 3872/332/2326 3871/331/2325 3859/2383/2313
f 3861/2385/2315 3873/333/2327 3872/332/2326 3860/2384/2314
f 3862/2386/2316 3874/334/2328 3873/333/2327 3861/2385/2315
f 3863/2387/2317 3875/335/2329 3874/334/2328 3862/2386/2316
f 3864/2388/2318 3876/336/2330 3875/335/2329 3863/2387/2317
f 3866/325/2319 3878/2389/2331 3877/2390/2332 3865/326/2320
f 3867/327/2321 3879/2391/2333 3878/2389/2331 3866/325/2319
f 3868/328/2322 3880/2392/2334 3879/2391/2333 3867/327/2321
f 3869/329/2323 3881/2393/2335 3880/2392/2334 3868/328/2322
f 3870/330/2324 3882/2394/2336 3881/2393/2335 3869/329/2323
f 3871/331/2325 3883/2395/2337 3882/2394/2336 3870/330/2324
f 3872/332/2326 3884/2396/2338 3883/2395/2337 3871/331/2325
f 3873/333/2327 3885/2397/2339 3884/2396/2338 3872/332/2326
f 3874/334/2328 3886/2398/2340 3885/2397/2339 3873/333/2327
f 3875/335/2329 3887/2399/2341 3886/2398/2340 3874/334/2328
f 3876/336/2330 3888/2400/2342 3887/2399/2341 3875/335/2329
f 3878/2389/2331 3890/2401/2343 3889/2402/2344 3877/2390/2332
f 3879/2391/2333 3891/2403/2345 3890/2401/2343 3878/2389/2331
f 3880/2392/2334 3892/2404/2346 3891/2403/2345 3879/2391/2333
f 3881/2393/2335 3893/2405/2347 3892/2404/2346 3880/2392/2334
f 3882/2394/2336 3894/2406/2348 3893/2405/2347 3881/2393/2335
f 3883/2395/2337 3895/2407/2349 3894/2406/2348 3882/2394/2336
f 3884/2396/2338 3896/2408/2350 3895/2407/2349 3883/2395/2337
f 3885/2397/2339 3897/2409/2351 3896/2408/2350 3884/2396/2338
f 3886/2398/2340 3898/2410/2352 3897/2409/2351 3885/2397/2339
f 3887/2399/2341 3899/2411/2353 3898/2410/2352 3886/2398/2340
f 3888/2400/2342 3900/2412/2354 3899/2411/2353 3887/2399/2341
f 3890/2401/2343 3902/199/2355 3901/148/2356 3889/2402/2344
f 3891/2403/2345 3903/201/2357 3902/199/2355 3890/2401/2343
f 3892/2404/2346 3904/203/2358 3903/201/2357 3891/2403/2345
f 3893/2405/2347 3905/205/2359 3904/203/2358 3892/2404/2346
f 3894/2406/2348 3906/207/2360 3905/205/2359 3893/2405/2347
f 3895/2407/2349 3907/209/2361 3906/207/2360 3894/2406/2348
f 3896/2408/2350 3908/211/2362 3907/209/2361 3895/2407/2349
f 3897/2409/2351 3909/213/2363 3908/211/2362 3896/2408/2350
f 3898/2410/2352 3910/215/2364 3909/213/2363 3897/2409/2351
f 3899/2411/2353 3911/217/2365 3910/215/2364 3898/2410/2352
f 3900/2412/2354 3912/219/2366 3911/217/2365 3899/2411/2353
f 3902/199/2355 3914/409/2367 3913/410/2368 3901/148/2356
f 3903/201/2357 3915/411/2369 3914/409/2367 3902/199/2355
f 3904/203/2358 3916/412/2370 3915/411/2369 3903/201/2357
f 3905/205/2359 3917/413/2371 3916/412/2370 3904/203/2358
f 3906/207/2360 3918/414/2372 3917/413/2371 3905/205/2359
f 3907/209/2361 3919/415/2373 3918/414/2372 3906/207/2360
f 3908/211/2362 3920/416/2374 3919/415/2373 3907/209/2361
f 3909/213/2363 3921/417/2375 3920/416/2374 3908/211/2362
f 3910/215/2364 3922/418/2376 3921/417/2375 3909/213/2363
f 3911/217/2365 3923/419/2377 3922/418/2376 3910/215/2364
f 3912/219/2366 3924/420/2378 3923/419/2377 3911/217/2365
f 3914/409/2367 3926/2413/2379 3925/2414/2380 3913/410/2368
f 3915/411/2369 3927/2415/2381 3926/2413/2379 3914/409/2367
f 3916/412/2370 3928/2416/2382 3927/2415/2381 3915/411/2369
f 3917/413/2371 3929/2417/2383 3928/2416/2382 3916/412/2370
f 3918/414/2372 3930/2418/2384 3929/2417/2383 3917/413/2371
f 3919/415/2373 3931/2419/2385 3930/2418/2384 3918/414/2372
f 3920/416/2374 3932/2420/2386 3931/2419/2385 3919/415/2373
f 3921/417/2375 3933/2421/2387 3932/2420/2386 3920/416/2374
f 3922/418/2376 3934/2422/2388 3933/2421/2387 3921/417/2375
f 3923/419/2377 3935/2423/2389 3934/2422/2388 3922/418/2376
f 3924/420/2378 3936/2424/2390 3935/2423/2389 3923/419/2377
f 3926/2413/2379 3938/2425/2391 3937/2426/2392 3925/2414/2380
f 3927/2415/2381 3939/2427/2393 3938/2425/2391 3926/2413/2379
f 3928/2416/2382 3940/2428/2394 3939/2427/2393 3927/2415/2381
f 3929/2417/2383 3941/2429/2395 3940/2428/2394 3928/2416/2382
f 3930/2418/2384 3942/2430/2396 3941/2429/2395 3929/2417/2383
f 3931/2419/2385 3943/2431/2397 3942/2430/2396 3930/2418/2384
f 3932/2420/2386 3944/2432/2398 3943/2431/2397 3931/2419/2385
f 3933/2421/2387 3945/2433/2399 3944/2432/2398 3932/2420/2386
f 3934/2422/2388 3946/2434/2400 3945/2433/2399 3933/2421/2387
f 3935/2423/2389 3947/2435/2401 3946/2434/2400 3934/2422/2388
f 3936/2424/2390 3948/2436/2402 3947/2435/2401 3935/2423/2389
f 3938/2425/2391 3950/2437/2403 3949/2438/2404 3937/2426/2392
f 3939/2427/2393 3951/2439/2405 3950/2437/2403 3938/2425/2391
f 3940/2428/2394 3952/2440/2406 3951/2439/2405 3939/2427/2393
f 3941/2429/2395 3953/2441/2407 3952/2440/2406 3940/2428/2394
f 3942/2430/2396 3954/2442/2408 3953/2441/2407 3941/2429/2395
f 3943/2431/2397 3955/2443/2409 3954/2442/2408 3942/2430/2396
f 3944/2432/2398 3956/2444/2410 3955/2443/2409 3943/2431/2397
f 3945/2433/2399 3957/2445/2411 3956/2444/2410 3944/2432/2398
f 3946/2434/2400 3958/2446/2412 3957/2445/2411 3945/2433/2399
f 3947/2435/2401 3959/2447/2413 3958/2446/2412 3946/2434/2400
f 3948/2436/2402 3960/2448/2414 3959/2447/2413 3947/2435/2401
f 3950/2437/2403 3962/493/1143 3961/494/1144 3949/2438/2404
f 3951/2439/2405 3963/495/1145 3962/493/1143 3950/2437/2403
f 3952/2440/2406 3964/496/1146 3963/495/1145 3951/2439/2405
f 3953/2441/2407 3965/497/1147 3964/496/1146 3952/2440/2406
f 3954/2442/2408 3966/498/1148 3965/497/1147 3953/2441/2407
f 3955/2443/2409 3967/499/1149 3966/498/1148 3954/2442/2408
f 3956/2444/2410 3968/500/1150 3967/499/1149 3955/2443/2409
f 3957/2445/2411 3969/501/1151 3968/500/1150 3956/2444/2410
f 3958/2446/2412 3970/502/1152 3969/501/1151 3957/2445/2411
f 3959/2447/2413 3971/503/1153 3970/502/1152 3958/2446/2412
f 3960/2448/2414 3972/504/1154 3971/503/1153 3959/2447/2413
f 3962/493/1143 3974/2449/1155 3973/2450/1156 3961/494/1144
f 3963/495/1145 3975/2451/2415 3974/2449/1155 3962/493/1143
f 3964/496/1146 3976/2452/1158 3975/2451/2415 3963/495/1145
f 3965/497/1147 3977/2453/1159 3976/2452/1158 3964/496/1146
f 3966/498/1148 3978/2454/1160 3977/2453/1159 3965/497/1147
f 3967/499/1149 3979/2455/1161 3978/2454/1160 3966/498/1148
f 3968/500/1150 3980/2456/1162 3979/2455/1161 3967/499/1149
f 3969/501/1151 3981/2457/1163 3980/2456/1162 3968/500/1150
f 3970/502/1152 3982/2458/2416 3981/2457/1163 3969/501/1151
f 3971/503/1153 3983/2459/1165 3982/2458/2416 3970/502/1152
f 3972/504/1154 3984/2460/1166 3983/2459/1165 3971/503/1153
f 3974/2449/1155 3986/220/1167 3985/134/1168 3973/2450/1156
f 3975/2451/2415 3987/221/1169 3986/220/1167 3974/2449/1155
f 3976/2452/1158 3988/222/1170 3987/221/1169 3975/2451/2415
f 3977/2453/1159 3989/223/1171 3988/222/1170 3976/2452/1158
f 3978/2454/1160 3990/224/1172 3989/223/1171 3977/2453/1159
f 3979/2455/1161 3991/225/1173 3990/224/1172 3978/2454/1160
f 3980/2456/1162 3992/226/1174 3991/225/1173 3979/2455/1161
f 3981/2457/1163 3993/227/1175 3992/226/1174 3980/2456/1162
f 3982/2458/2416 3994/228/1176 3993/227/1175 3981/2457/1163
f 3983/2459/1165 3995/229/1177 3994/228/1176 3982/2458/2416
f 3984/2460/1166 3996/230/1178 3995/229/1177 3983/2459/1165
f 3986/220/1167 3998/2461/1179 3997/2462/1180 3985/134/1168
f 3987/221/1169 3999/2463/1181 3998/2461/1179 3986/220/1167
f 3988/222/1170 4000/2464/1182 3999/2463/1181 3987/221/1169
f 3989/223/1171 4001/2465/1183 4000/2464/1182 3988/222/1170
f 3990/224/1172 4002/2466/1184 4001/2465/1183 3989/223/1171
f 3991/225/1173 4003/2467/1185 4002/2466/1184 3990/224/1172
f 3992/226/1174 4004/2468/1186 4003/2467/1185 3991/225/1173
f 3993/227/1175 4005/2469/1187 4004/2468/1186 3992/226/1174
f 3994/228/1176 4006/2470/1188 4005/2469/1187 3993/227/1175
f 3995/229/1177 4007/2471/1189 4006/2470/1188 3994/228/1176
f 3996/230/1178 4008/2472/1190 4007/2471/1189 3995/229/1177
f 3998/2461/1179 4010/577/1191 4009/578/1192 3997/2462/1180
f 3999/2463/1181 4011/579/1193 4010/577/1191 3998/2461/1179
f 4000/2464/1182 4012/580/2417 4011/579/1193 3999/2463/1181
f 4001/2465/1183 4013/581/1195 4012/580/2417 4000/2464/1182
f 4002/2466/1184 4014/582/1196 4013/581/1195 4001/2465/1183
f 4003/2467/1185 4015/583/1197 4014/582/1196 4002/2466/1184
f 4004/2468/1186 4016/584/1198 4015/583/1197 4003/2467/1185
f 4005/2469/1187 4017/585/2418 4016/584/1198 4004/2468/1186
f 4006/2470/1188 4018/586/1200 4017/585/2418 4005/2469/1187
f 4007/2471/1189 4019/587/1201 4018/586/1200 4006/2470/1188
f 4008/2472/1190 4020/588/1202 4019/587/1201 4007/2471/1189
f 4010/577/1191 4022/2473/1203 4021/2474/1204 4009/578/1192
f 4011/579/1193 4023/2475/1205 4022/2473/1203 4010/577/1191
f 4012/580/2417 4024/2476/1206 4023/2475/1205 4011/579/1193
f 4013/581/1195 4025/2477/1207 4024/2476/1206 4012/580/2417
f 4014/582/1196 4026/2478/848 4025/2477/1207 4013/581/1195
f 4015/583/1197 4027/2479/849 4026/2478/848 4014/582/1196
f 4016/584/1198 4028/2480/1208 4027/2479/849 4015/583/1197
f 4017/585/2418 4029/2481/1209 4028/2480/1208 4016/584/1198
f 4018/586/1200 4030/2482/1210 4029/2481/1209 4017/585/2418
f 4019/587/1201 4031/2483/1211 4030/2482/1210 4018/586/1200
f 4020/588/1202 4032/2484/1212 4031/2483/1211 4019/587/1201
f 4022/2473/1203 4034/2485/1213 4033/2486/1214 4021/2474/1204
f 4023/2475/1205 4035/2487/2419 4034/2485/1213 4022/2473/1203
f 4024/2476/1206 4036/2488/1216 4035/2487/2419 4023/2475/1205
f 4025/2477/1207 4037/2489/2420 4036/2488/1216 4024/2476/1206
f 4026/2478/848 4038/2490/1218 4037/2489/2420 4025/2477/1207
f 4027/2479/849 4039/2491/1219 4038/2490/1218 4026/2478/848
f 4028/2480/1208 4040/2492/2421 4039/2491/1219 4027/2479/849
f 4029/2481/1209 4041/2493/1221 4040/2492/2421 4028/2480/1208
f 4030/2482/1210 4042/2494/2422 4041/2493/1221 4029/2481/1209
f 4031/2483/1211 4043/2495/1223 4042/2494/2422 4030/2482/1210
f 4032/2484/1212 4044/2496/1224 4043/2495/1223 4031/2483/1211
f 4034/2485/1213 4046/2497/1225 4045/2498/1226 4033/2486/1214
f 4035/2487/2419 4047/2499/1227 4046/2497/1225 4034/2485/1213
f 4036/2488/1216 4048/2500/1228 4047/2499/1227 4035/2487/2419
f 4037/2489/2420 4049/2501/2423 4048/2500/1228 4036/2488/1216
f 4038/2490/1218 4050/2502/2424 4049/2501/2423 4037/2489/2420
f 4039/2491/1219 4051/2503/2425 4050/2502/2424 4038/2490/1218
f 4040/2492/2421 4052/2504/2426 4051/2503/2425 4039/2491/1219
f 4041/2493/1221 4053/2505/1233 4052/2504/2426 4040/2492/2421
f 4042/2494/2422 4054/2506/1234 4053/2505/1233 4041/2493/1221
f 4043/2495/1223 4055/2507/1235 4054/2506/1234 4042/2494/2422
f 4044/2496/1224 4056/2508/1236 4055/2507/1235 4043/2495/1223
f 4046/2497/1225 4058/661/1237 4057/662/1238 4045/2498/1226
f 4047/2499/1227 4059/663/1239 4058/661/1237 4046/2497/1225
f 4048/2500/1228 4060/664/2427 4059/663/1239 4047/2499/1227
f 4049/2501/2423 4061/665/1241 4060/664/2427 4048/2500/1228
f 4050/2502/2424 4062/666/1242 4061/665/1241 4049/2501/2423
f 4051/2503/2425 4063/667/1243 4062/666/1242 4050/2502/2424
f 4052/2504/2426 4064/668/1244 4063/667/1243 4051/2503/2425
f 4053/2505/1233 4065/669/2428 4064/668/1244 4052/2504/2426
f 4054/2506/1234 4066/670/1246 4065/669/2428 4053/2505/1233
f 4055/2507/1235 4067/671/1247 4066/670/1246 4054/2506/1234
f 4056/2508/1236 4068/672/1248 4067/671/1247 4055/2507/1235
f 4058/661/1237 4070/231/1249 4069/126/1250 4057/662/1238
f 4059/663/1239 4071/232/2429 4070/231/1249 4058/661/1237
f 4060/664/2427 4072/233/1252 4071/232/2429 4059/663/1239
f 4061/665/1241 4073/234/1253 4072/233/1252 4060/664/2427
f 4062/666/1242 4074/235/1254 4073/234/1253 4061/665/1241
f 4063/667/1243 4075/236/1255 4074/235/1254 4062/666/1242
f 4064/668/1244 4076/237/1256 4075/236/1255 4063/667/1243
f 4065/669/2428 4077/238/1257 4076/237/1256 4064/668/1244
f 4066/670/1246 4078/239/2430 4077/238/1257 4065/669/2428
f 4067/671/1247 4079/240/1259 4078/239/2430 4066/670/1246
f 4068/672/1248 4080/241/1260 4079/240/1259 4067/671/1247
f 4070/231/1249 4082/2509/2431 4081/2510/2432 4069/126/1250
f 4071/232/2429 4083/2511/2433 4082/2509/2431 4070/231/1249
f 4072/233/1252 4084/2512/2434 4083/2511/2433 4071/232/2429
f 4073/234/1253 4085/2513/2435 4084/2512/2434 4072/233/1252
f 4074/235/1254 4086/2514/2436 4085/2513/2435 4073/234/1253
f 4075/236/1255 4087/2515/2437 4086/2514/2436 4074/235/1254
f 4076/237/1256 4088/2516/2438 4087/2515/2437 4075/236/1255
f 4077/238/1257 4089/2517/2439 4088/2516/2438 4076/237/1256
f 4078/239/2430 4090/2518/2440 4089/2517/2439 4077/238/1257
f 4079/240/1259 4091/2519/2441 4090/2518/2440 4078/239/2430
f 4080/241/1260 4092/2520/2442 4091/2519/2441 4079/240/1259
f 4082/2509/2431 4094/2521/2443 4093/2522/2444 4081/2510/2432
f 4083/2511/2433 4095/2523/2445 4094/2521/2443 4082/2509/2431
f 4084/2512/2434 4096/2524/2446 4095/2523/2445 4083/2511/2433
f 4085/2513/2435 4097/2525/2447 4096/2524/2446 4084/2512/2434
f 4086/2514/2436 4098/2526/2448 4097/2525/2447 4085/2513/2435
f 4087/2515/2437 4099/2527/2449 4098/2526/2448 4086/2514/2436
f 4088/2516/2438 4100/2528/2450 4099/2527/2449 4087/2515/2437
f 4089/2517/2439 4101/2529/2451 4100/2528/2450 4088/2516/2438
f 4090/2518/2440 4102/2530/2452 4101/2529/2451 4089/2517/2439
f 4091/2519/2441 4103/2531/2453 4102/2530/2452 4090/2518/2440
f 4092/2520/2442 4104/2532/2454 4103/2531/2453 4091/2519/2441
f 4094/2521/2443 4106/745/1275 4105/746/6 4093/2522/2444
f 4095/2523/2445 4107/747/1276 4106/745/1275 4094/2521/2443
f 4096/2524/2446 4108/748/2265 4107/747/1276 4095/2523/2445
f 4097/2525/2447 4109/749/1278 4108/748/2265 4096/2524/2446
f 4098/2526/2448 4110/750/1279 4109/749/1278 4097/2525/2447
f 4099/2527/2449 4111/751/1280 4110/750/1279 4098/2526/2448
f 4100/2528/2450 4112/752/1281 4111/751/1280 4099/2527/2449
f 4101/2529/2451 4113/753/2266 4112/752/1281 4100/2528/2450
f 4102/2530/2452 4114/754/1283 4113/753/2266 4101/2529/2451
f 4103/2531/2453 4115/755/1284 4114/754/1283 4102/2530/2452
f 4104/2532/2454 4116/756/25 4115/755/1284 4103/2531/2453
f 4106/745/1275 4118/2533/1285 4117/2534/1286 4105/746/6
f 4107/747/1276 4119/2535/2455 4118/2533/1285 4106/745/1275
f 4108/748/2265 4120/2536/1288 4119/2535/2455 4107/747/1276
f 4109/749/1278 4121/2537/2456 4120/2536/1288 4108/748/2265
f 4110/750/1279 4122/2538/1290 4121/2537/2456 4109/749/1278
f 4111/751/1280 4123/2539/1291 4122/2538/1290 4110/750/1279
f 4112/752/1281 4124/2540/2457 4123/2539/1291 4111/751/1280
f 4113/753/2266 4125/2541/1293 4124/2540/2457 4112/752/1281
f 4114/754/1283 4126/2542/2458 4125/2541/1293 4113/753/2266
f 4115/755/1284 4127/2543/1295 4126/2542/2458 4114/754/1283
f 4116/756/25 4128/2544/1296 4127/2543/1295 4115/755/1284
f 4118/2533/1285 4130/2545/2459 4129/2546/2460 4117/2534/1286
f 4119/2535/2455 4131/2547/2461 4130/2545/2459 4118/2533/1285
f 4120/2536/1288 4132/2548/2462 4131/2547/2461 4119/2535/2455
f 4121/2537/2456 4133/2549/2463 4132/2548/2462 4120/2536/1288
f 4122/2538/1290 4134/2550/2464 4133/2549/2463 4121/2537/2456
f 4123/2539/1291 4135/2551/2465 4134/2550/2464 4122/2538/1290
f 4124/2540/2457 4136/2552/2466 4135/2551/2465 4123/2539/1291
f 4125/2541/1293 4137/2553/2467 4136/2552/2466 4124/2540/2457
f 4126/2542/2458 4138/2554/2468 4137/2553/2467 4125/2541/1293
f 4127/2543/1295 4139/2555/2469 4138/2554/2468 4126/2542/2458
f 4128/2544/1296 4140/2556/2470 4139/2555/2469 4127/2543/1295
f 4130/2545/2459 4142/2557/2471 4141/2558/2472 4129/2546/2460
f 4131/2547/2461 4143/2559/2473 4142/2557/2471 4130/2545/2459
f 4132/2548/2462 4144/2560/2474 4143/2559/2473 4131/2547/2461
f 4133/2549/2463 4145/2561/2475 4144/2560/2474 4132/2548/2462
f 4134/2550/2464 4146/2562/2476 4145/2561/2475 4133/2549/2463
f 4135/2551/2465 4147/2563/2477 4146/2562/2476 4134/2550/2464
f 4136/2552/2466 4148/2564/2478 4147/2563/2477 4135/2551/2465
f 4137/2553/2467 4149/2565/2479 4148/2564/2478 4136/2552/2466
f 4138/2554/2468 4150/2566/2480 4149/2565/2479 4137/2553/2467
f 4139/2555/2469 4151/2567/2481 4150/2566/2480 4138/2554/2468
f 4140/2556/2470 4152/2568/2482 4151/2567/2481 4139/2555/2469
f 4142/2557/2471 3818/242/2271 3817/6/2274 4141/2558/2472
f 4143/2559/2473 3819/243/2275 3818/242/2271 4142/2557/2471
f 4144/2560/2474 3820/244/2277 3819/243/2275 4143/2559/2473
f 4145/2561/2475 3821/245/2279 3820/244/2277 4144/2560/2474
f 4146/2562/2476 3822/246/2281 3821/245/2279 4145/2561/2475
f 4147/2563/2477 3823/247/2283 3822/246/2281 4146/2562/2476
f 4148/2564/2478 3824/248/2285 3823/247/2283 4147/2563/2477
f 4149/2565/2479 3825/249/2287 3824/248/2285 4148/2564/2478
f 4150/2566/2480 3826/250/2289 3825/249/2287 4149/2565/2479
f 4151/2567/2481 3827/251/2291 3826/250/2289 4150/2566/2480
f 4152/2568/2482 3828/252/2293 3827/251/2291 4151/2567/2481
f 4154/198/1109 4166/199/1275 4165/148/6 4153/8/448
f 4155/200/1110 4167/201/1276 4166/199/1275 4154/198/1109
f 4156/202/2483 4168/203/2265 4167/201/1276 4155/200/1110
f 4157/204/1112 4169/205/1278 4168/203/2265 4156/202/2483
f 4158/206/1113 4170/207/1279 4169/205/1278 4157/204/1112
f 4159/208/1114 4171/209/1280 4170/207/1279 4158/206/1113
f 4160/210/1115 4172/211/1281 4171/209/1280 4159/208/1114
f 4161/212/2484 4173/213/2266 4172/211/1281 4160/210/1115
f 4162/214/1117 4174/215/1283 4173/213/2266 4161/212/2484
f 4163/216/1118 4175/217/1284 4174/215/1283 4162/214/1117
f 4164/218/458 4176/219/25 4175/217/1284 4163/216/1118
f 4166/199/1275 4178/220/1387 4177/134/40 4165/148/6
f 4167/201/1276 4179/221/1388 4178/220/1387 4166/199/1275
f 4168/203/2265 4180/222/2267 4179/221/1388 4167/201/1276
f 4169/205/1278 4181/223/1390 4180/222/2267 4168/203/2265
f 4170/207/1279 4182/224/1391 4181/223/1390 4169/205/1278
f 4171/209/1280 4183/225/1392 4182/224/1391 4170/207/1279
f 4172/211/1281 4184/226/1393 4183/225/1392 4171/209/1280
f 4173/213/2266 4185/227/2268 4184/226/1393 4172/211/1281
f 4174/215/1283 4186/228/1395 4185/227/2268 4173/213/2266
f 4175/217/1284 4187/229/1396 4186/228/1395 4174/215/1283
f 4176/219/25 4188/230/50 4187/229/1396 4175/217/1284
f 4178/220/1387 4190/231/1097 4189/126/1098 4177/134/40
f 4179/221/1388 4191/232/1099 4190/231/1097 4178/220/1387
f 4180/222/2267 4192/233/2485 4191/232/1099 4179/221/1388
f 4181/223/1390 4193/234/1101 4192/233/2485 4180/222/2267
f 4182/224/1391 4194/235/1102 4193/234/1101 4181/223/1390
f 4183/225/1392 4195/236/1103 4194/235/1102 4182/224/1391
f 4184/226/1393 4196/237/1104 4195/236/1103 4183/225/1392
f 4185/227/2268 4197/238/2486 4196/237/1104 4184/226/1393
f 4186/228/1395 4198/239/1106 4197/238/2486 4185/227/2268
f 4187/229/1396 4199/240/1107 4198/239/1106 4186/228/1395
f 4188/230/50 4200/241/1108 4199/240/1107 4187/229/1396
f 4190/231/1097 4154/242/1109 4153/6/448 4189/126/1098
f 4191/232/1099 4155/243/1110 4154/242/1109 4190/231/1097
f 4192/233/2485 4156/244/2483 4155/243/1110 4191/232/1099
f 4193/234/1101 4157/245/1112 4156/244/2483 4192/233/2485
f 4194/235/1102 4158/246/1113 4157/245/1112 4193/234/1101
f 4195/236/1103 4159/247/1114 4158/246/1113 4194/235/1102
f 4196/237/1104 4160/248/1115 4159/247/1114 4195/236/1103
f 4197/238/2486 4161/249/2484 4160/248/1115 4196/237/1104
f 4198/239/1106 4162/250/1117 4161/249/2484 4197/238/2486
f 4199/240/1107 4163/251/1118 4162/250/1117 4198/239/1106
f 4200/241/1108 4164/252/458 4163/251/1118 4199/240/1107
